2025-05-27 13:52:26.444,1.4,nan,-0.1,0.1,00:00:00,0.0,0.8,-0.7,208.0
2025-05-27 13:52:27.439,1.4,nan,-0.1,0.1,00:00:00,0.0,0.8,-0.7,208.0
2025-05-27 13:52:28.449,1.2,nan,-0.1,0.1,00:00:00,0.0,0.9,-0.6,208.0
2025-05-27 13:52:29.439,1.5,nan,-0.1,0.1,00:00:00,0.0,0.8,-0.7,208.0
2025-05-27 13:52:30.442,1.6,nan,-0.0,0.1,00:00:00,0.0,0.8,-0.6,208.0
2025-05-27 13:52:31.451,1.6,nan,-0.0,0.1,00:00:00,0.0,0.8,-0.6,208.0
2025-05-27 13:52:32.441,1.6,nan,-0.0,0.1,00:00:00,0.0,0.7,-0.6,208.0
2025-05-27 13:52:33.439,1.6,nan,-0.0,0.1,00:00:00,0.0,0.7,-0.6,208.0
2025-05-27 13:52:34.442,1.0,nan,-0.0,0.1,00:00:00,0.0,0.8,-0.6,208.0
2025-05-27 13:52:35.439,1.0,nan,-0.0,0.1,00:00:00,0.0,0.7,-0.6,208.0
2025-05-27 13:52:36.442,1.6,nan,0.0,0.1,00:00:00,0.0,0.8,-0.6,208.0
2025-05-27 13:52:37.438,1.4,nan,-0.0,0.1,00:00:00,0.0,0.7,-0.6,208.0
2025-05-27 13:52:38.440,0.9,nan,0.0,0.1,00:00:00,0.0,0.7,-0.6,208.0
2025-05-27 13:52:39.438,1.3,nan,0.0,0.1,00:00:00,0.0,0.7,-0.6,208.0
2025-05-27 13:52:40.438,1.3,nan,-0.0,0.1,00:00:00,0.0,0.6,-0.6,208.0
2025-05-27 13:52:41.440,1.6,nan,-0.0,0.1,00:00:00,0.0,0.6,-0.6,208.0
2025-05-27 13:52:42.441,1.3,nan,-0.0,0.1,00:00:00,0.0,0.5,-0.6,208.0
2025-05-27 13:52:43.440,1.3,nan,-0.0,0.1,00:00:00,0.0,0.6,-0.6,208.0
2025-05-27 13:52:44.440,1.3,nan,0.0,0.1,00:00:00,0.0,0.6,-0.6,208.0
2025-05-27 13:52:45.440,1.1,nan,0.0,0.1,00:00:00,0.0,0.7,-0.6,208.0
2025-05-27 13:52:46.440,1.3,nan,0.0,0.1,00:00:00,0.0,0.7,-0.6,209.0
2025-05-27 13:52:47.441,1.2,nan,-0.0,0.1,00:00:00,0.0,0.8,-0.6,209.0
2025-05-27 13:52:48.440,1.9,nan,-0.0,0.1,00:00:00,0.0,0.8,-0.6,209.0
2025-05-27 13:52:49.442,1.9,nan,-0.0,0.1,00:00:00,0.0,0.8,-0.6,209.0
2025-05-27 13:52:50.438,2.0,nan,-0.0,0.1,00:00:00,0.0,0.8,-0.6,209.0
2025-05-27 13:52:51.442,0.7,nan,-0.0,0.1,00:00:00,0.0,0.8,-0.6,209.0
2025-05-27 13:52:52.438,1.3,nan,-0.0,0.1,00:00:00,0.0,0.8,-0.6,209.0
2025-05-27 13:52:53.442,0.9,nan,-0.0,0.1,00:00:00,0.0,0.8,-0.6,209.0
2025-05-27 13:52:54.438,1.4,nan,-0.0,0.1,00:00:00,0.0,0.8,-0.6,209.0
2025-05-27 13:52:55.441,1.7,nan,-0.0,0.1,00:00:00,0.0,0.8,-0.7,209.0
2025-05-27 13:52:56.438,1.6,nan,-0.0,0.1,00:00:00,0.0,0.8,-0.7,209.0
2025-05-27 13:52:58.404,1.6,nan,-0.0,0.1,00:00:00,0.0,0.8,-0.7,209.0
2025-05-27 13:52:58.549,1.5,nan,-0.0,0.1,00:00:00,0.0,0.8,-0.7,209.0
2025-05-27 13:52:59.439,1.0,nan,-0.0,0.1,00:00:00,0.0,0.8,-0.7,209.0
2025-05-27 13:53:00.440,1.9,nan,-0.0,0.1,00:00:00,0.0,0.9,-0.6,209.0
2025-05-27 13:53:01.440,0.9,nan,-0.0,0.1,00:00:00,0.0,0.9,-0.6,209.0
2025-05-27 13:53:02.439,1.6,nan,-0.0,0.1,00:00:00,0.0,0.9,-0.5,208.0
2025-05-27 13:53:03.440,1.4,nan,-0.0,0.1,00:00:00,0.0,0.9,-0.6,208.0
2025-05-27 13:53:04.438,1.8,nan,-0.0,0.1,00:00:00,0.0,0.9,-0.6,209.0
2025-05-27 13:53:05.440,1.7,nan,-0.0,0.1,00:00:00,0.0,0.9,-0.6,209.0
2025-05-27 13:53:06.438,1.8,nan,0.0,0.1,00:00:00,0.0,1.0,-0.7,208.0
2025-05-27 13:53:07.438,2.2,nan,0.0,0.1,00:00:00,0.0,0.9,-0.7,209.0
2025-05-27 13:53:08.457,1.3,nan,0.0,0.1,00:00:00,0.0,1.0,-0.7,209.0
2025-05-27 13:53:09.441,1.3,nan,0.0,0.1,00:00:00,0.0,1.0,-0.7,209.0
2025-05-27 13:53:10.440,1.0,nan,0.0,0.1,00:00:00,0.0,0.9,-0.7,209.0
2025-05-27 13:53:11.441,1.4,nan,0.0,0.1,00:00:00,0.0,0.9,-0.6,209.0
2025-05-27 13:53:12.439,1.6,nan,0.0,0.1,00:00:00,0.0,0.9,-0.6,209.0
2025-05-27 13:53:13.440,1.5,nan,0.0,0.1,00:00:00,0.0,0.9,-0.6,209.0
2025-05-27 13:53:14.438,1.8,nan,0.0,0.1,00:00:00,0.0,0.9,-0.6,209.0
2025-05-27 13:53:15.438,1.4,nan,0.0,0.1,00:00:00,0.0,0.9,-0.7,209.0
2025-05-27 13:53:16.440,2.1,nan,0.0,0.1,00:00:00,0.0,1.0,-0.7,209.0
2025-05-27 13:53:17.439,1.1,nan,0.0,0.1,00:00:00,0.0,1.0,-0.7,209.0
2025-05-27 13:53:18.439,1.7,nan,0.0,0.1,00:00:00,0.0,0.9,-0.7,209.0
2025-05-27 13:53:19.442,1.5,nan,0.0,0.1,00:00:00,0.0,0.9,-0.7,209.0
2025-05-27 13:53:20.439,1.5,nan,0.0,0.1,00:00:00,0.0,0.9,-0.7,209.0
2025-05-27 13:53:21.439,1.9,nan,0.0,0.1,00:00:00,0.0,0.9,-0.6,209.0
2025-05-27 13:53:22.457,1.7,nan,0.0,0.1,00:00:00,0.0,0.9,-0.6,209.0
2025-05-27 13:53:23.447,1.9,nan,0.0,0.1,00:00:00,0.0,0.9,-0.6,209.0
2025-05-27 13:53:24.439,2.0,nan,0.0,0.1,00:00:00,0.0,0.9,-0.6,209.0
2025-05-27 13:53:25.438,2.0,nan,0.0,0.1,00:00:00,0.0,0.9,-0.6,209.0
2025-05-27 13:53:26.440,1.9,nan,0.0,0.1,00:00:00,0.0,0.9,-0.6,209.0
2025-05-27 13:53:27.440,1.8,nan,0.0,0.1,00:00:00,0.0,1.0,-0.6,209.0
2025-05-27 13:53:28.439,2.0,nan,0.0,0.1,00:00:00,0.0,0.9,-0.6,209.0
2025-05-27 13:53:29.462,1.9,nan,0.0,0.1,00:00:00,0.0,0.9,-0.7,209.0
2025-05-27 13:53:30.440,2.6,nan,0.0,0.1,00:00:00,0.0,0.9,-0.7,209.0
2025-05-27 13:53:31.439,1.8,nan,0.0,0.1,00:00:00,0.0,0.9,-0.7,209.0
2025-05-27 13:53:32.441,1.7,nan,0.0,0.1,00:00:00,0.0,0.9,-0.6,209.0
2025-05-27 13:53:33.439,2.2,nan,0.0,0.1,00:00:00,0.0,0.9,-0.6,209.0
2025-05-27 13:53:34.440,2.1,nan,0.0,0.1,00:00:00,0.0,0.9,-0.7,209.0
2025-05-27 13:53:35.438,1.7,nan,0.0,0.1,00:00:00,0.0,0.9,-0.6,209.0
2025-05-27 13:53:36.630,1.4,nan,0.0,0.1,00:00:00,0.0,1.0,-0.6,209.0
2025-05-27 13:53:37.438,2.0,nan,-0.0,0.1,00:00:00,0.0,1.0,-0.6,209.0
2025-05-27 13:53:38.440,1.2,nan,-0.0,0.1,00:00:00,0.0,1.1,-0.6,209.0
2025-05-27 13:53:39.439,1.9,nan,-0.0,0.1,00:00:00,0.0,1.1,-0.7,209.0
2025-05-27 13:53:40.440,1.5,nan,-0.0,0.1,00:00:00,0.0,1.2,-0.7,209.0
2025-05-27 13:53:41.440,1.5,nan,-0.0,0.2,00:00:00,0.0,1.2,-0.7,209.0
2025-05-27 13:53:42.438,2.0,nan,-0.0,0.2,00:00:00,0.0,1.1,-0.7,209.0
2025-05-27 13:53:43.438,1.1,nan,-0.0,0.2,00:00:00,0.0,1.1,-0.7,209.0
2025-05-27 13:53:44.440,1.8,nan,-0.0,0.2,00:00:00,0.0,1.0,-0.7,209.0
2025-05-27 13:53:45.438,1.3,nan,-0.1,0.2,00:00:00,0.0,0.9,-0.7,209.0
2025-05-27 13:53:46.440,1.3,nan,-0.1,0.1,00:00:00,0.0,0.9,-0.7,209.0
2025-05-27 13:53:47.439,1.6,nan,-0.1,0.1,00:00:00,0.0,0.9,-0.7,209.0
2025-05-27 13:53:48.438,2.0,nan,-0.1,0.1,00:00:00,0.0,0.9,-0.7,209.0
2025-05-27 13:53:49.465,1.7,nan,-0.1,0.1,00:00:00,0.0,0.8,-0.6,209.0
2025-05-27 13:53:50.441,1.5,nan,-0.0,0.1,00:00:00,0.0,0.8,-0.6,209.0
2025-05-27 13:53:51.457,1.2,nan,-0.0,0.1,00:00:00,0.0,0.8,-0.6,209.0
2025-05-27 13:53:52.469,2.2,nan,-0.0,0.1,00:00:00,0.0,0.9,-0.6,209.0
2025-05-27 13:53:53.440,1.6,nan,-0.0,0.1,00:00:00,0.0,0.9,-0.6,209.0
2025-05-27 13:53:54.439,1.8,nan,0.0,0.1,00:00:00,0.0,0.9,-0.6,209.0
2025-05-27 13:53:55.439,1.5,nan,0.0,0.1,00:00:00,0.0,0.9,-0.5,210.0
2025-05-27 13:53:56.439,1.6,nan,0.0,0.1,00:00:00,0.0,0.9,-0.5,209.0
2025-05-27 13:53:57.440,1.1,nan,0.0,0.1,00:00:00,0.0,0.9,-0.6,209.0
2025-05-27 13:53:58.444,2.0,nan,0.0,0.1,00:00:00,0.0,0.9,-0.6,210.0
2025-05-27 13:53:59.439,1.8,nan,0.0,0.1,00:00:00,0.0,0.9,-0.6,210.0
2025-05-27 13:54:00.440,1.8,nan,0.0,0.1,00:00:00,0.0,0.9,-0.6,210.0
2025-05-27 13:54:01.439,2.1,nan,0.0,0.1,00:00:00,0.0,0.9,-0.6,210.0
2025-05-27 13:54:02.440,1.7,nan,0.0,0.1,00:00:00,0.0,1.0,-0.7,210.0
2025-05-27 13:54:03.441,2.3,nan,0.0,0.1,00:00:00,0.0,1.0,-0.8,210.0
2025-05-27 13:54:04.449,1.5,nan,0.0,0.1,00:00:00,0.0,1.0,-0.8,210.0
2025-05-27 13:54:05.451,1.9,nan,-0.0,0.1,00:00:00,0.0,1.0,-0.8,210.0
2025-05-27 13:54:06.439,2.4,nan,-0.0,0.2,00:00:00,0.0,1.1,-0.8,210.0
2025-05-27 13:54:07.439,2.1,nan,-0.0,0.2,00:00:00,0.0,1.1,-0.8,210.0
2025-05-27 13:54:08.440,1.4,nan,0.0,0.1,00:00:00,0.0,1.1,-0.7,210.0
2025-05-27 13:54:09.441,1.8,nan,0.0,0.1,00:00:00,0.0,1.1,-0.7,210.0
2025-05-27 13:54:10.440,2.1,nan,0.0,0.1,00:00:00,0.0,1.0,-0.7,210.0
2025-05-27 13:54:11.438,1.6,nan,0.0,0.1,00:00:00,0.0,-0.1,-2.4,210.0
2025-05-27 13:54:12.439,1.7,nan,0.0,0.1,00:00:00,0.0,1.0,-1.1,217.0
2025-05-27 13:54:13.441,1.2,nan,0.0,0.2,00:00:00,0.0,0.8,-1.7,216.0
2025-05-27 13:54:14.438,1.4,nan,0.0,0.2,00:00:00,0.0,0.8,-1.4,216.0
2025-05-27 13:54:15.438,1.8,nan,0.0,0.3,00:00:00,0.0,0.8,-1.4,216.0
2025-05-27 13:54:16.440,2.3,nan,0.0,0.3,00:00:00,0.0,0.9,-1.3,216.0
2025-05-27 13:54:17.455,1.8,nan,-0.0,0.2,00:00:00,0.0,0.9,-1.1,216.0
2025-05-27 13:54:18.440,1.6,nan,-0.0,0.2,00:00:00,0.0,0.9,-1.0,216.0
2025-05-27 13:54:19.441,1.9,nan,-0.0,0.1,00:00:00,0.0,0.8,-1.0,216.0
2025-05-27 13:54:20.440,1.8,nan,-0.0,0.1,00:00:00,0.0,0.8,-0.9,216.0
2025-05-27 13:54:21.440,1.5,nan,-0.0,0.1,00:00:00,0.0,0.8,-0.9,216.0
2025-05-27 13:54:22.440,1.8,nan,-0.0,0.1,00:00:00,0.0,0.9,-0.9,216.0
2025-05-27 13:54:23.441,1.8,nan,-0.0,0.1,00:00:00,0.0,0.8,-0.9,216.0
2025-05-27 13:54:24.440,0.9,nan,-0.0,0.1,00:00:00,0.0,0.8,-0.9,216.0
2025-05-27 13:54:25.441,1.7,nan,-0.0,0.1,00:00:00,0.0,0.8,-0.9,216.0
2025-05-27 13:54:26.441,2.0,nan,-0.0,0.1,00:00:00,0.0,0.8,-0.9,216.0
2025-05-27 13:54:27.438,1.0,nan,-0.0,0.1,00:00:00,0.0,0.8,-0.9,216.0
2025-05-27 13:54:28.442,1.9,nan,-0.0,0.1,00:00:00,0.0,0.7,-0.9,216.0
2025-05-27 13:54:29.440,1.8,nan,-0.0,0.1,00:00:00,0.0,0.7,-0.9,216.0
2025-05-27 13:54:30.443,1.7,nan,-0.0,0.1,00:00:00,0.0,0.7,-0.9,216.0
2025-05-27 13:54:31.440,1.8,nan,-0.0,0.1,00:00:00,0.0,0.7,-0.8,216.0
2025-05-27 13:54:32.439,1.7,nan,-0.0,0.1,00:00:00,0.0,0.7,-0.9,216.0
2025-05-27 13:54:33.443,1.6,nan,0.0,0.1,00:00:00,0.0,0.8,-0.8,216.0
2025-05-27 13:54:34.438,2.0,nan,-0.0,0.1,00:00:00,0.0,0.8,-0.8,216.0
2025-05-27 13:54:35.442,2.0,nan,-0.0,0.1,00:00:00,0.0,0.8,-0.8,216.0
2025-05-27 13:54:36.443,1.9,nan,-0.0,0.1,00:00:00,0.0,0.8,-0.8,216.0
2025-05-27 13:54:37.438,2.2,nan,-0.0,0.0,00:00:00,0.0,0.7,-0.8,216.0
2025-05-27 13:54:38.441,2.0,nan,0.0,0.0,00:00:00,0.0,0.8,-0.7,216.0
2025-05-27 13:54:39.439,1.8,nan,0.0,0.0,00:00:00,0.0,0.8,-0.8,216.0
2025-05-27 13:54:40.444,1.5,nan,0.0,0.0,00:00:00,0.0,0.8,-0.8,216.0
2025-05-27 13:54:41.439,2.0,nan,0.0,0.0,00:00:00,0.0,0.9,-0.8,216.0
2025-05-27 13:54:42.442,1.7,nan,0.0,0.1,00:00:00,0.0,0.9,-0.9,216.0
2025-05-27 13:54:43.441,1.9,nan,0.0,0.1,00:00:00,0.0,0.9,-0.9,216.0
2025-05-27 13:54:44.438,1.9,nan,0.0,0.1,00:00:00,0.0,0.9,-0.9,216.0
2025-05-27 13:54:45.438,2.4,nan,0.0,0.1,00:00:00,0.0,0.9,-0.9,216.0
2025-05-27 13:54:46.438,2.0,nan,0.0,0.1,00:00:00,0.0,1.0,-0.9,216.0
2025-05-27 13:54:47.438,2.3,nan,0.0,0.1,00:00:00,0.0,1.0,-1.0,216.0
2025-05-27 13:54:48.439,1.8,nan,0.0,0.1,00:00:00,0.0,1.0,-0.9,216.0
2025-05-27 13:54:49.439,2.7,nan,0.0,0.1,00:00:00,0.0,1.0,-0.9,216.0
2025-05-27 13:54:50.440,2.9,nan,0.0,0.1,00:00:00,0.0,0.9,-0.9,216.0
2025-05-27 13:54:51.440,1.9,nan,0.0,0.1,00:00:00,0.0,0.9,-0.9,216.0
2025-05-27 13:54:52.438,2.2,nan,0.0,0.1,00:00:00,0.0,0.9,-0.9,216.0
2025-05-27 13:54:53.442,1.9,nan,0.0,0.1,00:00:00,0.0,0.9,-0.9,216.0
2025-05-27 13:54:54.439,1.5,nan,-0.0,0.1,00:00:00,0.0,0.9,-0.8,216.0
2025-05-27 13:54:55.441,1.9,nan,-0.0,0.0,00:00:00,0.0,1.0,-0.8,216.0
2025-05-27 13:54:56.440,1.3,nan,-0.0,0.0,00:00:00,0.0,1.0,-0.8,216.0
2025-05-27 13:54:57.440,2.3,nan,-0.0,0.1,00:00:00,0.0,1.0,-0.9,216.0
2025-05-27 13:54:58.441,2.3,nan,-0.0,0.1,00:00:00,0.0,1.0,-0.9,216.0
2025-05-27 13:54:59.442,2.1,nan,-0.0,0.1,00:00:00,0.0,1.0,-0.9,216.0
2025-05-27 13:55:00.441,2.2,nan,-0.0,0.1,00:00:00,0.0,1.0,-0.9,216.0
2025-05-27 13:55:01.438,2.0,nan,-0.0,0.1,00:00:00,0.0,1.0,-0.9,216.0
2025-05-27 13:55:02.441,1.8,nan,-0.0,0.1,00:00:00,0.0,1.0,-0.9,216.0
2025-05-27 13:55:03.440,1.9,nan,-0.0,0.1,00:00:00,0.0,1.0,-0.9,216.0
2025-05-27 13:55:04.441,1.5,nan,-0.0,0.1,00:00:00,0.0,1.0,-0.9,217.0
2025-05-27 13:55:05.441,2.1,nan,0.0,0.1,00:00:00,0.0,1.0,-0.9,216.0
2025-05-27 13:55:06.438,1.8,nan,-0.0,0.1,00:00:00,0.0,1.0,-0.8,217.0
2025-05-27 13:55:07.442,2.4,nan,0.0,0.1,00:00:00,0.0,1.0,-0.8,217.0
2025-05-27 13:55:08.441,1.7,nan,0.0,0.1,00:00:00,0.0,1.0,-0.8,217.0
2025-05-27 13:55:09.441,2.2,nan,0.0,0.1,00:00:00,0.0,0.9,-0.8,217.0
2025-05-27 13:55:10.439,2.0,nan,0.0,0.1,00:00:00,0.0,0.9,-0.9,217.0
2025-05-27 13:55:11.438,1.6,nan,0.0,0.1,00:00:00,0.0,1.0,-0.9,217.0
2025-05-27 13:55:12.442,1.9,nan,0.0,0.1,00:00:00,0.0,1.0,-0.9,217.0
2025-05-27 13:55:13.438,1.8,nan,0.0,0.1,00:00:00,0.0,1.0,-0.9,217.0
2025-05-27 13:55:14.440,2.0,nan,0.0,0.1,00:00:00,0.0,1.0,-0.9,217.0
2025-05-27 13:55:15.438,1.4,nan,0.0,0.1,00:00:00,0.0,1.0,-0.9,217.0
2025-05-27 13:55:16.439,2.0,nan,0.0,0.1,00:00:00,0.0,1.0,-0.9,217.0
2025-05-27 13:55:17.440,1.2,nan,0.0,0.1,00:00:00,0.0,0.9,-0.9,217.0
2025-05-27 13:55:18.439,1.8,nan,0.0,0.1,00:00:00,0.0,0.9,-0.9,217.0
2025-05-27 13:55:19.441,2.6,nan,0.0,0.1,00:00:00,0.0,1.0,-0.8,217.0
2025-05-27 13:55:20.439,1.9,nan,0.0,0.1,00:00:00,0.0,1.0,-0.8,217.0
2025-05-27 13:55:21.442,1.9,nan,0.0,0.1,00:00:00,0.0,0.9,-0.8,217.0
2025-05-27 13:55:22.441,1.5,nan,-0.0,0.1,00:00:00,0.0,0.9,-0.8,217.0
2025-05-27 13:55:23.442,1.4,nan,-0.0,0.0,00:00:00,0.0,0.9,-0.8,217.0
2025-05-27 13:55:24.441,1.8,nan,-0.0,0.0,00:00:00,0.0,0.9,-0.8,217.0
2025-05-27 13:55:25.442,1.8,nan,-0.0,0.1,00:00:00,0.0,0.9,-0.8,217.0
2025-05-27 13:55:26.438,1.8,nan,-0.0,0.0,00:00:00,0.0,0.9,-0.8,217.0
2025-05-27 13:55:27.441,1.9,nan,-0.0,0.0,00:00:00,0.0,0.9,-0.8,217.0
2025-05-27 13:55:28.439,1.8,nan,-0.0,0.0,00:00:00,0.0,0.9,-0.8,217.0
2025-05-27 13:55:29.441,1.9,nan,-0.0,0.0,00:00:00,0.0,0.9,-0.8,217.0
2025-05-27 13:55:30.442,1.5,nan,-0.0,0.1,00:00:00,0.0,0.8,-0.9,217.0
2025-05-27 13:55:31.440,1.5,nan,-0.0,0.1,00:00:00,0.0,0.8,-0.9,217.0
2025-05-27 13:55:32.442,1.4,nan,-0.0,0.1,00:00:00,0.0,0.8,-0.9,217.0
2025-05-27 13:55:33.440,1.3,nan,-0.0,0.1,00:00:00,0.0,0.8,-0.9,217.0
2025-05-27 13:55:34.442,1.3,nan,-0.0,0.1,00:00:00,0.0,0.8,-0.9,217.0
2025-05-27 13:55:35.439,2.2,nan,-0.0,0.1,00:00:00,0.0,0.9,-0.9,217.0
2025-05-27 13:55:36.440,1.7,nan,-0.0,0.1,00:00:00,0.0,0.8,-0.9,217.0
2025-05-27 13:55:37.439,1.3,nan,0.0,0.1,00:00:00,0.0,0.9,-0.9,217.0
2025-05-27 13:55:38.438,1.7,nan,0.0,0.1,00:00:00,0.0,0.9,-0.9,217.0
2025-05-27 13:55:39.441,2.2,nan,0.0,0.1,00:00:00,0.0,0.9,-0.8,217.0
2025-05-27 13:55:40.438,1.7,nan,0.0,0.1,00:00:00,0.0,0.8,-0.8,217.0
2025-05-27 13:55:41.441,1.3,nan,0.0,0.1,00:00:00,0.0,0.7,-0.8,217.0
2025-05-27 13:55:42.442,1.6,nan,0.0,0.1,00:00:00,0.0,0.7,-0.8,217.0
2025-05-27 13:55:43.442,1.8,nan,0.0,0.1,00:00:00,0.0,0.7,-0.8,217.0
2025-05-27 13:55:44.438,2.3,nan,0.0,0.1,00:00:00,0.0,0.7,-0.8,217.0
2025-05-27 13:55:45.442,1.6,nan,0.0,0.1,00:00:00,0.0,0.7,-0.7,216.0
2025-05-27 13:55:46.441,1.8,nan,0.0,0.1,00:00:00,0.0,0.7,-0.7,217.0
2025-05-27 13:55:47.441,1.9,nan,0.0,0.1,00:00:00,0.0,0.7,-0.7,217.0
2025-05-27 13:55:48.439,1.9,nan,0.0,0.1,00:00:00,0.0,0.9,-0.7,217.0
2025-05-27 13:55:49.439,2.3,nan,0.0,0.1,00:00:00,0.0,0.8,-0.7,217.0
2025-05-27 13:55:50.441,2.4,nan,0.0,0.1,00:00:00,0.0,1.0,-0.2,217.0
2025-05-27 13:55:51.438,1.8,nan,0.0,0.1,00:00:00,0.0,0.8,-0.9,216.0
2025-05-27 13:55:52.438,2.8,nan,0.0,0.1,00:00:00,0.0,0.8,-0.9,216.0
2025-05-27 13:55:53.441,2.0,nan,0.0,0.1,00:00:00,0.0,1.2,-0.8,217.0
2025-05-27 13:55:54.438,1.6,nan,0.0,0.1,00:00:00,0.0,1.5,-0.9,216.0
2025-05-27 13:55:55.438,2.5,nan,0.0,0.2,00:00:00,0.0,5.3,-0.6,217.0
2025-05-27 13:55:56.439,1.8,nan,0.1,0.2,00:00:00,0.0,2.1,-0.9,216.0
2025-05-27 13:55:57.443,1.7,nan,0.1,0.2,00:00:00,0.0,1.7,-1.1,216.0
2025-05-27 13:55:58.441,2.1,nan,0.1,0.2,00:00:00,0.0,1.4,-1.1,216.0
2025-05-27 13:55:59.439,1.5,nan,0.1,0.2,00:00:00,0.0,1.4,-1.2,216.0
2025-05-27 13:56:00.439,2.0,nan,0.1,0.2,00:00:00,0.0,1.3,-1.2,216.0
2025-05-27 13:56:01.441,1.8,nan,0.1,0.3,00:00:00,0.0,1.4,-1.1,216.0
2025-05-27 13:56:02.438,2.1,nan,0.1,0.2,00:00:00,0.0,1.3,-1.0,216.0
2025-05-27 13:56:03.438,1.7,nan,0.1,0.2,00:00:00,0.0,1.3,-0.9,216.0
2025-05-27 13:56:04.442,1.7,nan,0.0,0.1,00:00:00,0.0,1.2,-0.8,216.0
2025-05-27 13:56:05.441,2.0,nan,0.0,0.1,00:00:00,0.0,1.2,-0.8,216.0
2025-05-27 13:56:06.439,1.9,nan,0.0,0.0,00:00:00,0.0,1.1,-0.8,216.0
2025-05-27 13:56:07.439,1.8,nan,0.0,0.0,00:00:00,0.0,1.1,-0.7,216.0
2025-05-27 13:56:08.439,2.5,nan,0.0,0.0,00:00:00,0.0,1.1,-0.7,216.0
2025-05-27 13:56:09.438,2.4,nan,0.0,0.0,00:00:00,0.0,1.1,-0.7,216.0
2025-05-27 13:56:10.442,2.0,nan,0.0,0.0,00:00:00,0.0,1.1,-0.7,216.0
2025-05-27 13:56:11.439,2.0,nan,0.0,0.0,00:00:00,0.0,1.1,-0.7,216.0
2025-05-27 13:56:12.442,1.8,nan,-0.0,0.0,00:00:00,0.0,1.1,-0.7,216.0
2025-05-27 13:56:13.442,1.4,nan,-0.0,0.0,00:00:00,0.0,1.0,-0.8,216.0
2025-05-27 13:56:14.439,1.7,nan,-0.0,0.0,00:00:00,0.0,1.0,-0.8,216.0
2025-05-27 13:56:15.439,2.2,nan,-0.0,0.1,00:00:00,0.0,1.0,-0.8,216.0
2025-05-27 13:56:16.443,1.8,nan,-0.0,0.1,00:00:00,0.0,0.9,-0.8,216.0
2025-05-27 13:56:17.440,2.2,nan,-0.0,0.1,00:00:00,0.0,0.9,-0.8,216.0
2025-05-27 13:56:18.441,2.5,nan,-0.0,0.1,00:00:00,0.0,0.9,-0.8,216.0
2025-05-27 13:56:19.442,2.2,nan,-0.0,0.1,00:00:00,0.0,0.9,-0.8,216.0
2025-05-27 13:56:20.438,2.0,nan,-0.0,0.1,00:00:00,0.0,0.9,-0.8,216.0
2025-05-27 13:56:21.438,1.7,nan,-0.0,0.1,00:00:00,0.0,1.0,-0.8,216.0
2025-05-27 13:56:22.441,2.0,nan,-0.0,0.1,00:00:00,0.0,1.0,-0.8,216.0
2025-05-27 13:56:23.441,1.8,nan,-0.0,0.1,00:00:00,0.0,1.0,-0.8,216.0
2025-05-27 13:56:24.441,2.0,nan,-0.0,0.1,00:00:00,0.0,1.0,-0.7,216.0
2025-05-27 13:56:25.441,2.4,nan,-0.0,0.0,00:00:00,0.0,1.0,-0.7,216.0
2025-05-27 13:56:26.439,1.2,nan,-0.0,0.0,00:00:00,0.0,1.0,-0.7,216.0
2025-05-27 13:56:27.439,1.7,nan,-0.0,0.0,00:00:00,0.0,1.0,-0.8,216.0
2025-05-27 13:56:28.438,1.9,nan,-0.0,0.0,00:00:00,0.0,1.0,-0.8,216.0
2025-05-27 13:56:29.439,2.2,nan,0.0,0.1,00:00:00,0.0,1.0,-0.8,216.0
2025-05-27 13:56:30.440,1.6,nan,-0.0,0.0,00:00:00,0.0,1.0,-0.7,216.0
2025-05-27 13:56:31.440,2.5,nan,-0.0,0.0,00:00:00,0.0,1.0,-0.8,216.0
2025-05-27 13:56:32.441,2.4,nan,0.0,0.0,00:00:00,0.0,1.0,-0.8,216.0
2025-05-27 13:56:33.439,2.2,nan,0.0,0.0,00:00:00,0.0,1.1,-0.7,216.0
2025-05-27 13:56:34.440,2.0,nan,0.0,0.0,00:00:00,0.0,1.1,-0.7,216.0
2025-05-27 13:56:35.440,1.8,nan,0.0,0.0,00:00:00,0.0,1.1,-0.7,216.0
2025-05-27 13:56:36.442,2.1,nan,0.0,0.0,00:00:00,0.0,1.2,-0.7,216.0
2025-05-27 13:56:37.438,2.2,nan,0.0,0.1,00:00:00,0.0,1.2,-0.7,216.0
2025-05-27 13:56:38.438,2.4,nan,0.0,0.1,00:00:00,0.0,1.2,-0.7,216.0
2025-05-27 13:56:39.442,1.9,nan,0.0,0.1,00:00:00,0.0,1.1,-0.7,216.0
2025-05-27 13:56:40.442,2.4,nan,0.0,0.1,00:00:00,0.0,1.1,-0.7,216.0
2025-05-27 13:56:41.439,1.8,nan,0.0,0.1,00:00:00,0.0,1.1,-0.8,216.0
2025-05-27 13:56:42.441,1.9,nan,0.0,0.1,00:00:00,0.0,1.0,-0.8,216.0
2025-05-27 13:56:43.438,1.8,nan,-0.0,0.1,00:00:00,0.0,1.0,-0.8,216.0
2025-05-27 13:56:44.439,2.3,nan,-0.0,0.1,00:00:00,0.0,1.0,-0.8,216.0
2025-05-27 13:56:45.442,2.3,nan,-0.0,0.1,00:00:00,0.0,1.0,-0.8,216.0
2025-05-27 13:56:46.439,2.2,nan,-0.0,0.1,00:00:00,0.0,1.0,-0.8,216.0
2025-05-27 13:56:47.438,2.3,nan,0.0,0.1,00:00:00,0.0,1.0,-0.7,216.0
2025-05-27 13:56:48.441,2.3,nan,0.0,0.1,00:00:00,0.0,1.0,-0.7,217.0
2025-05-27 13:56:49.439,1.8,nan,-0.0,0.0,00:00:00,0.0,1.1,-0.7,217.0
2025-05-27 13:56:50.438,2.4,nan,0.0,0.0,00:00:00,0.0,1.1,-0.7,217.0
2025-05-27 13:56:51.438,2.6,nan,0.0,0.0,00:00:00,0.0,1.1,-0.8,217.0
2025-05-27 13:56:52.438,2.3,nan,0.0,0.1,00:00:00,0.0,1.2,-0.8,217.0
2025-05-27 13:56:53.438,2.0,nan,0.0,0.1,00:00:00,0.0,1.2,-0.8,217.0
2025-05-27 13:56:54.439,2.2,nan,-0.0,0.1,00:00:00,0.0,1.1,-0.8,217.0
2025-05-27 13:56:55.440,1.8,nan,0.0,0.1,00:00:00,0.0,1.1,-0.8,217.0
2025-05-27 13:56:56.439,2.5,nan,-0.0,0.1,00:00:00,0.0,1.1,-0.9,217.0
2025-05-27 13:56:57.441,2.0,nan,-0.0,0.1,00:00:00,0.0,1.1,-0.9,217.0
2025-05-27 13:56:58.439,1.9,nan,-0.0,0.1,00:00:00,0.0,1.1,-0.9,217.0
2025-05-27 13:56:59.438,2.9,nan,-0.0,0.1,00:00:00,0.0,1.1,-0.9,217.0
2025-05-27 13:57:00.442,1.9,nan,-0.0,0.1,00:00:00,0.0,1.1,-1.0,217.0
2025-05-27 13:57:01.440,2.0,nan,-0.0,0.1,00:00:00,0.0,1.1,-0.9,217.0
2025-05-27 13:57:02.441,1.8,nan,-0.0,0.1,00:00:00,0.0,1.1,-0.9,217.0
2025-05-27 13:57:03.438,1.9,nan,-0.0,0.1,00:00:00,0.0,1.1,-0.9,217.0
2025-05-27 13:57:04.438,1.8,nan,-0.0,0.1,00:00:00,0.0,1.0,-0.8,217.0
2025-05-27 13:57:05.442,2.1,nan,-0.0,0.1,00:00:00,0.0,1.0,-0.8,217.0
2025-05-27 13:57:06.438,2.8,nan,0.0,0.1,00:00:00,0.0,1.0,-0.7,217.0
2025-05-27 13:57:07.441,2.1,nan,0.0,0.0,00:00:00,0.0,1.1,-0.7,217.0
2025-05-27 13:57:08.454,2.3,nan,0.1,0.0,00:00:00,0.0,1.1,-0.7,217.0
2025-05-27 13:57:09.438,2.0,nan,0.1,0.1,00:00:00,0.0,1.2,-0.7,217.0
2025-05-27 13:57:10.438,2.4,nan,0.1,0.1,00:00:00,0.0,1.2,-0.7,217.0
2025-05-27 13:57:11.443,2.5,nan,0.0,0.1,00:00:00,0.0,1.2,-0.8,217.0
2025-05-27 13:57:12.440,2.1,nan,0.0,0.1,00:00:00,0.0,1.3,-0.8,217.0
2025-05-27 13:57:13.439,2.9,nan,0.0,0.1,00:00:00,0.0,1.2,-0.8,217.0
2025-05-27 13:57:14.442,2.3,nan,0.0,0.1,00:00:00,0.0,1.2,-0.8,217.0
2025-05-27 13:57:15.440,2.2,nan,0.0,0.1,00:00:00,0.0,1.1,-0.8,217.0
2025-05-27 13:57:16.441,2.5,nan,0.0,0.1,00:00:00,0.0,1.1,-0.8,217.0
2025-05-27 13:57:17.438,2.6,nan,-0.0,0.1,00:00:00,0.0,1.0,-0.8,217.0
2025-05-27 13:57:18.439,2.2,nan,0.0,0.1,00:00:00,0.0,1.0,-0.8,217.0
2025-05-27 13:57:19.441,2.9,nan,0.0,0.1,00:00:00,0.0,1.0,-0.8,217.0
2025-05-27 13:57:20.441,2.6,nan,0.0,0.1,00:00:00,0.0,1.0,-0.8,217.0
2025-05-27 13:57:21.438,2.6,nan,0.0,0.1,00:00:00,0.0,1.0,-0.8,217.0
2025-05-27 13:57:22.440,2.4,nan,0.0,0.1,00:00:00,0.0,0.9,-0.9,217.0
2025-05-27 13:57:23.439,2.0,nan,0.0,0.1,00:00:00,0.0,1.0,-0.8,217.0
2025-05-27 13:57:24.439,2.2,nan,-0.0,0.1,00:00:00,0.0,1.0,-0.8,217.0
2025-05-27 13:57:25.438,2.0,nan,-0.0,0.1,00:00:00,0.0,1.0,-0.8,217.0
2025-05-27 13:57:26.438,2.2,nan,-0.0,0.1,00:00:00,0.0,1.0,-0.8,218.0
2025-05-27 13:57:27.441,2.1,nan,-0.0,0.1,00:00:00,0.0,1.0,-0.8,218.0
2025-05-27 13:57:28.441,1.8,nan,-0.0,0.1,00:00:00,0.0,1.0,-0.8,218.0
2025-05-27 13:57:29.440,2.1,nan,-0.0,0.0,00:00:00,0.0,1.0,-0.8,218.0
2025-05-27 13:57:30.438,2.9,nan,-0.0,0.0,00:00:00,0.0,1.0,-0.7,218.0
2025-05-27 13:57:31.441,2.2,nan,-0.0,0.0,00:00:00,0.0,1.0,-0.7,218.0
2025-05-27 13:57:32.439,2.6,nan,-0.0,0.0,00:00:00,0.0,1.0,-0.7,218.0
2025-05-27 13:57:33.439,2.4,nan,-0.0,0.1,00:00:00,0.0,1.0,-0.8,218.0
2025-05-27 13:57:34.440,2.7,nan,-0.0,0.1,00:00:00,0.0,0.9,-0.8,218.0
2025-05-27 13:57:35.440,1.8,nan,-0.1,0.1,00:00:00,0.0,1.0,-0.8,218.0
2025-05-27 13:57:36.440,2.9,nan,-0.1,0.1,00:00:00,0.0,1.0,-0.8,218.0
2025-05-27 13:57:37.439,2.6,nan,-0.1,0.1,00:00:00,0.0,1.0,-0.8,218.0
2025-05-27 13:57:38.442,2.6,nan,-0.1,0.1,00:00:00,0.0,1.0,-0.8,218.0
2025-05-27 13:57:39.439,2.2,nan,-0.0,0.1,00:00:00,0.0,1.0,-0.7,218.0
2025-05-27 13:57:40.441,2.6,nan,-0.0,0.1,00:00:00,0.0,1.1,-0.7,218.0
2025-05-27 13:57:41.441,2.7,nan,-0.0,0.1,00:00:00,0.0,1.1,-0.8,218.0
2025-05-27 13:57:42.442,2.2,nan,-0.0,0.1,00:00:00,0.0,1.1,-0.8,218.0
2025-05-27 13:57:43.440,2.7,nan,-0.0,0.1,00:00:00,0.0,1.2,-0.8,218.0
2025-05-27 13:57:44.440,3.1,nan,-0.0,0.1,00:00:00,0.0,1.1,-0.8,218.0
2025-05-27 13:57:45.441,2.5,nan,0.0,0.1,00:00:00,0.0,1.2,-0.8,218.0
2025-05-27 13:57:46.439,2.4,nan,0.0,0.1,00:00:00,0.0,1.2,-0.9,218.0
2025-05-27 13:57:47.441,2.5,nan,0.0,0.1,00:00:00,0.0,1.2,-0.9,218.0
2025-05-27 13:57:48.443,2.8,nan,0.0,0.1,00:00:00,0.0,1.2,-0.8,218.0
2025-05-27 13:57:49.438,2.0,nan,0.0,0.1,00:00:00,0.0,1.2,-0.8,218.0
2025-05-27 13:57:50.440,2.6,nan,0.0,0.1,00:00:00,0.0,1.2,-0.8,218.0
2025-05-27 13:57:51.438,2.8,nan,-0.0,0.1,00:00:00,0.0,1.2,-0.8,218.0
2025-05-27 13:57:52.438,2.7,nan,-0.0,0.1,00:00:00,0.0,1.1,-0.7,218.0
2025-05-27 13:57:53.439,2.6,nan,-0.0,0.1,00:00:00,0.0,1.1,-0.8,218.0
2025-05-27 13:57:54.440,2.6,nan,-0.0,0.1,00:00:00,0.0,1.1,-0.8,218.0
2025-05-27 13:57:55.439,2.3,nan,0.0,0.1,00:00:00,0.0,1.0,-0.8,218.0
2025-05-27 13:57:56.439,2.5,nan,0.0,0.1,00:00:00,0.0,1.1,-0.8,218.0
2025-05-27 13:57:57.440,2.2,nan,-0.0,0.0,00:00:00,0.0,1.0,-0.8,218.0
2025-05-27 13:57:58.439,2.7,nan,-0.0,0.1,00:00:00,0.0,1.0,-0.8,218.0
2025-05-27 13:57:59.438,2.4,nan,-0.0,0.1,00:00:00,0.0,1.0,-0.8,218.0
2025-05-27 13:58:00.442,2.8,nan,0.0,0.1,00:00:00,0.0,1.1,-0.8,218.0
2025-05-27 13:58:01.441,2.4,nan,-0.0,0.1,00:00:00,0.0,1.1,-0.9,218.0
2025-05-27 13:58:02.438,2.2,nan,-0.0,0.1,00:00:00,0.0,1.1,-0.9,218.0
2025-05-27 13:58:03.439,2.2,nan,-0.0,0.1,00:00:00,0.0,1.2,-0.8,218.0
2025-05-27 13:58:04.438,2.9,nan,-0.0,0.1,00:00:00,0.0,1.2,-0.8,218.0
2025-05-27 13:58:05.439,2.9,nan,-0.0,0.1,00:00:00,0.0,1.2,-0.8,218.0
2025-05-27 13:58:06.441,2.4,nan,-0.0,0.1,00:00:00,0.0,1.2,-0.9,218.0
2025-05-27 13:58:07.441,2.4,nan,-0.0,0.1,00:00:00,0.0,1.2,-0.9,218.0
2025-05-27 13:58:08.441,2.1,nan,-0.0,0.1,00:00:00,0.0,1.2,-0.9,218.0
2025-05-27 13:58:09.441,3.3,nan,-0.0,0.1,00:00:00,0.0,1.1,-0.9,218.0
2025-05-27 13:58:10.441,2.5,nan,-0.0,0.1,00:00:00,0.0,1.2,-0.9,218.0
2025-05-27 13:58:11.439,2.4,nan,-0.0,0.1,00:00:00,0.0,1.2,-0.9,218.0
2025-05-27 13:58:12.438,2.1,nan,0.0,0.1,00:00:00,0.0,1.2,-0.9,218.0
2025-05-27 13:58:13.440,2.3,nan,-0.0,0.1,00:00:00,0.0,1.2,-0.9,218.0
2025-05-27 13:58:14.441,2.9,nan,-0.0,0.1,00:00:00,0.0,1.1,-0.8,218.0
2025-05-27 13:58:15.439,1.8,nan,0.0,0.1,00:00:00,0.0,1.1,-0.8,218.0
2025-05-27 13:58:16.438,2.4,nan,-0.0,0.1,00:00:00,0.0,1.1,-0.8,218.0
2025-05-27 13:58:17.441,2.4,nan,-0.0,0.1,00:00:00,0.0,1.0,-0.8,218.0
2025-05-27 13:58:18.442,2.5,nan,-0.0,0.1,00:00:00,0.0,1.1,-0.8,218.0
2025-05-27 13:58:19.438,2.7,nan,-0.0,0.1,00:00:00,0.0,1.0,-0.8,218.0
2025-05-27 13:58:20.438,1.9,nan,-0.0,0.1,00:00:00,0.0,1.1,-0.9,218.0
2025-05-27 13:58:21.438,2.4,nan,-0.0,0.1,00:00:00,0.0,1.1,-0.8,218.0
2025-05-27 13:58:22.440,2.9,nan,-0.0,0.1,00:00:00,0.0,1.1,-0.8,218.0
2025-05-27 13:58:23.439,2.0,nan,-0.0,0.1,00:00:00,0.0,1.1,-0.8,218.0
2025-05-27 13:58:24.441,2.2,nan,-0.0,0.1,00:00:00,0.0,1.1,-0.7,218.0
2025-05-27 13:58:25.440,2.5,nan,-0.0,0.0,00:00:00,0.0,1.0,-0.7,218.0
2025-05-27 13:58:26.440,2.5,nan,-0.0,0.0,00:00:00,0.0,1.0,-0.7,218.0
2025-05-27 13:58:27.440,2.0,nan,0.0,0.0,00:00:00,0.0,1.0,-0.7,218.0
2025-05-27 13:58:28.441,2.2,nan,0.0,0.0,00:00:00,0.0,1.0,-0.7,218.0
2025-05-27 13:58:29.441,2.6,nan,0.0,0.0,00:00:00,0.0,1.0,-0.8,218.0
2025-05-27 13:58:30.439,2.2,nan,0.0,0.1,00:00:00,0.0,1.0,-0.8,218.0
2025-05-27 13:58:31.440,1.9,nan,-0.0,0.0,00:00:00,0.0,1.0,-0.7,218.0
2025-05-27 13:58:32.441,2.8,nan,-0.0,0.0,00:00:00,0.0,1.0,-0.7,218.0
2025-05-27 13:58:33.440,3.0,nan,0.0,0.0,00:00:00,0.0,1.0,-0.7,218.0
2025-05-27 13:58:34.440,2.8,nan,0.0,0.0,00:00:00,0.0,0.9,-0.7,218.0
2025-05-27 13:58:35.440,2.7,nan,0.0,0.0,00:00:00,0.0,0.9,-0.7,218.0
2025-05-27 13:58:36.438,2.2,nan,0.0,0.0,00:00:00,0.0,0.9,-0.8,218.0
2025-05-27 13:58:37.440,2.5,nan,0.0,0.1,00:00:00,0.0,0.9,-0.8,218.0
2025-05-27 13:58:38.442,2.2,nan,0.0,0.1,00:00:00,0.0,0.9,-0.7,218.0
2025-05-27 13:58:39.439,2.7,nan,0.0,0.1,00:00:00,0.0,0.9,-0.8,218.0
2025-05-27 13:58:40.441,2.4,nan,0.0,0.1,00:00:00,0.0,1.0,-0.8,218.0
2025-05-27 13:58:41.441,2.5,nan,0.0,0.1,00:00:00,0.0,1.0,-0.7,218.0
2025-05-27 13:58:42.439,2.5,nan,0.0,0.0,00:00:00,0.0,1.0,-0.7,218.0
2025-05-27 13:58:43.442,2.7,nan,0.0,0.0,00:00:00,0.0,1.1,-0.7,218.0
2025-05-27 13:58:44.440,2.4,nan,0.0,0.0,00:00:00,0.0,1.1,-0.7,218.0
2025-05-27 13:58:45.460,3.4,nan,0.0,0.0,00:00:00,0.0,1.1,-0.8,218.0
2025-05-27 13:58:46.440,2.5,nan,0.0,0.1,00:00:00,0.0,1.1,-0.8,218.0
2025-05-27 13:58:47.442,2.4,nan,0.0,0.1,00:00:00,0.0,1.1,-0.8,218.0
2025-05-27 13:58:48.441,2.9,nan,0.0,0.1,00:00:00,0.0,1.0,-0.8,218.0
2025-05-27 13:58:49.439,2.9,nan,0.0,0.1,00:00:00,0.0,1.0,-0.7,218.0
2025-05-27 13:58:50.439,2.2,nan,0.0,0.1,00:00:00,0.0,1.0,-0.8,218.0
2025-05-27 13:58:51.443,2.8,nan,0.0,0.0,00:00:00,0.0,1.0,-0.8,218.0
2025-05-27 13:58:52.441,2.1,nan,0.0,0.0,00:00:00,0.0,1.0,-0.8,218.0
2025-05-27 13:58:53.440,2.2,nan,0.0,0.0,00:00:00,0.0,1.0,-0.7,218.0
2025-05-27 13:58:54.439,2.9,nan,0.0,0.0,00:00:00,0.0,1.0,-0.7,218.0
2025-05-27 13:58:55.441,2.5,nan,0.0,0.0,00:00:00,0.0,1.1,-0.7,219.0
2025-05-27 13:58:56.442,2.4,nan,0.0,0.1,00:00:00,0.0,1.1,-0.8,219.0
2025-05-27 13:58:57.439,2.3,nan,0.0,0.1,00:00:00,0.0,1.1,-0.8,218.0
2025-05-27 13:58:58.439,2.7,nan,-0.0,0.1,00:00:00,0.0,1.1,-0.8,219.0
2025-05-27 13:58:59.440,2.7,nan,-0.0,0.1,00:00:00,0.0,1.1,-0.9,219.0
2025-05-27 13:59:00.442,2.1,nan,-0.0,0.1,00:00:00,0.0,1.1,-0.9,219.0
2025-05-27 13:59:01.439,2.1,nan,-0.0,0.1,00:00:00,0.0,1.1,-0.9,219.0
2025-05-27 13:59:02.442,2.4,nan,-0.0,0.1,00:00:00,0.0,1.1,-0.9,219.0
2025-05-27 13:59:03.440,2.0,nan,-0.0,0.1,00:00:00,0.0,1.2,-0.8,219.0
2025-05-27 13:59:04.441,2.5,nan,-0.0,0.1,00:00:00,0.0,1.1,-0.8,219.0
2025-05-27 13:59:05.439,2.8,nan,-0.0,0.1,00:00:00,0.0,1.1,-0.7,219.0
2025-05-27 13:59:06.441,2.6,nan,-0.0,0.1,00:00:00,0.0,1.1,-0.8,219.0
2025-05-27 13:59:07.442,2.0,nan,-0.0,0.1,00:00:00,0.0,1.1,-0.8,219.0
2025-05-27 13:59:08.439,2.4,nan,-0.0,0.1,00:00:00,0.0,1.1,-0.8,219.0
2025-05-27 13:59:09.440,3.1,nan,-0.0,0.1,00:00:00,0.0,1.0,-0.8,219.0
2025-05-27 13:59:10.438,2.4,nan,0.0,0.1,00:00:00,0.0,1.1,-0.8,219.0
2025-05-27 13:59:11.440,3.2,nan,-0.0,0.1,00:00:00,0.0,1.1,-0.8,219.0
2025-05-27 13:59:12.440,3.1,nan,0.0,0.1,00:00:00,0.0,1.1,-0.9,219.0
2025-05-27 13:59:13.440,2.8,nan,-0.0,0.1,00:00:00,0.0,1.1,-0.8,219.0
2025-05-27 13:59:14.439,2.4,nan,-0.0,0.1,00:00:00,0.0,1.1,-0.8,219.0
2025-05-27 13:59:15.441,2.7,nan,-0.0,0.1,00:00:00,0.0,1.0,-0.8,219.0
2025-05-27 13:59:16.439,2.9,nan,-0.0,0.1,00:00:00,0.0,1.0,-0.8,219.0
2025-05-27 13:59:17.439,2.6,nan,0.0,0.1,00:00:00,0.0,1.0,-0.8,219.0
2025-05-27 13:59:18.438,2.3,nan,0.0,0.1,00:00:00,0.0,1.0,-0.8,219.0
2025-05-27 13:59:19.441,3.1,nan,0.0,0.1,00:00:00,0.0,1.1,-0.8,219.0
2025-05-27 13:59:20.440,2.5,nan,0.0,0.1,00:00:00,0.0,1.1,-0.8,219.0
2025-05-27 13:59:21.441,3.0,nan,0.0,0.1,00:00:00,0.0,1.0,-0.8,219.0
2025-05-27 13:59:22.438,3.1,nan,0.0,0.1,00:00:00,0.0,1.0,-0.8,219.0
2025-05-27 13:59:23.438,2.9,nan,0.0,0.1,00:00:00,0.0,1.0,-0.8,219.0
2025-05-27 13:59:24.439,3.2,nan,-0.0,0.1,00:00:00,0.0,1.0,-0.7,219.0
2025-05-27 13:59:25.438,2.8,nan,-0.0,0.0,00:00:00,0.0,1.0,-0.8,219.0
2025-05-27 13:59:26.441,2.4,nan,-0.0,0.0,00:00:00,0.0,1.0,-0.8,219.0
2025-05-27 13:59:27.438,2.9,nan,-0.0,0.1,00:00:00,0.0,1.0,-0.8,219.0
2025-05-27 13:59:28.438,2.2,nan,-0.0,0.1,00:00:00,0.0,1.0,-0.8,219.0
2025-05-27 13:59:29.440,2.8,nan,-0.0,0.1,00:00:00,0.0,1.0,-0.9,219.0
2025-05-27 13:59:30.438,2.7,nan,0.0,0.1,00:00:00,0.0,1.1,-0.8,219.0
2025-05-27 13:59:31.440,3.1,nan,-0.0,0.1,00:00:00,0.0,1.1,-0.8,219.0
2025-05-27 13:59:32.442,2.9,nan,0.0,0.1,00:00:00,0.0,1.2,-0.8,219.0
2025-05-27 13:59:33.442,3.1,nan,-0.0,0.1,00:00:00,0.0,1.1,-0.8,219.0
2025-05-27 13:59:34.440,2.3,nan,-0.0,0.1,00:00:00,0.0,1.2,-0.8,219.0
2025-05-27 13:59:35.441,2.3,nan,-0.0,0.1,00:00:00,0.0,1.2,-0.8,219.0
2025-05-27 13:59:36.441,2.4,nan,0.0,0.1,00:00:00,0.0,1.2,-0.8,219.0
2025-05-27 13:59:37.440,2.8,nan,0.0,0.1,00:00:00,0.0,1.2,-0.8,219.0
2025-05-27 13:59:38.440,2.8,nan,0.0,0.1,00:00:00,0.0,1.2,-0.8,219.0
2025-05-27 13:59:39.438,2.0,nan,0.0,0.1,00:00:00,0.0,1.2,-0.8,219.0
2025-05-27 13:59:40.440,3.2,nan,0.0,0.1,00:00:00,0.0,1.2,-0.8,219.0
2025-05-27 13:59:41.441,3.3,nan,0.0,0.1,00:00:00,0.0,1.1,-0.8,219.0
2025-05-27 13:59:42.440,2.9,nan,-0.0,0.1,00:00:00,0.0,1.2,-0.8,219.0
2025-05-27 13:59:43.438,2.5,nan,0.0,0.1,00:00:00,0.0,1.2,-0.8,219.0
2025-05-27 13:59:44.441,3.0,nan,-0.0,0.1,00:00:00,0.0,1.2,-0.8,219.0
2025-05-27 13:59:45.439,2.9,nan,0.0,0.1,00:00:00,0.0,1.2,-0.9,219.0
2025-05-27 13:59:46.440,2.3,nan,-0.0,0.1,00:00:00,0.0,1.2,-0.9,219.0
2025-05-27 13:59:47.441,2.7,nan,-0.0,0.1,00:00:00,0.0,1.2,-0.9,219.0
2025-05-27 13:59:48.440,2.1,nan,-0.0,0.1,00:00:00,0.0,1.2,-0.9,219.0
2025-05-27 13:59:49.439,2.3,nan,-0.0,0.1,00:00:00,0.0,1.2,-0.8,219.0
2025-05-27 13:59:50.439,2.5,nan,-0.0,0.1,00:00:00,0.0,1.2,-0.8,219.0
2025-05-27 13:59:51.440,2.6,nan,0.0,0.1,00:00:00,0.0,1.2,-0.8,219.0
2025-05-27 13:59:52.440,2.6,nan,0.0,0.1,00:00:00,0.0,1.2,-0.8,219.0
2025-05-27 13:59:53.439,2.4,nan,-0.0,0.1,00:00:00,0.0,1.2,-0.9,219.0
2025-05-27 13:59:54.438,2.0,nan,-0.0,0.1,00:00:00,0.0,1.2,-0.9,219.0
2025-05-27 13:59:55.441,2.4,nan,-0.0,0.1,00:00:00,0.0,1.2,-0.9,219.0
2025-05-27 13:59:56.442,2.6,nan,-0.0,0.1,00:00:00,0.0,1.2,-1.0,219.0
2025-05-27 13:59:57.439,2.9,nan,-0.0,0.1,00:00:00,0.0,1.2,-0.9,219.0
2025-05-27 13:59:58.440,2.7,nan,-0.0,0.1,00:00:00,0.0,1.2,-0.9,219.0
2025-05-27 13:59:59.440,2.4,nan,-0.0,0.1,00:00:00,0.0,1.1,-0.9,219.0
2025-05-27 14:00:00.438,2.7,nan,-0.0,0.1,00:00:00,0.0,1.1,-0.9,219.0
2025-05-27 14:00:01.438,3.0,nan,-0.0,0.1,00:00:00,0.0,1.1,-0.8,219.0
2025-05-27 14:00:02.441,2.6,nan,-0.0,0.1,00:00:00,0.0,1.1,-0.8,219.0
2025-05-27 14:00:03.441,2.4,nan,-0.1,0.1,00:00:00,0.0,1.0,-0.8,219.0
2025-05-27 14:00:04.439,2.5,nan,-0.0,0.1,00:00:00,0.0,0.9,-0.7,219.0
2025-05-27 14:00:05.442,2.5,nan,-0.0,0.0,00:00:00,0.0,0.9,-0.7,219.0
2025-05-27 14:00:06.440,3.2,nan,-0.0,0.1,00:00:00,0.0,0.9,-0.7,219.0
2025-05-27 14:00:07.440,3.0,nan,0.0,0.1,00:00:00,0.0,0.9,-0.6,219.0
2025-05-27 14:00:08.441,2.3,nan,0.0,0.1,00:00:00,0.0,0.8,-0.6,219.0
2025-05-27 14:00:09.440,3.7,nan,0.0,0.1,00:00:00,0.0,0.8,-0.7,219.0
2025-05-27 14:00:10.441,2.9,nan,0.0,0.1,00:00:00,0.0,0.8,-0.7,219.0
2025-05-27 14:00:11.440,3.2,nan,0.0,0.1,00:00:00,0.0,0.9,-0.7,219.0
2025-05-27 14:00:12.441,3.4,nan,0.0,0.1,00:00:00,0.0,0.9,-0.7,219.0
2025-05-27 14:00:13.441,3.0,nan,0.1,0.1,00:00:00,0.0,1.0,-0.7,219.0
2025-05-27 14:00:14.440,2.7,nan,0.0,0.1,00:00:00,0.0,1.0,-0.7,219.0
2025-05-27 14:00:15.441,3.0,nan,0.0,0.0,00:00:00,0.0,1.0,-0.6,219.0
2025-05-27 14:00:16.439,2.8,nan,0.0,0.0,00:00:00,0.0,0.9,-0.6,219.0
2025-05-27 14:00:17.438,2.3,nan,0.0,0.0,00:00:00,0.0,0.9,-0.6,219.0
2025-05-27 14:00:18.438,2.7,nan,0.0,0.0,00:00:00,0.0,0.9,-0.6,219.0
2025-05-27 14:00:19.438,2.9,nan,0.1,0.0,00:00:00,0.0,0.9,-0.7,219.0
2025-05-27 14:00:20.438,2.6,nan,0.1,0.0,00:00:00,0.0,0.9,-0.7,219.0
2025-05-27 14:00:21.438,2.8,nan,0.0,0.0,00:00:00,0.0,0.9,-0.7,219.0
2025-05-27 14:00:22.440,2.7,nan,0.0,0.0,00:00:00,0.0,0.9,-0.7,219.0
2025-05-27 14:00:23.438,3.0,nan,0.0,0.0,00:00:00,0.0,0.9,-0.7,219.0
2025-05-27 14:00:24.441,2.7,nan,0.0,0.0,00:00:00,0.0,0.9,-0.7,219.0
2025-05-27 14:00:25.438,2.1,nan,-0.0,0.0,00:00:00,0.0,0.8,-0.7,219.0
2025-05-27 14:00:26.439,2.7,nan,-0.0,0.0,00:00:00,0.0,0.9,-0.7,219.0
2025-05-27 14:00:27.441,2.8,nan,-0.0,0.1,00:00:00,0.0,0.9,-0.8,219.0
2025-05-27 14:00:28.441,2.6,nan,-0.0,0.1,00:00:00,0.0,0.9,-0.8,219.0
2025-05-27 14:00:29.441,2.8,nan,-0.0,0.1,00:00:00,0.0,0.9,-0.8,219.0
2025-05-27 14:00:30.438,2.9,nan,-0.0,0.1,00:00:00,0.0,1.0,-0.8,219.0
2025-05-27 14:00:31.440,2.7,nan,-0.0,0.1,00:00:00,0.0,0.9,-0.7,219.0
2025-05-27 14:00:32.441,2.8,nan,-0.0,0.0,00:00:00,0.0,0.9,-0.7,219.0
2025-05-27 14:00:33.441,2.8,nan,0.0,0.1,00:00:00,0.0,0.9,-0.7,219.0
2025-05-27 14:00:34.438,3.1,nan,0.0,0.0,00:00:00,0.0,0.9,-0.7,219.0
2025-05-27 14:00:35.439,3.4,nan,0.1,0.0,00:00:00,0.0,0.8,-0.7,219.0
2025-05-27 14:00:36.441,2.9,nan,0.1,0.1,00:00:00,0.0,0.8,-0.7,218.0
2025-05-27 14:00:37.442,3.7,nan,0.0,0.1,00:00:00,0.0,0.8,-0.7,218.0
2025-05-27 14:00:38.440,3.1,nan,0.0,0.1,00:00:00,0.0,0.8,-0.8,218.0
2025-05-27 14:00:39.439,3.2,nan,0.0,0.1,00:00:00,0.0,0.8,-0.8,218.0
2025-05-27 14:00:40.438,2.8,nan,0.0,0.1,00:00:00,0.0,0.8,-0.7,218.0
2025-05-27 14:00:41.441,3.4,nan,-0.0,0.1,00:00:00,0.0,0.8,-0.7,218.0
2025-05-27 14:00:42.439,3.2,nan,-0.0,0.1,00:00:00,0.0,0.9,-0.7,218.0
2025-05-27 14:00:43.440,3.0,nan,-0.0,0.0,00:00:00,0.0,1.0,-0.6,218.0
2025-05-27 14:00:44.438,3.0,nan,-0.0,0.0,00:00:00,0.0,1.1,-0.6,218.0
2025-05-27 14:00:45.438,2.8,nan,-0.0,0.0,00:00:00,0.0,1.1,-0.6,218.0
2025-05-27 14:00:46.439,2.7,nan,-0.0,0.1,00:00:00,0.0,1.1,-0.6,218.0
2025-05-27 14:00:47.438,3.0,nan,-0.0,0.1,00:00:00,0.0,1.2,-0.6,219.0
2025-05-27 14:00:48.441,3.3,nan,-0.0,0.1,00:00:00,0.0,1.2,-0.7,219.0
2025-05-27 14:00:49.439,3.1,nan,-0.0,0.1,00:00:00,0.0,1.1,-0.8,218.0
2025-05-27 14:00:50.442,2.3,nan,-0.0,0.1,00:00:00,0.0,1.0,-0.8,218.0
2025-05-27 14:00:51.442,2.9,nan,-0.0,0.1,00:00:00,0.0,0.9,-0.8,218.0
2025-05-27 14:00:52.438,2.2,nan,-0.0,0.1,00:00:00,0.0,0.9,-0.9,219.0
2025-05-27 14:00:53.439,2.6,nan,-0.0,0.1,00:00:00,0.0,0.9,-0.8,219.0
2025-05-27 14:00:54.438,3.0,nan,-0.0,0.1,00:00:00,0.0,0.8,-0.8,219.0
2025-05-27 14:00:55.439,1.8,nan,-0.0,0.1,00:00:00,0.0,0.8,-0.8,219.0
2025-05-27 14:00:56.438,2.5,nan,-0.0,0.1,00:00:00,0.0,0.8,-0.8,219.0
2025-05-27 14:00:57.439,2.9,nan,-0.0,0.1,00:00:00,0.0,0.9,-0.8,219.0
2025-05-27 14:00:58.438,3.0,nan,-0.0,0.1,00:00:00,0.0,0.9,-0.8,219.0
2025-05-27 14:00:59.439,2.7,nan,0.0,0.1,00:00:00,0.0,1.0,-0.8,219.0
2025-05-27 14:01:00.440,3.0,nan,-0.0,0.0,00:00:00,0.0,1.0,-0.7,219.0
2025-05-27 14:01:01.438,2.0,nan,-0.0,0.1,00:00:00,0.0,1.0,-0.8,219.0
2025-05-27 14:01:02.439,2.8,nan,-0.0,0.0,00:00:00,0.0,1.0,-0.7,219.0
2025-05-27 14:01:03.438,2.8,nan,-0.0,0.0,00:00:00,0.0,1.0,-0.7,219.0
2025-05-27 14:01:04.440,2.9,nan,-0.0,0.0,00:00:00,0.0,1.0,-0.8,219.0
2025-05-27 14:01:05.441,2.2,nan,-0.0,0.0,00:00:00,0.0,1.0,-0.8,219.0
2025-05-27 14:01:06.439,2.8,nan,-0.0,0.1,00:00:00,0.0,0.9,-0.8,219.0
2025-05-27 14:01:07.441,2.6,nan,-0.0,0.1,00:00:00,0.0,0.9,-0.9,219.0
2025-05-27 14:01:08.440,3.0,nan,-0.0,0.1,00:00:00,0.0,0.9,-0.9,219.0
2025-05-27 14:01:09.438,3.1,nan,0.0,0.1,00:00:00,0.0,1.0,-0.9,219.0
2025-05-27 14:01:10.438,3.1,nan,-0.0,0.1,00:00:00,0.0,1.0,-0.9,219.0
2025-05-27 14:01:11.439,3.2,nan,-0.0,0.1,00:00:00,0.0,0.9,-0.9,219.0
2025-05-27 14:01:12.438,2.2,nan,-0.0,0.1,00:00:00,0.0,0.9,-0.8,219.0
2025-05-27 14:01:13.442,3.0,nan,0.0,0.1,00:00:00,0.0,1.0,-0.8,219.0
2025-05-27 14:01:14.439,2.9,nan,0.0,0.1,00:00:00,0.0,1.0,-0.8,219.0
2025-05-27 14:01:15.439,3.4,nan,0.0,0.1,00:00:00,0.0,1.0,-0.8,219.0
2025-05-27 14:01:16.442,2.8,nan,0.0,0.1,00:00:00,0.0,1.0,-0.8,219.0
2025-05-27 14:01:17.438,3.3,nan,0.0,0.1,00:00:00,0.0,0.9,-0.8,219.0
2025-05-27 14:01:18.438,2.9,nan,0.0,0.1,00:00:00,0.0,0.9,-0.7,219.0
2025-05-27 14:01:19.438,2.3,nan,0.0,0.1,00:00:00,0.0,1.0,-0.7,219.0
2025-05-27 14:01:20.439,2.8,nan,0.0,0.0,00:00:00,0.0,1.0,-0.7,219.0
2025-05-27 14:01:21.441,2.7,nan,-0.0,0.0,00:00:00,0.0,1.0,-0.7,219.0
2025-05-27 14:01:22.438,2.9,nan,-0.0,0.0,00:00:00,0.0,1.0,-0.7,219.0
2025-05-27 14:01:23.438,2.8,nan,-0.0,0.0,00:00:00,0.0,1.0,-0.7,219.0
2025-05-27 14:01:24.440,3.0,nan,-0.0,0.0,00:00:00,0.0,0.9,-0.7,219.0
2025-05-27 14:01:25.439,2.8,nan,-0.0,0.0,00:00:00,0.0,0.9,-0.7,219.0
2025-05-27 14:01:26.440,2.6,nan,-0.0,0.1,00:00:00,0.0,0.9,-0.8,219.0
2025-05-27 14:01:27.440,2.8,nan,-0.0,0.1,00:00:00,0.0,0.9,-0.8,219.0
2025-05-27 14:01:28.442,2.8,nan,-0.0,0.1,00:00:00,0.0,0.8,-0.8,219.0
2025-05-27 14:01:29.442,3.1,nan,-0.0,0.1,00:00:00,0.0,0.8,-0.9,219.0
2025-05-27 14:01:30.442,2.7,nan,-0.0,0.1,00:00:00,0.0,0.8,-0.8,219.0
2025-05-27 14:01:31.441,2.6,nan,0.0,0.1,00:00:00,0.0,0.8,-0.8,219.0
2025-05-27 14:01:32.440,2.9,nan,0.0,0.1,00:00:00,0.0,0.8,-0.8,219.0
2025-05-27 14:01:33.439,3.1,nan,0.0,0.1,00:00:00,0.0,0.8,-0.8,219.0
2025-05-27 14:01:34.441,3.2,nan,0.0,0.1,00:00:00,0.0,0.7,-0.7,219.0
2025-05-27 14:01:35.438,2.6,nan,-0.0,0.1,00:00:00,0.0,0.7,-0.7,219.0
2025-05-27 14:01:36.439,3.2,nan,0.0,0.1,00:00:00,0.0,0.7,-0.7,219.0
2025-05-27 14:01:37.438,3.1,nan,0.0,0.1,00:00:00,0.0,0.8,-0.8,219.0
2025-05-27 14:01:38.439,3.0,nan,0.0,0.1,00:00:00,0.0,0.8,-0.8,219.0
2025-05-27 14:01:39.442,2.6,nan,0.0,0.1,00:00:00,0.0,0.8,-0.8,219.0
2025-05-27 14:01:40.439,3.0,nan,0.0,0.1,00:00:00,0.0,0.8,-0.8,219.0
2025-05-27 14:01:41.440,2.4,nan,0.0,0.1,00:00:00,0.0,0.9,-0.7,219.0
2025-05-27 14:01:42.439,2.7,nan,0.0,0.0,00:00:00,0.0,0.9,-0.7,219.0
2025-05-27 14:01:43.439,2.7,nan,-0.0,0.1,00:00:00,0.0,0.9,-0.8,219.0
2025-05-27 14:01:44.440,3.1,nan,-0.0,0.1,00:00:00,0.0,1.0,-0.8,219.0
2025-05-27 14:01:45.440,3.3,nan,0.0,0.1,00:00:00,0.0,1.0,-0.8,219.0
2025-05-27 14:01:46.440,3.2,nan,0.0,0.1,00:00:00,0.0,1.0,-0.7,219.0
2025-05-27 14:01:47.441,3.5,nan,0.0,0.0,00:00:00,0.0,1.0,-0.7,219.0
2025-05-27 14:01:48.438,2.9,nan,0.0,0.0,00:00:00,0.0,1.0,-0.7,219.0
2025-05-27 14:01:49.439,2.9,nan,0.0,0.0,00:00:00,0.0,1.0,-0.7,219.0
2025-05-27 14:01:50.441,2.2,nan,0.0,0.0,00:00:00,0.0,1.0,-0.7,219.0
2025-05-27 14:01:51.438,3.2,nan,-0.0,0.0,00:00:00,0.0,1.0,-0.7,219.0
2025-05-27 14:01:52.440,2.4,nan,-0.0,0.0,00:00:00,0.0,1.0,-0.7,219.0
2025-05-27 14:01:53.440,2.3,nan,-0.0,0.0,00:00:00,0.0,1.0,-0.7,219.0
2025-05-27 14:01:54.438,2.9,nan,-0.0,0.0,00:00:00,0.0,1.1,-0.7,219.0
2025-05-27 14:01:55.441,2.9,nan,-0.0,0.0,00:00:00,0.0,1.1,-0.8,219.0
2025-05-27 14:01:56.439,3.2,nan,-0.0,0.1,00:00:00,0.0,1.0,-0.8,219.0
2025-05-27 14:01:57.441,3.2,nan,-0.0,0.1,00:00:00,0.0,1.0,-0.8,219.0
2025-05-27 14:01:58.529,2.7,nan,-0.0,0.1,00:00:00,0.0,1.0,-0.8,219.0
2025-05-27 14:01:59.439,3.5,nan,-0.0,0.1,00:00:00,0.0,1.0,-0.8,219.0
2025-05-27 14:02:00.439,2.9,nan,-0.0,0.1,00:00:00,0.0,1.0,-0.8,219.0
2025-05-27 14:02:01.438,3.1,nan,-0.0,0.1,00:00:00,0.0,0.9,-0.8,219.0
2025-05-27 14:02:02.448,2.9,nan,0.0,0.1,00:00:00,0.0,1.0,-0.8,219.0
2025-05-27 14:02:03.439,2.7,nan,0.0,0.1,00:00:00,0.0,1.0,-0.8,219.0
2025-05-27 14:02:04.440,3.1,nan,0.0,0.0,00:00:00,0.0,1.0,-0.7,219.0
2025-05-27 14:02:05.438,3.3,nan,-0.0,0.0,00:00:00,0.0,0.9,-0.8,219.0
2025-05-27 14:02:06.438,2.8,nan,-0.0,0.1,00:00:00,0.0,0.9,-0.8,219.0
2025-05-27 14:02:07.439,2.9,nan,-0.0,0.1,00:00:00,0.0,0.9,-0.8,219.0
2025-05-27 14:02:08.439,2.8,nan,-0.0,0.1,00:00:00,0.0,0.9,-0.8,219.0
2025-05-27 14:02:09.438,3.2,nan,-0.0,0.1,00:00:00,0.0,0.9,-0.8,219.0
2025-05-27 14:02:10.438,3.2,nan,-0.0,0.1,00:00:00,0.0,1.0,-0.8,219.0
2025-05-27 14:02:11.440,3.4,nan,0.0,0.1,00:00:00,0.0,1.0,-0.8,219.0
2025-05-27 14:02:12.438,2.8,nan,-0.0,0.1,00:00:00,0.0,1.0,-0.7,219.0
2025-05-27 14:02:13.439,3.3,nan,-0.0,0.1,00:00:00,0.0,1.0,-0.7,219.0
2025-05-27 14:02:14.440,3.3,nan,-0.0,0.1,00:00:00,0.0,1.0,-0.7,219.0
2025-05-27 14:02:15.438,3.3,nan,-0.0,0.1,00:00:00,0.0,0.9,-0.8,219.0
2025-05-27 14:02:16.441,2.8,nan,-0.0,0.1,00:00:00,0.0,0.9,-0.8,219.0
2025-05-27 14:02:17.440,3.4,nan,-0.0,0.1,00:00:00,0.0,1.0,-0.7,219.0
2025-05-27 14:02:18.440,3.2,nan,-0.0,0.1,00:00:00,0.0,0.9,-0.8,219.0
2025-05-27 14:02:19.439,3.4,nan,-0.0,0.1,00:00:00,0.0,0.9,-0.8,219.0
2025-05-27 14:02:20.441,3.1,nan,-0.0,0.1,00:00:00,0.0,0.9,-0.8,219.0
2025-05-27 14:02:21.440,2.8,nan,-0.0,0.1,00:00:00,0.0,0.9,-0.8,219.0
2025-05-27 14:02:22.439,3.0,nan,-0.0,0.1,00:00:00,0.0,0.9,-0.8,219.0
2025-05-27 14:02:23.440,2.7,nan,-0.0,0.1,00:00:00,0.0,0.9,-0.8,219.0
2025-05-27 14:02:24.440,3.0,nan,-0.0,0.1,00:00:00,0.0,0.9,-0.8,219.0
2025-05-27 14:02:25.438,2.9,nan,-0.0,0.1,00:00:00,0.0,0.9,-0.8,219.0
2025-05-27 14:02:26.440,2.6,nan,-0.0,0.1,00:00:00,0.0,0.8,-0.8,219.0
2025-05-27 14:02:27.441,3.3,nan,-0.1,0.1,00:00:00,0.0,0.7,-0.8,219.0
2025-05-27 14:02:28.439,2.5,nan,-0.0,0.1,00:00:00,0.0,0.7,-0.8,219.0
2025-05-27 14:02:29.442,2.5,nan,-0.0,0.1,00:00:00,0.0,0.7,-0.8,219.0
2025-05-27 14:02:30.441,2.5,nan,-0.0,0.1,00:00:00,0.0,0.7,-0.8,219.0
2025-05-27 14:02:31.441,2.5,nan,-0.0,0.1,00:00:00,0.0,0.7,-0.8,219.0
2025-05-27 14:02:32.439,2.5,nan,-0.0,0.1,00:00:00,0.0,0.7,-0.8,219.0
2025-05-27 14:02:33.441,2.5,nan,-0.0,0.1,00:00:00,0.0,0.7,-0.8,219.0
2025-05-27 14:02:34.441,2.5,nan,-0.0,0.1,00:00:00,0.0,0.7,-0.8,219.0
2025-05-27 14:02:35.439,2.5,nan,-0.0,0.1,00:00:00,0.0,0.7,-0.8,219.0
2025-05-27 14:02:36.440,2.5,nan,-0.0,0.1,00:00:00,0.0,0.7,-0.8,219.0
2025-05-27 14:02:37.440,2.5,nan,-0.0,0.1,00:00:00,0.0,0.7,-0.8,219.0
2025-05-27 14:02:38.440,2.5,nan,-0.0,0.1,00:00:00,0.0,0.7,-0.8,219.0
2025-05-27 14:02:39.440,2.5,nan,-0.0,0.1,00:00:00,0.0,0.7,-0.8,219.0
2025-05-27 14:02:40.438,2.5,nan,-0.0,0.1,00:00:00,0.0,0.7,-0.8,219.0
2025-05-27 14:02:41.442,2.5,nan,-0.0,0.1,00:00:00,0.0,0.7,-0.8,219.0
2025-05-27 14:02:42.441,2.5,nan,-0.0,0.1,00:00:00,0.0,0.7,-0.8,219.0
2025-05-27 14:02:43.441,2.5,nan,-0.0,0.1,00:00:00,0.0,0.7,-0.8,219.0
2025-05-27 14:02:44.440,2.5,nan,-0.0,0.1,00:00:00,0.0,0.7,-0.8,219.0
2025-05-27 14:02:45.438,2.5,nan,-0.0,0.1,00:00:00,0.0,0.7,-0.8,219.0
2025-05-27 14:02:46.438,2.5,nan,-0.0,0.1,00:00:00,0.0,0.7,-0.8,219.0
2025-05-27 14:02:47.440,2.5,nan,-0.0,0.1,00:00:00,0.0,0.7,-0.8,219.0
2025-05-27 14:02:48.440,2.5,nan,-0.0,0.1,00:00:00,0.0,0.7,-0.8,219.0
2025-05-27 14:02:49.440,2.5,nan,-0.0,0.1,00:00:00,0.0,0.7,-0.8,219.0
2025-05-27 14:02:50.438,2.5,nan,-0.0,0.1,00:00:00,0.0,0.7,-0.8,219.0
2025-05-27 14:02:51.441,2.5,nan,-0.0,0.1,00:00:00,0.0,0.7,-0.8,219.0
2025-05-27 14:02:52.441,2.5,nan,-0.0,0.1,00:00:00,0.0,0.7,-0.8,219.0
2025-05-27 14:02:53.442,2.5,nan,-0.0,0.1,00:00:00,0.0,0.7,-0.8,219.0
2025-05-27 14:02:54.441,2.5,nan,-0.0,0.1,00:00:00,0.0,0.7,-0.8,219.0
2025-05-27 14:02:55.439,2.5,nan,-0.0,0.1,00:00:00,0.0,0.7,-0.8,219.0
2025-05-27 14:02:56.472,2.5,nan,-0.0,0.1,00:00:00,0.0,0.8,-0.7,219.0
2025-05-27 14:02:57.442,3.2,nan,-0.0,0.1,00:00:00,0.0,0.9,-0.7,219.0
2025-05-27 14:02:58.438,2.9,nan,-0.0,0.1,00:00:00,0.0,0.9,-0.6,219.0
2025-05-27 14:02:59.441,4.3,nan,-0.0,0.1,00:00:00,0.0,0.9,-0.7,219.0
2025-05-27 14:03:00.439,2.4,nan,0.0,0.0,00:00:00,0.0,0.9,-0.6,219.0
2025-05-27 14:03:01.440,2.9,nan,0.0,0.0,00:00:00,0.0,0.9,-0.7,219.0
2025-05-27 14:03:02.439,2.7,nan,-0.0,0.0,00:00:00,0.0,0.9,-0.6,219.0
2025-05-27 14:03:03.438,2.9,nan,-0.0,0.0,00:00:00,0.0,0.8,-0.6,219.0
2025-05-27 14:03:04.441,2.7,nan,-0.0,0.1,00:00:00,0.0,0.8,-0.6,219.0
2025-05-27 14:03:05.438,2.5,nan,-0.0,0.1,00:00:00,0.0,0.8,-0.6,219.0
2025-05-27 14:03:06.440,3.0,nan,-0.0,0.1,00:00:00,0.0,0.8,-0.6,219.0
2025-05-27 14:03:07.441,2.7,nan,-0.0,0.1,00:00:00,0.0,0.8,-0.6,219.0
2025-05-27 14:03:08.441,3.1,nan,-0.0,0.1,00:00:00,0.0,0.8,-0.6,219.0
2025-05-27 14:03:09.441,3.2,nan,0.0,0.1,00:00:00,0.0,0.8,-0.6,219.0
2025-05-27 14:03:10.440,2.8,nan,0.0,0.1,00:00:00,0.0,0.8,-0.6,219.0
2025-05-27 14:03:11.441,2.5,nan,0.0,0.1,00:00:00,0.0,0.8,-0.6,219.0
2025-05-27 14:03:12.441,2.9,nan,-0.0,0.1,00:00:00,0.0,0.8,-0.7,219.0
2025-05-27 14:03:13.441,2.9,nan,-0.0,0.1,00:00:00,0.0,0.7,-0.7,219.0
2025-05-27 14:03:14.438,2.5,nan,-0.0,0.1,00:00:00,0.0,0.7,-0.7,219.0
2025-05-27 14:03:15.438,3.3,nan,-0.0,0.1,00:00:00,0.0,0.7,-0.7,219.0
2025-05-27 14:03:16.439,3.2,nan,0.0,0.1,00:00:00,0.0,0.7,-0.7,219.0
2025-05-27 14:03:17.438,3.1,nan,0.0,0.1,00:00:00,0.0,0.7,-0.7,219.0
2025-05-27 14:03:18.439,2.5,nan,0.0,0.1,00:00:00,0.0,0.7,-0.7,219.0
2025-05-27 14:03:19.440,2.5,nan,-0.0,0.1,00:00:00,0.0,0.7,-0.6,219.0
2025-05-27 14:03:20.438,2.4,nan,-0.0,0.1,00:00:00,0.0,0.8,-0.6,219.0
2025-05-27 14:03:21.440,2.8,nan,-0.0,0.1,00:00:00,0.0,0.8,-0.6,219.0
2025-05-27 14:03:22.438,3.0,nan,0.0,0.1,00:00:00,0.0,0.8,-0.6,219.0
2025-05-27 14:03:23.442,2.6,nan,-0.0,0.0,00:00:00,0.0,0.9,-0.7,219.0
2025-05-27 14:03:24.441,2.8,nan,-0.0,0.0,00:00:00,0.0,0.9,-0.7,219.0
2025-05-27 14:03:25.439,2.7,nan,0.0,0.0,00:00:00,0.0,1.0,-0.7,219.0
2025-05-27 14:03:26.438,3.1,nan,0.0,0.0,00:00:00,0.0,1.0,-0.7,219.0
2025-05-27 14:03:27.439,3.5,nan,0.0,0.0,00:00:00,0.0,1.0,-0.7,219.0
2025-05-27 14:03:28.438,3.1,nan,0.0,0.0,00:00:00,0.0,1.0,-0.7,219.0
2025-05-27 14:03:29.441,3.1,nan,0.0,0.1,00:00:00,0.0,1.0,-0.7,219.0
2025-05-27 14:03:30.439,2.6,nan,0.0,0.1,00:00:00,0.0,0.9,-0.7,219.0
2025-05-27 14:03:31.441,3.5,nan,0.0,0.0,00:00:00,0.0,1.0,-0.7,219.0
2025-05-27 14:03:32.439,2.5,nan,0.0,0.0,00:00:00,0.0,1.0,-0.7,219.0
2025-05-27 14:03:33.440,3.3,nan,0.0,0.0,00:00:00,0.0,1.0,-0.7,219.0
2025-05-27 14:03:34.439,3.2,nan,0.0,0.0,00:00:00,0.0,1.0,-0.7,219.0
2025-05-27 14:03:35.438,2.6,nan,0.0,0.0,00:00:00,0.0,1.0,-0.7,219.0
2025-05-27 14:03:36.440,2.9,nan,0.0,0.0,00:00:00,0.0,0.9,-0.7,219.0
2025-05-27 14:03:37.440,3.3,nan,-0.0,0.1,00:00:00,0.0,0.9,-0.7,219.0
2025-05-27 14:03:38.439,3.1,nan,0.0,0.0,00:00:00,0.0,0.9,-0.7,219.0
2025-05-27 14:03:39.439,3.1,nan,0.0,0.0,00:00:00,0.0,0.9,-0.7,219.0
2025-05-27 14:03:40.441,3.3,nan,-0.0,0.0,00:00:00,0.0,0.9,-0.7,219.0
2025-05-27 14:03:41.441,3.2,nan,-0.0,0.0,00:00:00,0.0,1.0,-0.7,219.0
2025-05-27 14:03:42.442,3.2,nan,0.0,0.0,00:00:00,0.0,0.9,-0.7,219.0
2025-05-27 14:03:43.441,3.1,nan,0.0,0.0,00:00:00,0.0,1.0,-0.7,219.0
2025-05-27 14:03:44.440,3.0,nan,-0.0,0.0,00:00:00,0.0,1.0,-0.7,219.0
2025-05-27 14:03:45.441,3.1,nan,-0.0,0.0,00:00:00,0.0,1.0,-0.7,219.0
2025-05-27 14:03:46.438,2.7,nan,-0.0,0.0,00:00:00,0.0,1.0,-0.8,219.0
2025-05-27 14:03:47.439,2.8,nan,0.0,0.0,00:00:00,0.0,1.1,-0.8,219.0
2025-05-27 14:03:48.440,2.7,nan,0.0,0.1,00:00:00,0.0,1.1,-0.8,219.0
2025-05-27 14:03:49.443,2.4,nan,-0.0,0.1,00:00:00,0.0,1.1,-0.8,220.0
2025-05-27 14:03:50.438,2.6,nan,-0.0,0.1,00:00:00,0.0,1.1,-0.8,220.0
2025-05-27 14:03:51.438,3.0,nan,-0.0,0.1,00:00:00,0.0,1.1,-0.8,220.0
2025-05-27 14:03:52.442,3.1,nan,-0.0,0.1,00:00:00,0.0,1.1,-0.8,220.0
2025-05-27 14:03:53.441,3.3,nan,0.0,0.1,00:00:00,0.0,1.1,-0.8,220.0
2025-05-27 14:03:54.439,2.9,nan,0.0,0.1,00:00:00,0.0,1.1,-0.8,220.0
2025-05-27 14:03:55.442,3.2,nan,0.0,0.1,00:00:00,0.0,1.1,-0.8,220.0
2025-05-27 14:03:56.441,2.6,nan,-0.0,0.1,00:00:00,0.0,1.1,-0.8,220.0
2025-05-27 14:03:57.439,3.2,nan,-0.0,0.1,00:00:00,0.0,1.1,-0.8,220.0
2025-05-27 14:03:58.440,3.0,nan,-0.0,0.1,00:00:00,0.0,1.1,-0.7,220.0
2025-05-27 14:03:59.438,3.4,nan,0.0,0.1,00:00:00,0.0,1.1,-0.7,220.0
2025-05-27 14:04:00.442,3.0,nan,0.0,0.1,00:00:00,0.0,1.1,-0.7,220.0
2025-05-27 14:04:01.440,3.4,nan,0.0,0.1,00:00:00,0.0,1.2,-0.8,220.0
2025-05-27 14:04:02.440,3.4,nan,0.0,0.1,00:00:00,0.0,1.2,-0.8,220.0
2025-05-27 14:04:03.438,3.8,nan,0.0,0.1,00:00:00,0.0,1.1,-0.8,220.0
2025-05-27 14:04:04.438,3.2,nan,0.0,0.1,00:00:00,0.0,1.2,-0.8,220.0
2025-05-27 14:04:05.442,3.4,nan,-0.0,0.1,00:00:00,0.0,1.1,-0.7,220.0
2025-05-27 14:04:06.438,2.9,nan,-0.0,0.1,00:00:00,0.0,1.1,-0.8,220.0
2025-05-27 14:04:07.442,2.8,nan,-0.0,0.1,00:00:00,0.0,1.1,-0.7,220.0
2025-05-27 14:04:08.441,2.9,nan,-0.0,0.1,00:00:00,0.0,1.0,-0.7,220.0
2025-05-27 14:04:09.438,2.6,nan,-0.0,0.1,00:00:00,0.0,1.0,-0.7,220.0
2025-05-27 14:04:10.438,2.4,nan,-0.0,0.0,00:00:00,0.0,1.0,-0.7,220.0
2025-05-27 14:04:11.440,3.2,nan,-0.0,0.0,00:00:00,0.0,1.0,-0.7,220.0
2025-05-27 14:04:12.442,2.2,nan,-0.0,0.1,00:00:00,0.0,1.1,-0.8,220.0
2025-05-27 14:04:13.438,3.3,nan,-0.0,0.1,00:00:00,0.0,1.1,-0.7,220.0
2025-05-27 14:04:14.438,3.1,nan,0.0,0.1,00:00:00,0.0,1.1,-0.7,220.0
2025-05-27 14:04:15.440,3.1,nan,0.0,0.1,00:00:00,0.0,1.1,-0.7,220.0
2025-05-27 14:04:16.438,3.1,nan,0.0,0.1,00:00:00,0.0,1.1,-0.7,220.0
2025-05-27 14:04:17.438,3.1,nan,0.0,0.1,00:00:00,0.0,1.1,-0.7,220.0
2025-05-27 14:04:18.441,3.1,nan,0.0,0.1,00:00:00,0.0,1.1,-0.7,220.0
2025-05-27 14:04:19.439,3.1,nan,0.0,0.1,00:00:00,0.0,1.1,-0.7,220.0
2025-05-27 14:04:20.440,3.1,nan,0.0,0.1,00:00:00,0.0,1.1,-0.7,220.0
2025-05-27 14:04:21.440,3.1,nan,0.0,0.1,00:00:00,0.0,1.1,-0.7,220.0
2025-05-27 14:04:22.441,3.1,nan,0.0,0.1,00:00:00,0.0,1.1,-0.7,220.0
2025-05-27 14:04:23.439,3.1,nan,0.0,0.1,00:00:00,0.0,1.1,-0.7,220.0
2025-05-27 14:04:24.439,3.1,nan,0.0,0.1,00:00:00,0.0,1.1,-0.7,220.0
2025-05-27 14:04:25.439,3.1,nan,0.0,0.1,00:00:00,0.0,1.1,-0.7,220.0
2025-05-27 14:04:26.442,3.1,nan,0.0,0.1,00:00:00,0.0,1.1,-0.7,220.0
2025-05-27 14:04:27.440,3.1,nan,0.0,0.1,00:00:00,0.0,1.1,-0.7,220.0
2025-05-27 14:04:28.442,3.1,nan,0.0,0.1,00:00:00,0.0,1.1,-0.7,220.0
2025-05-27 14:04:29.439,3.1,nan,0.0,0.1,00:00:00,0.0,1.1,-0.7,220.0
2025-05-27 14:04:30.440,3.1,nan,0.0,0.1,00:00:00,0.0,1.1,-0.7,220.0
2025-05-27 14:04:31.441,3.1,nan,0.0,0.1,00:00:00,0.0,1.1,-0.7,220.0
2025-05-27 14:04:32.438,3.1,nan,0.0,0.1,00:00:00,0.0,1.1,-0.7,220.0
2025-05-27 14:04:33.438,3.1,nan,0.0,0.1,00:00:00,0.0,1.1,-0.7,220.0
2025-05-27 14:04:34.439,3.1,nan,0.0,0.1,00:00:00,0.0,1.1,-0.7,220.0
2025-05-27 14:04:35.440,3.1,nan,0.0,0.1,00:00:00,0.0,1.1,-0.7,220.0
2025-05-27 14:04:36.439,3.1,nan,0.0,0.1,00:00:00,0.0,1.1,-0.7,220.0
2025-05-27 14:04:37.440,3.1,nan,0.0,0.1,00:00:00,0.0,1.1,-0.7,220.0
2025-05-27 14:04:38.438,3.1,nan,0.0,0.1,00:00:00,0.0,1.1,-0.7,220.0
2025-05-27 14:04:39.441,3.1,nan,0.0,0.1,00:00:00,0.0,1.1,-0.7,220.0
2025-05-27 14:04:40.442,3.1,nan,0.0,0.1,00:00:00,0.0,1.1,-0.7,220.0
2025-05-27 14:04:41.438,3.1,nan,0.0,0.1,00:00:00,0.0,1.1,-0.7,220.0
2025-05-27 14:04:42.438,3.1,nan,0.0,0.1,00:00:00,0.0,1.1,-0.7,220.0
2025-05-27 14:04:43.439,3.1,nan,0.0,0.1,00:00:00,0.0,1.1,-0.7,220.0
2025-05-27 14:04:44.439,3.1,nan,0.0,0.1,00:00:00,0.0,1.1,-0.7,220.0
2025-05-27 14:04:45.441,3.1,nan,0.0,0.1,00:00:00,0.0,1.1,-0.7,220.0
2025-05-27 14:04:46.438,3.1,nan,0.0,0.1,00:00:00,0.0,1.1,-0.7,220.0
2025-05-27 14:04:47.442,3.1,nan,0.0,0.1,00:00:00,0.0,1.1,-0.7,220.0
2025-05-27 14:04:48.442,3.1,nan,0.0,0.1,00:00:00,0.0,1.1,-0.7,220.0
2025-05-27 14:04:49.439,3.1,nan,0.0,0.1,00:00:00,0.0,1.1,-0.7,220.0
2025-05-27 14:04:50.442,3.1,nan,0.0,0.1,00:00:00,0.0,1.1,-0.7,220.0
2025-05-27 14:04:51.438,3.1,nan,0.0,0.1,00:00:00,0.0,1.1,-0.7,220.0
2025-05-27 14:04:52.439,3.1,nan,0.0,0.1,00:00:00,0.0,1.1,-0.7,220.0
2025-05-27 14:04:53.439,3.1,nan,0.0,0.1,00:00:00,0.0,1.1,-0.7,220.0
2025-05-27 14:04:54.439,3.1,nan,0.0,0.1,00:00:00,0.0,1.1,-0.7,220.0
2025-05-27 14:04:55.442,3.1,nan,0.0,0.1,00:00:00,0.0,1.1,-0.7,220.0
2025-05-27 14:04:56.442,3.1,nan,0.0,0.1,00:00:00,0.0,1.1,-0.7,220.0
2025-05-27 14:04:57.440,3.1,nan,0.0,0.1,00:00:00,0.0,1.1,-0.7,220.0
2025-05-27 14:04:58.439,3.1,nan,0.0,0.1,00:00:00,0.0,1.1,-0.7,220.0
2025-05-27 14:04:59.438,3.1,nan,0.0,0.1,00:00:00,0.0,1.1,-0.7,220.0
2025-05-27 14:05:00.438,3.1,nan,0.0,0.1,00:00:00,0.0,1.1,-0.7,220.0
2025-05-27 14:05:01.440,3.1,nan,0.0,0.1,00:00:00,0.0,1.1,-0.7,220.0
2025-05-27 14:05:02.441,3.1,nan,0.0,0.1,00:00:00,0.0,1.1,-0.7,220.0
2025-05-27 14:05:03.439,3.1,nan,0.0,0.1,00:00:00,0.0,1.1,-0.7,220.0
2025-05-27 14:05:04.441,3.1,nan,0.0,0.1,00:00:00,0.0,1.1,-0.7,220.0
2025-05-27 14:05:05.439,3.1,nan,0.0,0.1,00:00:00,0.0,1.1,-0.7,220.0
2025-05-27 14:05:06.438,3.1,nan,0.0,0.1,00:00:00,0.0,1.1,-0.7,220.0
2025-05-27 14:05:07.439,3.1,nan,0.0,0.1,00:00:00,0.0,1.1,-0.7,220.0
2025-05-27 14:05:08.441,3.1,nan,0.0,0.1,00:00:00,0.0,1.1,-0.7,220.0
2025-05-27 14:05:09.441,3.1,nan,0.0,0.1,00:00:00,0.0,1.1,-0.7,220.0
2025-05-27 14:05:10.443,3.1,nan,0.0,0.1,00:00:00,0.0,1.1,-0.7,220.0
2025-05-27 14:05:11.439,3.1,nan,0.0,0.1,00:00:00,0.0,1.1,-0.7,220.0
2025-05-27 14:05:12.438,3.1,nan,0.0,0.1,00:00:00,0.0,1.1,-0.7,220.0
2025-05-27 14:05:13.441,3.1,nan,0.0,0.1,00:00:00,0.0,1.1,-0.7,220.0
2025-05-27 14:05:14.438,3.1,nan,0.0,0.1,00:00:00,0.0,1.1,-0.7,220.0
2025-05-27 14:05:15.439,3.1,nan,0.0,0.1,00:00:00,0.0,1.1,-0.7,220.0
2025-05-27 14:05:16.439,3.1,nan,0.0,0.1,00:00:00,0.0,1.1,-0.7,220.0
2025-05-27 14:05:17.439,3.1,nan,0.0,0.1,00:00:00,0.0,1.1,-0.7,220.0
2025-05-27 14:05:18.439,3.1,nan,0.0,0.1,00:00:00,0.0,1.1,-0.7,220.0
2025-05-27 14:05:19.442,3.1,nan,0.0,0.1,00:00:00,0.0,1.1,-0.7,220.0
2025-05-27 14:05:20.440,3.1,nan,0.0,0.1,00:00:00,0.0,1.1,-0.7,220.0
2025-05-27 14:05:21.438,3.1,nan,0.0,0.1,00:00:00,0.0,1.1,-0.7,220.0
2025-05-27 14:05:22.440,3.1,nan,0.0,0.1,00:00:00,0.0,1.1,-0.7,220.0
2025-05-27 14:05:23.438,3.1,nan,0.0,0.1,00:00:00,0.0,1.1,-0.7,220.0
2025-05-27 14:05:24.438,3.1,nan,0.0,0.1,00:00:00,0.0,1.1,-0.7,220.0
2025-05-27 14:05:25.439,3.1,nan,0.0,0.1,00:00:00,0.0,1.1,-0.7,220.0
2025-05-27 14:05:26.440,3.1,nan,0.0,0.1,00:00:00,0.0,1.1,-0.7,220.0
2025-05-27 14:05:27.438,3.1,nan,0.0,0.1,00:00:00,0.0,1.1,-0.7,220.0
2025-05-27 14:05:28.442,3.1,nan,0.0,0.1,00:00:00,0.0,1.1,-0.7,220.0
2025-05-27 14:05:29.440,3.1,nan,0.0,0.1,00:00:00,0.0,1.1,-0.7,220.0
2025-05-27 14:05:30.441,3.1,nan,0.0,0.1,00:00:00,0.0,1.1,-0.7,220.0
2025-05-27 14:05:31.441,3.1,nan,0.0,0.1,00:00:00,0.0,1.1,-0.7,220.0
2025-05-27 14:05:32.438,3.1,nan,0.0,0.1,00:00:00,0.0,1.1,-0.7,220.0
2025-05-27 14:05:33.441,3.1,nan,0.0,0.1,00:00:00,0.0,1.1,-0.7,220.0
2025-05-27 14:05:34.442,3.1,nan,0.0,0.1,00:00:00,0.0,1.1,-0.7,220.0
2025-05-27 14:05:35.439,3.1,nan,0.0,0.1,00:00:00,0.0,1.1,-0.7,220.0
2025-05-27 14:05:36.441,3.1,nan,0.0,0.1,00:00:00,0.0,1.1,-0.7,220.0
2025-05-27 14:05:37.440,3.1,nan,0.0,0.1,00:00:00,0.0,1.1,-0.7,220.0
2025-05-27 14:05:38.440,3.1,nan,0.0,0.1,00:00:00,0.0,1.1,-0.7,220.0
2025-05-27 14:05:39.441,3.1,nan,0.0,0.1,00:00:00,0.0,1.1,-0.7,220.0
2025-05-27 14:05:40.440,3.1,nan,0.0,0.1,00:00:00,0.0,1.1,-0.7,220.0
2025-05-27 14:05:41.441,3.1,nan,0.0,0.1,00:00:00,0.0,1.1,-0.7,220.0
2025-05-27 14:05:42.442,3.1,nan,0.0,0.1,00:00:00,0.0,1.1,-0.7,220.0
2025-05-27 14:05:43.438,3.1,nan,0.0,0.1,00:00:00,0.0,1.1,-0.7,220.0
2025-05-27 14:05:44.438,3.1,nan,0.0,0.1,00:00:00,0.0,1.1,-0.7,220.0
2025-05-27 14:05:45.442,3.1,nan,0.0,0.1,00:00:00,0.0,1.1,-0.7,220.0
2025-05-27 14:05:46.438,3.1,nan,0.0,0.1,00:00:00,0.0,1.1,-0.7,220.0
2025-05-27 14:05:47.441,3.1,nan,0.0,0.1,00:00:00,0.0,1.1,-0.7,220.0
2025-05-27 14:05:48.441,3.1,nan,0.0,0.1,00:00:00,0.0,1.1,-0.7,220.0
2025-05-27 14:05:49.441,3.1,nan,0.0,0.1,00:00:00,0.0,1.1,-0.7,220.0
2025-05-27 14:05:50.438,3.1,nan,0.0,0.1,00:00:00,0.0,1.1,-0.7,220.0
2025-05-27 14:05:51.440,3.1,nan,0.0,0.1,00:00:00,0.0,1.1,-0.7,220.0
2025-05-27 14:05:52.438,3.1,nan,0.0,0.1,00:00:00,0.0,1.1,-0.7,220.0
2025-05-27 14:05:53.440,3.1,nan,0.0,0.1,00:00:00,0.0,1.1,-0.7,220.0
2025-05-27 14:05:54.441,3.1,nan,0.0,0.1,00:00:00,0.0,1.1,-0.7,220.0
2025-05-27 14:05:55.438,3.1,nan,0.0,0.1,00:00:00,0.0,1.1,-0.7,220.0
2025-05-27 14:05:56.438,3.1,nan,0.0,0.1,00:00:00,0.0,1.1,-0.7,220.0
2025-05-27 14:05:57.440,3.1,nan,0.0,0.1,00:00:00,0.0,1.1,-0.7,220.0
2025-05-27 14:05:58.439,3.1,nan,0.0,0.1,00:00:00,0.0,1.1,-0.7,220.0
2025-05-27 14:05:59.441,3.1,nan,0.0,0.1,00:00:00,0.0,1.1,-0.7,220.0
2025-05-27 14:06:00.438,3.1,nan,0.0,0.1,00:00:00,0.0,1.1,-0.7,220.0
2025-05-27 14:06:01.441,3.1,nan,0.0,0.1,00:00:00,0.0,1.1,-0.7,220.0
2025-05-27 14:06:02.441,3.1,nan,0.0,0.1,00:00:00,0.0,1.1,-0.7,220.0
2025-05-27 14:06:03.439,3.1,nan,0.0,0.1,00:00:00,0.0,1.1,-0.7,220.0
2025-05-27 14:06:04.440,3.1,nan,0.0,0.1,00:00:00,0.0,1.1,-0.7,220.0
2025-05-27 14:06:05.440,3.1,nan,0.0,0.1,00:00:00,0.0,1.1,-0.7,220.0
2025-05-27 14:06:06.438,3.1,nan,0.0,0.1,00:00:00,0.0,1.1,-0.7,220.0
2025-05-27 14:06:07.440,3.1,nan,0.0,0.1,00:00:00,0.0,1.1,-0.7,220.0
2025-05-27 14:06:08.441,3.1,nan,0.0,0.1,00:00:00,0.0,1.1,-0.7,220.0
2025-05-27 14:06:09.440,3.1,nan,0.0,0.1,00:00:00,0.0,1.1,-0.7,220.0
2025-05-27 14:06:10.440,3.1,nan,0.0,0.1,00:00:00,0.0,1.1,-0.7,220.0
2025-05-27 14:06:11.441,3.1,nan,0.0,0.1,00:00:00,0.0,1.1,-0.7,220.0
2025-05-27 14:06:12.438,3.1,nan,0.0,0.1,00:00:00,0.0,1.1,-0.7,220.0
2025-05-27 14:06:13.439,3.1,nan,0.0,0.1,00:00:00,0.0,1.1,-0.7,220.0
2025-05-27 14:06:14.439,3.1,nan,0.0,0.1,00:00:00,0.0,1.1,-0.7,220.0
2025-05-27 14:06:15.439,3.1,nan,0.0,0.1,00:00:00,0.0,1.1,-0.7,220.0
2025-05-27 14:06:16.439,3.1,nan,0.0,0.1,00:00:00,0.0,1.1,-0.7,220.0
2025-05-27 14:06:17.440,3.1,nan,0.0,0.1,00:00:00,0.0,1.1,-0.7,220.0
2025-05-27 14:06:18.439,3.1,nan,0.0,0.1,00:00:00,0.0,1.1,-0.7,220.0
2025-05-27 14:06:19.439,3.1,nan,0.0,0.1,00:00:00,0.0,1.1,-0.7,220.0
2025-05-27 14:06:20.439,3.1,nan,0.0,0.1,00:00:00,0.0,1.1,-0.7,220.0
2025-05-27 14:06:21.441,3.1,nan,0.0,0.1,00:00:00,0.0,1.1,-0.7,220.0
2025-05-27 14:06:22.440,3.1,nan,0.0,0.1,00:00:00,0.0,1.1,-0.7,220.0
2025-05-27 14:06:23.440,3.1,nan,0.0,0.1,00:00:00,0.0,1.1,-0.7,220.0
2025-05-27 14:06:24.438,3.1,nan,0.0,0.1,00:00:00,0.0,1.1,-0.7,220.0
2025-05-27 14:06:25.439,3.1,nan,0.0,0.1,00:00:00,0.0,1.1,-0.7,220.0
2025-05-27 14:06:26.439,3.1,nan,0.0,0.1,00:00:00,0.0,1.1,-0.7,220.0
2025-05-27 14:06:27.438,3.1,nan,0.0,0.1,00:00:00,0.0,1.1,-0.7,220.0
2025-05-27 14:06:28.441,3.1,nan,0.0,0.1,00:00:00,0.0,1.1,-0.7,220.0
2025-05-27 14:06:29.440,3.1,nan,0.0,0.1,00:00:00,0.0,1.1,-0.7,220.0
2025-05-27 14:06:30.441,3.1,nan,0.0,0.1,00:00:00,0.0,1.1,-0.7,220.0
2025-05-27 14:06:31.441,3.1,nan,0.0,0.1,00:00:00,0.0,1.1,-0.7,220.0
2025-05-27 14:06:32.440,3.1,nan,0.0,0.1,00:00:00,0.0,1.1,-0.7,220.0
2025-05-27 14:06:33.439,3.1,nan,0.0,0.1,00:00:00,0.0,1.1,-0.7,220.0
2025-05-27 14:06:34.440,3.1,nan,0.0,0.1,00:00:00,0.0,1.1,-0.7,220.0
2025-05-27 14:06:35.440,3.1,nan,0.0,0.1,00:00:00,0.0,1.1,-0.7,220.0
2025-05-27 14:06:36.441,3.1,nan,0.0,0.1,00:00:00,0.0,1.1,-0.7,220.0
2025-05-27 14:06:37.441,3.1,nan,0.0,0.1,00:00:00,0.0,1.1,-0.7,220.0
2025-05-27 14:06:38.440,3.1,nan,0.0,0.1,00:00:00,0.0,1.1,-0.7,220.0
2025-05-27 14:06:39.440,3.1,nan,0.0,0.1,00:00:00,0.0,1.1,-0.7,220.0
2025-05-27 14:06:40.439,3.1,nan,0.0,0.1,00:00:00,0.0,1.1,-0.7,220.0
2025-05-27 14:06:41.438,3.1,nan,0.0,0.1,00:00:00,0.0,1.1,-0.7,220.0
2025-05-27 14:06:42.439,3.1,nan,0.0,0.1,00:00:00,0.0,1.1,-0.7,220.0
2025-05-27 14:06:43.441,3.1,nan,0.0,0.1,00:00:00,0.0,1.1,-0.7,220.0
2025-05-27 14:06:44.440,3.1,nan,0.0,0.1,00:00:00,0.0,1.1,-0.7,220.0
2025-05-27 14:06:45.440,3.1,nan,0.0,0.1,00:00:00,0.0,1.1,-0.7,220.0
2025-05-27 14:06:46.439,3.1,nan,0.0,0.1,00:00:00,0.0,1.1,-0.7,220.0
2025-05-27 14:06:47.441,3.1,nan,0.0,0.1,00:00:00,0.0,1.1,-0.7,220.0
2025-05-27 14:06:48.439,3.1,nan,0.0,0.1,00:00:00,0.0,1.1,-0.7,220.0
2025-05-27 14:06:49.438,3.1,nan,0.0,0.1,00:00:00,0.0,1.1,-0.7,220.0
2025-05-27 14:06:50.439,3.1,nan,0.0,0.1,00:00:00,0.0,1.1,-0.7,220.0
2025-05-27 14:06:51.439,3.1,nan,0.0,0.1,00:00:00,0.0,1.1,-0.7,220.0
2025-05-27 14:06:52.440,3.1,nan,0.0,0.1,00:00:00,0.0,1.1,-0.7,220.0
2025-05-27 14:06:53.440,3.1,nan,0.0,0.1,00:00:00,0.0,1.1,-0.7,220.0
2025-05-27 14:06:54.440,3.1,nan,0.0,0.1,00:00:00,0.0,1.1,-0.7,220.0
2025-05-27 14:06:55.439,3.1,nan,0.0,0.1,00:00:00,0.0,1.1,-0.7,220.0
2025-05-27 14:06:56.441,3.1,nan,0.0,0.1,00:00:00,0.0,1.1,-0.7,220.0
2025-05-27 14:06:57.438,3.1,nan,0.0,0.1,00:00:00,0.0,1.1,-0.7,220.0
2025-05-27 14:06:58.441,3.1,nan,0.0,0.1,00:00:00,0.0,1.1,-0.7,220.0
2025-05-27 14:06:59.442,3.1,nan,0.0,0.1,00:00:00,0.0,1.1,-0.7,220.0
2025-05-27 14:07:00.441,3.1,nan,0.0,0.1,00:00:00,0.0,1.1,-0.7,220.0
2025-05-27 14:07:01.440,3.1,nan,0.0,0.1,00:00:00,0.0,1.1,-0.7,220.0
2025-05-27 14:07:02.441,3.1,nan,0.0,0.1,00:00:00,0.0,1.1,-0.7,220.0
2025-05-27 14:07:03.439,3.1,nan,0.0,0.1,00:00:00,0.0,1.1,-0.7,220.0
2025-05-27 14:07:04.440,3.1,nan,0.0,0.1,00:00:00,0.0,1.1,-0.7,220.0
2025-05-27 14:07:05.442,3.1,nan,0.0,0.1,00:00:00,0.0,1.1,-0.7,220.0
2025-05-27 14:07:06.439,3.1,nan,0.0,0.1,00:00:00,0.0,1.1,-0.7,220.0
2025-05-27 14:07:07.439,3.1,nan,0.0,0.1,00:00:00,0.0,1.1,-0.7,220.0
2025-05-27 14:07:08.439,3.1,nan,0.0,0.1,00:00:00,0.0,1.1,-0.7,220.0
2025-05-27 14:07:09.439,3.1,nan,0.0,0.1,00:00:00,0.0,1.1,-0.7,220.0
2025-05-27 14:07:10.441,3.1,nan,0.0,0.1,00:00:00,0.0,1.1,-0.7,220.0
2025-05-27 14:07:11.439,3.1,nan,0.0,0.1,00:00:00,0.0,1.1,-0.7,220.0
2025-05-27 14:07:12.438,3.1,nan,0.0,0.1,00:00:00,0.0,1.1,-0.7,220.0
2025-05-27 14:07:13.439,3.1,nan,0.0,0.1,00:00:00,0.0,1.1,-0.7,220.0
2025-05-27 14:07:14.440,3.1,nan,0.0,0.1,00:00:00,0.0,1.1,-0.7,220.0
2025-05-27 14:07:15.442,3.1,nan,0.0,0.1,00:00:00,0.0,1.1,-0.7,220.0
2025-05-27 14:07:16.439,3.1,nan,0.0,0.1,00:00:00,0.0,1.1,-0.7,220.0
2025-05-27 14:07:17.441,3.1,nan,0.0,0.1,00:00:00,0.0,1.1,-0.7,220.0
2025-05-27 14:07:18.438,3.1,nan,0.0,0.1,00:00:00,0.0,1.1,-0.7,220.0
2025-05-27 14:07:19.441,3.1,nan,0.0,0.1,00:00:00,0.0,1.1,-0.7,220.0
2025-05-27 14:07:20.438,3.1,nan,0.0,0.1,00:00:00,0.0,1.1,-0.7,220.0
2025-05-27 14:07:21.442,3.1,nan,0.0,0.1,00:00:00,0.0,1.1,-0.7,220.0
2025-05-27 14:07:22.440,3.1,nan,0.0,0.1,00:00:00,0.0,1.1,-0.7,220.0
2025-05-27 14:07:23.440,3.1,nan,0.0,0.1,00:00:00,0.0,1.1,-0.7,220.0
2025-05-27 14:07:24.442,3.1,nan,0.0,0.1,00:00:00,0.0,1.1,-0.7,220.0
2025-05-27 14:07:25.441,3.1,nan,0.0,0.1,00:00:00,0.0,1.1,-0.7,220.0
2025-05-27 14:07:26.439,3.1,nan,0.0,0.1,00:00:00,0.0,1.1,-0.7,220.0
2025-05-27 14:07:27.442,3.1,nan,0.0,0.1,00:00:00,0.0,1.1,-0.7,220.0
2025-05-27 14:07:28.438,3.1,nan,0.0,0.1,00:00:00,0.0,1.1,-0.7,220.0
2025-05-27 14:07:29.438,3.1,nan,0.0,0.1,00:00:00,0.0,1.1,-0.7,220.0
2025-05-27 14:07:30.442,3.1,nan,0.0,0.1,00:00:00,0.0,1.1,-0.7,220.0
2025-05-27 14:07:31.440,3.1,nan,0.0,0.1,00:00:00,0.0,1.1,-0.7,220.0
2025-05-27 14:07:32.440,3.1,nan,0.0,0.1,00:00:00,0.0,1.1,-0.7,220.0
2025-05-27 14:07:33.441,3.1,nan,0.0,0.1,00:00:00,0.0,1.1,-0.7,220.0
2025-05-27 14:07:34.438,3.1,nan,0.0,0.1,00:00:00,0.0,1.1,-0.7,220.0
2025-05-27 14:07:35.441,3.1,nan,0.0,0.1,00:00:00,0.0,1.1,-0.7,220.0
2025-05-27 14:07:36.439,3.1,nan,0.0,0.1,00:00:00,0.0,1.1,-0.7,220.0
2025-05-27 14:07:37.438,3.1,nan,0.0,0.1,00:00:00,0.0,1.1,-0.7,220.0
2025-05-27 14:07:38.438,3.1,nan,0.0,0.1,00:00:00,0.0,1.1,-0.7,220.0
2025-05-27 14:07:39.440,3.1,nan,0.0,0.1,00:00:00,0.0,1.1,-0.7,220.0
2025-05-27 14:07:40.440,3.1,nan,0.0,0.1,00:00:00,0.0,1.1,-0.7,220.0
2025-05-27 14:07:41.438,3.1,nan,0.0,0.1,00:00:00,0.0,1.1,-0.7,220.0
2025-05-27 14:07:42.441,3.1,nan,0.0,0.1,00:00:00,0.0,1.1,-0.7,220.0
2025-05-27 14:07:43.438,3.1,nan,0.0,0.1,00:00:00,0.0,1.1,-0.7,220.0
2025-05-27 14:07:44.440,3.1,nan,0.0,0.1,00:00:00,0.0,1.1,-0.7,220.0
2025-05-27 14:07:45.441,3.1,nan,0.0,0.1,00:00:00,0.0,1.1,-0.7,220.0
2025-05-27 14:07:46.438,3.1,nan,0.0,0.1,00:00:00,0.0,1.1,-0.7,220.0
2025-05-27 14:07:47.438,3.1,nan,0.0,0.1,00:00:00,0.0,1.1,-0.7,220.0
2025-05-27 14:07:48.439,3.1,nan,0.0,0.1,00:00:00,0.0,1.1,-0.7,220.0
2025-05-27 14:07:49.440,3.1,nan,0.0,0.1,00:00:00,0.0,1.1,-0.7,220.0
2025-05-27 14:07:50.441,3.1,nan,0.0,0.1,00:00:00,0.0,1.1,-0.7,220.0
2025-05-27 14:07:51.440,3.1,nan,0.0,0.1,00:00:00,0.0,1.1,-0.7,220.0
2025-05-27 14:07:52.438,3.1,nan,0.0,0.1,00:00:00,0.0,1.1,-0.7,220.0
2025-05-27 14:07:53.441,3.1,nan,0.0,0.1,00:00:00,0.0,1.1,-0.7,220.0
2025-05-27 14:07:54.441,3.1,nan,0.0,0.1,00:00:00,0.0,1.1,-0.7,220.0
2025-05-27 14:07:55.440,3.1,nan,0.0,0.1,00:00:00,0.0,1.1,-0.7,220.0
2025-05-27 14:07:56.440,3.1,nan,0.0,0.1,00:00:00,0.0,1.1,-0.7,220.0
2025-05-27 14:07:57.441,3.1,nan,0.0,0.1,00:00:00,0.0,1.1,-0.7,220.0
2025-05-27 14:07:58.441,3.1,nan,0.0,0.1,00:00:00,0.0,1.1,-0.7,220.0
2025-05-27 14:07:59.441,3.1,nan,0.0,0.1,00:00:00,0.0,1.1,-0.7,220.0
2025-05-27 14:08:00.438,3.1,nan,0.0,0.1,00:00:00,0.0,1.1,-0.7,220.0
2025-05-27 14:08:01.438,3.1,nan,0.0,0.1,00:00:00,0.0,1.1,-0.7,220.0
2025-05-27 14:08:02.440,3.1,nan,0.0,0.1,00:00:00,0.0,1.1,-0.7,220.0
2025-05-27 14:08:03.441,3.1,nan,0.0,0.1,00:00:00,0.0,1.1,-0.7,220.0
2025-05-27 14:08:04.442,3.1,nan,0.0,0.1,00:00:00,0.0,1.1,-0.7,220.0
2025-05-27 14:08:05.442,3.1,nan,0.0,0.1,00:00:00,0.0,1.1,-0.7,220.0
2025-05-27 14:08:06.439,3.1,nan,0.0,0.1,00:00:00,0.0,1.1,-0.7,220.0
2025-05-27 14:08:07.440,3.1,nan,0.0,0.1,00:00:00,0.0,1.1,-0.7,220.0
2025-05-27 14:08:08.438,3.1,nan,0.0,0.1,00:00:00,0.0,1.1,-0.7,220.0
2025-05-27 14:08:09.442,3.1,nan,0.0,0.1,00:00:00,0.0,1.1,-0.7,220.0
2025-05-27 14:08:10.442,3.1,nan,0.0,0.1,00:00:00,0.0,1.1,-0.7,220.0
2025-05-27 14:08:11.438,3.1,nan,0.0,0.1,00:00:00,0.0,1.1,-0.7,220.0
2025-05-27 14:08:12.442,3.1,nan,0.0,0.1,00:00:00,0.0,1.1,-0.7,220.0
2025-05-27 14:08:13.439,3.1,nan,0.0,0.1,00:00:00,0.0,1.1,-0.7,220.0
2025-05-27 14:08:14.441,3.1,nan,0.0,0.1,00:00:00,0.0,1.1,-0.7,220.0
2025-05-27 14:08:15.442,3.1,nan,0.0,0.1,00:00:00,0.0,1.1,-0.7,220.0
2025-05-27 14:08:16.439,3.1,nan,0.0,0.1,00:00:00,0.0,1.1,-0.7,220.0
2025-05-27 14:08:17.441,3.1,nan,0.0,0.1,00:00:00,0.0,1.1,-0.7,220.0
2025-05-27 14:08:18.438,3.1,nan,0.0,0.1,00:00:00,0.0,1.1,-0.7,220.0
2025-05-27 14:08:19.442,3.1,nan,0.0,0.1,00:00:00,0.0,1.1,-0.7,220.0
2025-05-27 14:08:20.440,3.1,nan,0.0,0.1,00:00:00,0.0,1.1,-0.7,220.0
2025-05-27 14:08:21.442,3.1,nan,0.0,0.1,00:00:00,0.0,1.1,-0.7,220.0
2025-05-27 14:08:22.440,3.1,nan,0.0,0.1,00:00:00,0.0,1.1,-0.7,220.0
2025-05-27 14:08:23.438,3.1,nan,0.0,0.1,00:00:00,0.0,1.1,-0.7,220.0
2025-05-27 14:08:24.438,3.1,nan,0.0,0.1,00:00:00,0.0,1.1,-0.7,220.0
2025-05-27 14:08:25.441,3.1,nan,0.0,0.1,00:00:00,0.0,1.1,-0.7,220.0
2025-05-27 14:08:26.441,3.1,nan,0.0,0.1,00:00:00,0.0,1.1,-0.7,220.0
2025-05-27 14:08:27.440,3.1,nan,0.0,0.1,00:00:00,0.0,1.1,-0.7,220.0
2025-05-27 14:08:28.439,3.1,nan,0.0,0.1,00:00:00,0.0,1.1,-0.7,220.0
2025-05-27 14:08:29.441,3.1,nan,0.0,0.1,00:00:00,0.0,1.1,-0.7,220.0
2025-05-27 14:08:30.441,3.1,nan,0.0,0.1,00:00:00,0.0,1.1,-0.7,220.0
2025-05-27 14:08:31.439,3.1,nan,0.0,0.1,00:00:00,0.0,1.1,-0.7,220.0
2025-05-27 14:08:32.441,3.1,nan,0.0,0.1,00:00:00,0.0,1.1,-0.7,220.0
2025-05-27 14:08:33.441,3.1,nan,0.0,0.1,00:00:00,0.0,1.1,-0.7,220.0
2025-05-27 14:08:34.442,3.1,nan,0.0,0.1,00:00:00,0.0,1.1,-0.7,220.0
2025-05-27 14:08:35.439,3.1,nan,0.0,0.1,00:00:00,0.0,1.1,-0.7,220.0
2025-05-27 14:08:36.440,3.1,nan,0.0,0.1,00:00:00,0.0,1.1,-0.7,220.0
2025-05-27 14:08:37.438,3.1,nan,0.0,0.1,00:00:00,0.0,1.1,-0.7,220.0
2025-05-27 14:08:38.442,3.1,nan,0.0,0.1,00:00:00,0.0,1.1,-0.7,220.0
2025-05-27 14:08:39.441,3.1,nan,0.0,0.1,00:00:00,0.0,1.1,-0.7,220.0
2025-05-27 14:08:40.439,3.1,nan,0.0,0.1,00:00:00,0.0,1.1,-0.7,220.0
2025-05-27 14:08:41.439,3.1,nan,0.0,0.1,00:00:00,0.0,1.1,-0.7,220.0
2025-05-27 14:08:42.440,3.1,nan,0.0,0.1,00:00:00,0.0,1.1,-0.7,220.0
2025-05-27 14:08:43.442,3.1,nan,0.0,0.1,00:00:00,0.0,1.1,-0.7,220.0
2025-05-27 14:08:44.439,3.1,nan,0.0,0.1,00:00:00,0.0,1.1,-0.7,220.0
2025-05-27 14:08:45.441,3.1,nan,0.0,0.1,00:00:00,0.0,1.1,-0.7,220.0
2025-05-27 14:08:46.441,3.1,nan,0.0,0.1,00:00:00,0.0,1.1,-0.7,220.0
2025-05-27 14:08:47.441,3.1,nan,0.0,0.1,00:00:00,0.0,1.1,-0.7,220.0
2025-05-27 14:08:48.441,3.1,nan,0.0,0.1,00:00:00,0.0,1.1,-0.7,220.0
2025-05-27 14:08:49.439,3.1,nan,0.0,0.1,00:00:00,0.0,1.1,-0.7,220.0
2025-05-27 14:08:50.442,3.1,nan,0.0,0.1,00:00:00,0.0,1.1,-0.7,220.0
2025-05-27 14:08:51.438,3.1,nan,0.0,0.1,00:00:00,0.0,1.1,-0.7,220.0
2025-05-27 14:08:52.440,3.1,nan,0.0,0.1,00:00:00,0.0,1.1,-0.7,220.0
2025-05-27 14:08:53.441,3.1,nan,0.0,0.1,00:00:00,0.0,1.1,-0.7,220.0
2025-05-27 14:08:54.438,3.1,nan,0.0,0.1,00:00:00,0.0,1.1,-0.7,220.0
2025-05-27 14:08:55.442,3.1,nan,0.0,0.1,00:00:00,0.0,1.1,-0.7,220.0
2025-05-27 14:08:56.438,3.1,nan,0.0,0.1,00:00:00,0.0,1.1,-0.7,220.0
2025-05-27 14:08:57.439,3.1,nan,0.0,0.1,00:00:00,0.0,1.1,-0.7,220.0
2025-05-27 14:08:58.442,3.1,nan,0.0,0.1,00:00:00,0.0,1.1,-0.7,220.0
2025-05-27 14:08:59.439,3.1,nan,0.0,0.1,00:00:00,0.0,1.1,-0.7,220.0
2025-05-27 14:09:00.440,3.1,nan,0.0,0.1,00:00:00,0.0,1.1,-0.7,220.0
2025-05-27 14:09:01.438,3.1,nan,0.0,0.1,00:00:00,0.0,1.1,-0.7,220.0
2025-05-27 14:09:02.440,3.1,nan,0.0,0.1,00:00:00,0.0,1.1,-0.7,220.0
2025-05-27 14:09:03.438,3.1,nan,0.0,0.1,00:00:00,0.0,1.1,-0.7,220.0
2025-05-27 14:09:04.440,3.1,nan,0.0,0.1,00:00:00,0.0,1.1,-0.7,220.0
2025-05-27 14:09:05.439,3.1,nan,0.0,0.1,00:00:00,0.0,1.1,-0.7,220.0
2025-05-27 14:09:06.440,3.1,nan,0.0,0.1,00:00:00,0.0,1.1,-0.7,220.0
2025-05-27 14:09:07.438,3.1,nan,0.0,0.1,00:00:00,0.0,1.1,-0.7,220.0
2025-05-27 14:09:08.438,3.1,nan,0.0,0.1,00:00:00,0.0,1.1,-0.7,220.0
2025-05-27 14:09:09.438,3.1,nan,0.0,0.1,00:00:00,0.0,1.1,-0.7,220.0
2025-05-27 14:09:10.442,3.1,nan,0.0,0.1,00:00:00,0.0,1.1,-0.7,220.0
2025-05-27 14:09:11.441,3.1,nan,0.0,0.1,00:00:00,0.0,1.1,-0.7,220.0
2025-05-27 14:09:12.442,3.1,nan,0.0,0.1,00:00:00,0.0,1.1,-0.7,220.0
2025-05-27 14:09:13.438,3.1,nan,0.0,0.1,00:00:00,0.0,1.1,-0.7,220.0
2025-05-27 14:09:14.440,3.1,nan,0.0,0.1,00:00:00,0.0,1.1,-0.7,220.0
2025-05-27 14:09:15.441,3.1,nan,0.0,0.1,00:00:00,0.0,1.1,-0.7,220.0
2025-05-27 14:09:16.440,3.1,nan,0.0,0.1,00:00:00,0.0,1.1,-0.7,220.0
2025-05-27 14:09:17.439,3.1,nan,0.0,0.1,00:00:00,0.0,1.1,-0.7,220.0
2025-05-27 14:09:18.440,3.1,nan,0.0,0.1,00:00:00,0.0,1.1,-0.7,220.0
2025-05-27 14:09:19.442,3.1,nan,0.0,0.1,00:00:00,0.0,1.1,-0.7,220.0
2025-05-27 14:09:20.440,3.1,nan,0.0,0.1,00:00:00,0.0,1.1,-0.7,220.0
2025-05-27 14:09:21.438,3.1,nan,0.0,0.1,00:00:00,0.0,1.1,-0.7,220.0
2025-05-27 14:09:22.450,3.1,nan,0.0,0.1,00:00:00,0.0,1.1,-0.7,220.0
2025-05-27 14:09:23.438,3.1,nan,0.0,0.1,00:00:00,0.0,1.1,-0.7,220.0
2025-05-27 14:09:24.439,3.1,nan,0.0,0.1,00:00:00,0.0,1.1,-0.7,220.0
2025-05-27 14:09:25.439,3.1,nan,0.0,0.1,00:00:00,0.0,1.1,-0.7,220.0
2025-05-27 14:09:26.439,3.1,nan,0.0,0.1,00:00:00,0.0,1.1,-0.7,220.0
2025-05-27 14:09:27.440,3.1,nan,0.0,0.1,00:00:00,0.0,1.1,-0.7,220.0
2025-05-27 14:09:28.439,3.1,nan,0.0,0.1,00:00:00,0.0,1.1,-0.7,220.0
2025-05-27 14:09:29.438,3.1,nan,0.0,0.1,00:00:00,0.0,1.1,-0.7,220.0
2025-05-27 14:09:30.440,3.1,nan,0.0,0.1,00:00:00,0.0,1.1,-0.7,220.0
2025-05-27 14:09:31.438,3.1,nan,0.0,0.1,00:00:00,0.0,1.1,-0.7,220.0
2025-05-27 14:09:32.440,3.1,nan,0.0,0.1,00:00:00,0.0,1.1,-0.7,220.0
2025-05-27 14:09:33.439,3.1,nan,0.0,0.1,00:00:00,0.0,1.1,-0.7,220.0
2025-05-27 14:09:34.442,3.1,nan,0.0,0.1,00:00:00,0.0,1.1,-0.7,220.0
2025-05-27 14:09:35.440,3.1,nan,0.0,0.1,00:00:00,0.0,1.1,-0.7,220.0
2025-05-27 14:09:36.442,3.1,nan,0.0,0.1,00:00:00,0.0,1.1,-0.7,220.0
2025-05-27 14:09:37.441,3.1,nan,0.0,0.1,00:00:00,0.0,1.1,-0.7,220.0
2025-05-27 14:09:38.439,3.1,nan,0.0,0.1,00:00:00,0.0,1.1,-0.7,220.0
2025-05-27 14:09:39.438,3.1,nan,0.0,0.1,00:00:00,0.0,1.1,-0.7,220.0
2025-05-27 14:09:40.439,3.1,nan,0.0,0.1,00:00:00,0.0,1.1,-0.7,220.0
2025-05-27 14:09:41.439,3.1,nan,0.0,0.1,00:00:00,0.0,1.1,-0.7,220.0
2025-05-27 14:09:42.438,3.1,nan,0.0,0.1,00:00:00,0.0,1.1,-0.7,220.0
2025-05-27 14:09:43.438,3.1,nan,0.0,0.1,00:00:00,0.0,1.1,-0.7,220.0
2025-05-27 14:09:44.440,3.1,nan,0.0,0.1,00:00:00,0.0,1.1,-0.7,220.0
2025-05-27 14:09:45.440,3.1,nan,0.0,0.1,00:00:00,0.0,1.1,-0.7,220.0
2025-05-27 14:09:46.439,3.1,nan,0.0,0.1,00:00:00,0.0,1.1,-0.7,220.0
2025-05-27 14:09:47.439,3.1,nan,0.0,0.1,00:00:00,0.0,1.1,-0.7,220.0
2025-05-27 14:09:48.442,3.1,nan,0.0,0.1,00:00:00,0.0,1.1,-0.7,220.0
2025-05-27 14:09:49.439,3.1,nan,0.0,0.1,00:00:00,0.0,1.1,-0.7,220.0
2025-05-27 14:09:50.441,3.1,nan,0.0,0.1,00:00:00,0.0,1.1,-0.7,220.0
2025-05-27 14:09:51.438,3.1,nan,0.0,0.1,00:00:00,0.0,1.1,-0.7,220.0
2025-05-27 14:09:52.441,3.1,nan,0.0,0.1,00:00:00,0.0,1.1,-0.7,220.0
2025-05-27 14:09:53.439,3.1,nan,0.0,0.1,00:00:00,0.0,1.1,-0.7,220.0
2025-05-27 14:09:54.440,3.1,nan,0.0,0.1,00:00:00,0.0,1.1,-0.7,220.0
2025-05-27 14:09:55.440,3.1,nan,0.0,0.1,00:00:00,0.0,1.1,-0.7,220.0
2025-05-27 14:09:56.439,3.1,nan,0.0,0.1,00:00:00,0.0,1.1,-0.7,220.0
2025-05-27 14:09:57.442,3.1,nan,0.0,0.1,00:00:00,0.0,1.1,-0.7,220.0
2025-05-27 14:09:58.441,3.1,nan,0.0,0.1,00:00:00,0.0,1.1,-0.7,220.0
2025-05-27 14:09:59.441,3.1,nan,0.0,0.1,00:00:00,0.0,1.1,-0.7,220.0
2025-05-27 14:10:00.441,3.1,nan,0.0,0.1,00:00:00,0.0,1.1,-0.7,220.0
2025-05-27 14:10:01.440,3.1,nan,0.0,0.1,00:00:00,0.0,1.1,-0.7,220.0
2025-05-27 14:10:02.441,3.1,nan,0.0,0.1,00:00:00,0.0,1.1,-0.7,220.0
2025-05-27 14:10:03.442,3.1,nan,0.0,0.1,00:00:00,0.0,1.1,-0.7,220.0
2025-05-27 14:10:04.438,3.1,nan,0.0,0.1,00:00:00,0.0,1.1,-0.7,220.0
2025-05-27 14:10:05.440,3.1,nan,0.0,0.1,00:00:00,0.0,1.1,-0.7,220.0
2025-05-27 14:10:06.440,3.1,nan,0.0,0.1,00:00:00,0.0,1.1,-0.7,220.0
2025-05-27 14:10:07.441,3.1,nan,0.0,0.1,00:00:00,0.0,1.1,-0.7,220.0
2025-05-27 14:10:08.441,3.1,nan,0.0,0.1,00:00:00,0.0,1.1,-0.7,220.0
2025-05-27 14:10:09.439,3.1,nan,0.0,0.1,00:00:00,0.0,1.1,-0.7,220.0
2025-05-27 14:10:10.440,3.1,nan,0.0,0.1,00:00:00,0.0,1.1,-0.7,220.0
2025-05-27 14:10:11.440,3.1,nan,0.0,0.1,00:00:00,0.0,1.1,-0.7,220.0
2025-05-27 14:10:12.439,3.1,nan,0.0,0.1,00:00:00,0.0,1.1,-0.7,220.0
2025-05-27 14:10:13.439,3.1,nan,0.0,0.1,00:00:00,0.0,1.1,-0.7,220.0
2025-05-27 14:10:14.439,3.1,nan,0.0,0.1,00:00:00,0.0,1.1,-0.7,220.0
2025-05-27 14:10:15.440,3.1,nan,0.0,0.1,00:00:00,0.0,1.1,-0.7,220.0
2025-05-27 14:10:16.439,3.1,nan,0.0,0.1,00:00:00,0.0,1.1,-0.7,220.0
2025-05-27 14:10:17.439,3.1,nan,0.0,0.1,00:00:00,0.0,1.1,-0.7,220.0
2025-05-27 14:10:18.439,3.1,nan,0.0,0.1,00:00:00,0.0,1.1,-0.7,220.0
2025-05-27 14:10:19.440,3.1,nan,0.0,0.1,00:00:00,0.0,1.1,-0.7,220.0
2025-05-27 14:10:20.441,3.1,nan,0.0,0.1,00:00:00,0.0,1.1,-0.7,220.0
2025-05-27 14:10:21.440,3.1,nan,0.0,0.1,00:00:00,0.0,1.1,-0.7,220.0
2025-05-27 14:10:22.442,3.1,nan,0.0,0.1,00:00:00,0.0,1.1,-0.7,220.0
2025-05-27 14:10:23.438,3.1,nan,0.0,0.1,00:00:00,0.0,1.1,-0.7,220.0
2025-05-27 14:10:24.439,3.1,nan,0.0,0.1,00:00:00,0.0,1.1,-0.7,220.0
2025-05-27 14:10:25.441,3.1,nan,0.0,0.1,00:00:00,0.0,1.1,-0.7,220.0
2025-05-27 14:10:26.440,3.1,nan,0.0,0.1,00:00:00,0.0,1.1,-0.7,220.0
2025-05-27 14:10:27.439,3.1,nan,0.0,0.1,00:00:00,0.0,1.1,-0.7,220.0
2025-05-27 14:10:28.440,3.1,nan,0.0,0.1,00:00:00,0.0,1.1,-0.7,220.0
2025-05-27 14:10:29.440,3.1,nan,0.0,0.1,00:00:00,0.0,1.1,-0.7,220.0
2025-05-27 14:10:30.439,3.1,nan,0.0,0.1,00:00:00,0.0,1.1,-0.7,220.0
2025-05-27 14:10:31.438,3.1,nan,0.0,0.1,00:00:00,0.0,1.1,-0.7,220.0
2025-05-27 14:10:32.441,3.1,nan,0.0,0.1,00:00:00,0.0,1.1,-0.7,220.0
2025-05-27 14:10:33.440,3.1,nan,0.0,0.1,00:00:00,0.0,1.1,-0.7,220.0
2025-05-27 14:10:34.440,3.1,nan,0.0,0.1,00:00:00,0.0,1.1,-0.7,220.0
2025-05-27 14:10:35.442,3.1,nan,0.0,0.1,00:00:00,0.0,1.1,-0.7,220.0
2025-05-27 14:10:36.440,3.1,nan,0.0,0.1,00:00:00,0.0,1.1,-0.7,220.0
2025-05-27 14:10:37.438,3.1,nan,0.0,0.1,00:00:00,0.0,1.1,-0.7,220.0
2025-05-27 14:10:38.440,3.1,nan,0.0,0.1,00:00:00,0.0,1.1,-0.7,220.0
2025-05-27 14:10:39.439,3.1,nan,0.0,0.1,00:00:00,0.0,1.1,-0.7,220.0
2025-05-27 14:10:40.442,3.1,nan,0.0,0.1,00:00:00,0.0,1.1,-0.7,220.0
2025-05-27 14:10:41.441,3.1,nan,0.0,0.1,00:00:00,0.0,1.1,-0.7,220.0
2025-05-27 14:10:42.444,3.1,nan,0.0,0.1,00:00:00,0.0,1.1,-0.7,220.0
2025-05-27 14:10:43.441,3.1,nan,0.0,0.1,00:00:00,0.0,1.1,-0.7,220.0
2025-05-27 14:10:44.438,3.1,nan,0.0,0.1,00:00:00,0.0,1.1,-0.7,220.0
2025-05-27 14:10:45.440,3.1,nan,0.0,0.1,00:00:00,0.0,1.1,-0.7,220.0
2025-05-27 14:10:46.441,3.1,nan,0.0,0.1,00:00:00,0.0,1.1,-0.7,220.0
2025-05-27 14:10:47.439,3.1,nan,0.0,0.1,00:00:00,0.0,1.1,-0.7,220.0
2025-05-27 14:10:48.442,3.1,nan,0.0,0.1,00:00:00,0.0,1.1,-0.7,220.0
2025-05-27 14:10:49.440,3.1,nan,0.0,0.1,00:00:00,0.0,1.1,-0.7,220.0
2025-05-27 14:10:50.440,3.1,nan,0.0,0.1,00:00:00,0.0,1.1,-0.7,220.0
2025-05-27 14:10:51.441,3.1,nan,0.0,0.1,00:00:00,0.0,1.1,-0.7,220.0
2025-05-27 14:10:52.440,3.1,nan,0.0,0.1,00:00:00,0.0,1.1,-0.7,220.0
2025-05-27 14:10:53.440,3.1,nan,0.0,0.1,00:00:00,0.0,1.1,-0.7,220.0
2025-05-27 14:10:54.441,3.1,nan,0.0,0.1,00:00:00,0.0,1.1,-0.7,220.0
2025-05-27 14:10:55.438,3.1,nan,0.0,0.1,00:00:00,0.0,1.1,-0.7,220.0
2025-05-27 14:10:56.441,3.1,nan,0.0,0.1,00:00:00,0.0,1.1,-0.7,220.0
2025-05-27 14:10:57.439,3.1,nan,0.0,0.1,00:00:00,0.0,1.1,-0.7,220.0
2025-05-27 14:10:58.438,3.1,nan,0.0,0.1,00:00:00,0.0,1.1,-0.7,220.0
2025-05-27 14:10:59.440,3.1,nan,0.0,0.1,00:00:00,0.0,1.1,-0.7,220.0
2025-05-27 14:11:00.438,3.1,nan,0.0,0.1,00:00:00,0.0,1.1,-0.7,220.0
2025-05-27 14:11:01.441,3.1,nan,0.0,0.1,00:00:00,0.0,1.1,-0.7,220.0
2025-05-27 14:11:02.441,3.1,nan,0.0,0.1,00:00:00,0.0,1.1,-0.7,220.0
2025-05-27 14:11:03.440,3.1,nan,0.0,0.1,00:00:00,0.0,1.1,-0.7,220.0
2025-05-27 14:11:04.441,3.1,nan,0.0,0.1,00:00:00,0.0,1.1,-0.7,220.0
2025-05-27 14:11:05.441,3.1,nan,0.0,0.1,00:00:00,0.0,1.1,-0.7,220.0
2025-05-27 14:11:06.438,3.1,nan,0.0,0.1,00:00:00,0.0,1.1,-0.7,220.0
2025-05-27 14:11:07.441,3.1,nan,0.0,0.1,00:00:00,0.0,1.1,-0.7,220.0
2025-05-27 14:11:08.441,3.1,nan,0.0,0.1,00:00:00,0.0,1.1,-0.7,220.0
2025-05-27 14:11:09.441,3.1,nan,0.0,0.1,00:00:00,0.0,1.1,-0.7,220.0
2025-05-27 14:11:10.438,3.1,nan,0.0,0.1,00:00:00,0.0,1.1,-0.7,220.0
2025-05-27 14:11:11.440,3.1,nan,0.0,0.1,00:00:00,0.0,1.1,-0.7,220.0
2025-05-27 14:11:12.441,3.1,nan,0.0,0.1,00:00:00,0.0,1.1,-0.7,220.0
2025-05-27 14:11:13.439,3.1,nan,0.0,0.1,00:00:00,0.0,1.1,-0.7,220.0
2025-05-27 14:11:14.438,3.1,nan,0.0,0.1,00:00:00,0.0,1.1,-0.7,220.0
2025-05-27 14:11:15.441,3.1,nan,0.0,0.1,00:00:00,0.0,1.1,-0.7,220.0
2025-05-27 14:11:16.438,3.1,nan,0.0,0.1,00:00:00,0.0,1.1,-0.7,220.0
2025-05-27 14:11:17.438,3.1,nan,0.0,0.1,00:00:00,0.0,1.1,-0.7,220.0
2025-05-27 14:11:18.441,3.1,nan,0.0,0.1,00:00:00,0.0,1.1,-0.7,220.0
2025-05-27 14:11:19.441,3.1,nan,0.0,0.1,00:00:00,0.0,1.1,-0.7,220.0
2025-05-27 14:11:20.439,3.1,nan,0.0,0.1,00:00:00,0.0,1.1,-0.7,220.0
2025-05-27 14:11:21.440,3.1,nan,0.0,0.1,00:00:00,0.0,1.1,-0.7,220.0
2025-05-27 14:11:22.438,3.1,nan,0.0,0.1,00:00:00,0.0,1.1,-0.7,220.0
2025-05-27 14:11:23.438,3.1,nan,0.0,0.1,00:00:00,0.0,1.1,-0.7,220.0
2025-05-27 14:11:24.441,3.1,nan,0.0,0.1,00:00:00,0.0,1.1,-0.7,220.0
2025-05-27 14:11:25.441,3.1,nan,0.0,0.1,00:00:00,0.0,1.1,-0.7,220.0
2025-05-27 14:11:26.438,3.1,nan,0.0,0.1,00:00:00,0.0,1.1,-0.7,220.0
2025-05-27 14:11:27.441,3.1,nan,0.0,0.1,00:00:00,0.0,1.1,-0.7,220.0
2025-05-27 14:11:28.438,3.1,nan,0.0,0.1,00:00:00,0.0,1.1,-0.7,220.0
2025-05-27 14:11:29.438,3.1,nan,0.0,0.1,00:00:00,0.0,1.1,-0.7,220.0
2025-05-27 14:11:30.443,3.1,nan,0.0,0.1,00:00:00,0.0,1.1,-0.7,220.0
2025-05-27 14:11:31.438,3.1,nan,0.0,0.1,00:00:00,0.0,1.1,-0.7,220.0
2025-05-27 14:11:32.441,3.1,nan,0.0,0.1,00:00:00,0.0,1.1,-0.7,220.0
2025-05-27 14:11:33.441,3.1,nan,0.0,0.1,00:00:00,0.0,1.1,-0.7,220.0
2025-05-27 14:11:34.440,3.1,nan,0.0,0.1,00:00:00,0.0,1.1,-0.7,220.0
2025-05-27 14:11:35.440,3.1,nan,0.0,0.1,00:00:00,0.0,1.1,-0.7,220.0
2025-05-27 14:11:36.441,3.1,nan,0.0,0.1,00:00:00,0.0,1.1,-0.7,220.0
2025-05-27 14:11:37.438,3.1,nan,0.0,0.1,00:00:00,0.0,1.1,-0.7,220.0
2025-05-27 14:11:38.438,3.1,nan,0.0,0.1,00:00:00,0.0,1.1,-0.7,220.0
2025-05-27 14:11:39.441,3.1,nan,0.0,0.1,00:00:00,0.0,1.1,-0.7,220.0
2025-05-27 14:11:40.442,3.1,nan,0.0,0.1,00:00:00,0.0,1.1,-0.7,220.0
2025-05-27 14:11:41.439,3.1,nan,0.0,0.1,00:00:00,0.0,1.1,-0.7,220.0
2025-05-27 14:11:42.440,3.1,nan,0.0,0.1,00:00:00,0.0,1.1,-0.7,220.0
2025-05-27 14:11:43.439,3.1,nan,0.0,0.1,00:00:00,0.0,1.1,-0.7,220.0
2025-05-27 14:11:44.441,3.1,nan,0.0,0.1,00:00:00,0.0,1.1,-0.7,220.0
2025-05-27 14:11:45.439,3.1,nan,0.0,0.1,00:00:00,0.0,1.1,-0.7,220.0
2025-05-27 14:11:46.442,3.1,nan,0.0,0.1,00:00:00,0.0,1.1,-0.7,220.0
2025-05-27 14:11:47.438,3.1,nan,0.0,0.1,00:00:00,0.0,1.1,-0.7,220.0
2025-05-27 14:11:48.438,3.1,nan,0.0,0.1,00:00:00,0.0,1.1,-0.7,220.0
2025-05-27 14:11:49.441,3.1,nan,0.0,0.1,00:00:00,0.0,1.1,-0.7,220.0
2025-05-27 14:11:50.438,3.1,nan,0.0,0.1,00:00:00,0.0,1.1,-0.7,220.0
2025-05-27 14:11:51.441,3.1,nan,0.0,0.1,00:00:00,0.0,1.1,-0.7,220.0
2025-05-27 14:11:52.441,3.1,nan,0.0,0.1,00:00:00,0.0,1.1,-0.7,220.0
2025-05-27 14:11:53.441,3.1,nan,0.0,0.1,00:00:00,0.0,1.1,-0.7,220.0
2025-05-27 14:11:54.439,3.1,nan,0.0,0.1,00:00:00,0.0,1.1,-0.7,220.0
2025-05-27 14:11:55.440,3.1,nan,0.0,0.1,00:00:00,0.0,1.1,-0.7,220.0
2025-05-27 14:11:56.439,3.1,nan,0.0,0.1,00:00:00,0.0,1.1,-0.7,220.0
2025-05-27 14:11:57.440,3.1,nan,0.0,0.1,00:00:00,0.0,1.1,-0.7,220.0
2025-05-27 14:11:58.438,3.1,nan,0.0,0.1,00:00:00,0.0,1.1,-0.7,220.0
2025-05-27 14:11:59.439,3.1,nan,0.0,0.1,00:00:00,0.0,1.1,-0.7,220.0
2025-05-27 14:12:00.443,3.1,nan,0.0,0.1,00:00:00,0.0,1.1,-0.7,220.0
2025-05-27 14:12:01.440,3.1,nan,0.0,0.1,00:00:00,0.0,1.1,-0.7,220.0
2025-05-27 14:12:02.439,3.1,nan,0.0,0.1,00:00:00,0.0,1.1,-0.7,220.0
2025-05-27 14:12:03.439,3.1,nan,0.0,0.1,00:00:00,0.0,1.1,-0.7,220.0
2025-05-27 14:12:04.438,3.1,nan,0.0,0.1,00:00:00,0.0,1.1,-0.7,220.0
2025-05-27 14:12:05.439,3.1,nan,0.0,0.1,00:00:00,0.0,1.1,-0.7,220.0
2025-05-27 14:12:06.441,3.1,nan,0.0,0.1,00:00:00,0.0,1.1,-0.7,220.0
2025-05-27 14:12:07.440,3.1,nan,0.0,0.1,00:00:00,0.0,1.1,-0.7,220.0
2025-05-27 14:12:08.442,3.1,nan,0.0,0.1,00:00:00,0.0,1.1,-0.7,220.0
2025-05-27 14:12:09.438,3.1,nan,0.0,0.1,00:00:00,0.0,1.1,-0.7,220.0
2025-05-27 14:12:10.442,3.1,nan,0.0,0.1,00:00:00,0.0,1.1,-0.7,220.0
2025-05-27 14:12:11.439,3.1,nan,0.0,0.1,00:00:00,0.0,1.1,-0.7,220.0
2025-05-27 14:12:12.440,3.1,nan,0.0,0.1,00:00:00,0.0,1.1,-0.7,220.0
2025-05-27 14:12:13.442,3.1,nan,0.0,0.1,00:00:00,0.0,1.1,-0.7,220.0
2025-05-27 14:12:14.440,3.1,nan,0.0,0.1,00:00:00,0.0,1.1,-0.7,220.0
2025-05-27 14:12:15.442,3.1,nan,0.0,0.1,00:00:00,0.0,1.1,-0.7,220.0
2025-05-27 14:12:16.441,3.1,nan,0.0,0.1,00:00:00,0.0,1.1,-0.7,220.0
2025-05-27 14:12:17.439,3.1,nan,0.0,0.1,00:00:00,0.0,1.1,-0.7,220.0
2025-05-27 14:12:18.441,3.1,nan,0.0,0.1,00:00:00,0.0,1.1,-0.7,220.0
2025-05-27 14:12:19.439,3.1,nan,0.0,0.1,00:00:00,0.0,1.1,-0.7,220.0
2025-05-27 14:12:20.440,3.1,nan,0.0,0.1,00:00:00,0.0,1.1,-0.7,220.0
2025-05-27 14:12:21.440,3.1,nan,0.0,0.1,00:00:00,0.0,1.1,-0.7,220.0
2025-05-27 14:12:22.442,3.1,nan,0.0,0.1,00:00:00,0.0,1.1,-0.7,220.0
2025-05-27 14:12:23.440,3.1,nan,0.0,0.1,00:00:00,0.0,1.1,-0.7,220.0
2025-05-27 14:12:24.440,3.1,nan,0.0,0.1,00:00:00,0.0,1.1,-0.7,220.0
2025-05-27 14:12:25.442,3.1,nan,0.0,0.1,00:00:00,0.0,1.1,-0.7,220.0
2025-05-27 14:12:26.438,3.1,nan,0.0,0.1,00:00:00,0.0,1.1,-0.7,220.0
2025-05-27 14:12:27.439,3.1,nan,0.0,0.1,00:00:00,0.0,1.1,-0.7,220.0
2025-05-27 14:12:28.440,3.1,nan,0.0,0.1,00:00:00,0.0,1.1,-0.7,220.0
2025-05-27 14:12:29.440,3.1,nan,0.0,0.1,00:00:00,0.0,1.1,-0.7,220.0
2025-05-27 14:12:30.442,3.1,nan,0.0,0.1,00:00:00,0.0,1.1,-0.7,220.0
2025-05-27 14:12:31.439,3.1,nan,0.0,0.1,00:00:00,0.0,1.1,-0.7,220.0
2025-05-27 14:12:32.440,3.1,nan,0.0,0.1,00:00:00,0.0,1.1,-0.7,220.0
2025-05-27 14:12:33.440,3.1,nan,0.0,0.1,00:00:00,0.0,1.1,-0.7,220.0
2025-05-27 14:12:34.440,3.1,nan,0.0,0.1,00:00:00,0.0,1.1,-0.7,220.0
2025-05-27 14:12:35.440,3.1,nan,0.0,0.1,00:00:00,0.0,1.1,-0.7,220.0
2025-05-27 14:12:36.440,3.1,nan,0.0,0.1,00:00:00,0.0,1.1,-0.7,220.0
2025-05-27 14:12:37.440,3.1,nan,0.0,0.1,00:00:00,0.0,1.1,-0.7,220.0
2025-05-27 14:12:38.440,3.1,nan,0.0,0.1,00:00:00,0.0,1.1,-0.7,220.0
2025-05-27 14:12:39.438,3.1,nan,0.0,0.1,00:00:00,0.0,1.1,-0.7,220.0
2025-05-27 14:12:40.442,3.1,nan,0.0,0.1,00:00:00,0.0,1.1,-0.7,220.0
2025-05-27 14:12:41.442,3.1,nan,0.0,0.1,00:00:00,0.0,1.1,-0.7,220.0
2025-05-27 14:12:42.442,3.1,nan,0.0,0.1,00:00:00,0.0,1.1,-0.7,220.0
2025-05-27 14:12:43.440,3.1,nan,0.0,0.1,00:00:00,0.0,1.1,-0.7,220.0
2025-05-27 14:12:44.439,3.1,nan,0.0,0.1,00:00:00,0.0,1.1,-0.7,220.0
2025-05-27 14:12:45.441,3.1,nan,0.0,0.1,00:00:00,0.0,1.1,-0.7,220.0
2025-05-27 14:12:46.439,3.1,nan,0.0,0.1,00:00:00,0.0,1.1,-0.7,220.0
2025-05-27 14:12:47.442,3.1,nan,0.0,0.1,00:00:00,0.0,1.1,-0.7,220.0
2025-05-27 14:12:48.439,3.1,nan,0.0,0.1,00:00:00,0.0,1.1,-0.7,220.0
2025-05-27 14:12:49.442,3.1,nan,0.0,0.1,00:00:00,0.0,1.1,-0.7,220.0
2025-05-27 14:12:50.439,3.1,nan,0.0,0.1,00:00:00,0.0,1.1,-0.7,220.0
2025-05-27 14:12:51.440,3.1,nan,0.0,0.1,00:00:00,0.0,1.1,-0.7,220.0
2025-05-27 14:12:52.439,3.1,nan,0.0,0.1,00:00:00,0.0,1.1,-0.7,220.0
2025-05-27 14:12:53.440,3.1,nan,0.0,0.1,00:00:00,0.0,1.1,-0.7,220.0
2025-05-27 14:12:54.442,3.1,nan,0.0,0.1,00:00:00,0.0,1.1,-0.7,220.0
2025-05-27 14:12:55.441,3.1,nan,0.0,0.1,00:00:00,0.0,1.1,-0.7,220.0
2025-05-27 14:12:56.439,3.1,nan,0.0,0.1,00:00:00,0.0,1.1,-0.7,220.0
2025-05-27 14:12:57.438,3.1,nan,0.0,0.1,00:00:00,0.0,1.1,-0.7,220.0
2025-05-27 14:12:58.441,3.1,nan,0.0,0.1,00:00:00,0.0,1.1,-0.7,220.0
2025-05-27 14:12:59.443,3.1,nan,0.0,0.1,00:00:00,0.0,1.1,-0.7,220.0
2025-05-27 14:13:00.440,3.1,nan,0.0,0.1,00:00:00,0.0,1.1,-0.7,220.0
2025-05-27 14:13:01.441,3.1,nan,0.0,0.1,00:00:00,0.0,1.1,-0.7,220.0
2025-05-27 14:13:02.438,3.1,nan,0.0,0.1,00:00:00,0.0,1.1,-0.7,220.0
2025-05-27 14:13:03.441,3.1,nan,0.0,0.1,00:00:00,0.0,1.1,-0.7,220.0
2025-05-27 14:13:04.441,3.1,nan,0.0,0.1,00:00:00,0.0,1.1,-0.7,220.0
2025-05-27 14:13:05.441,3.1,nan,0.0,0.1,00:00:00,0.0,1.1,-0.7,220.0
2025-05-27 14:13:06.438,3.1,nan,0.0,0.1,00:00:00,0.0,1.1,-0.7,220.0
2025-05-27 14:13:07.438,3.1,nan,0.0,0.1,00:00:00,0.0,1.1,-0.7,220.0
2025-05-27 14:13:08.441,3.1,nan,0.0,0.1,00:00:00,0.0,1.1,-0.7,220.0
2025-05-27 14:13:09.439,3.1,nan,0.0,0.1,00:00:00,0.0,1.1,-0.7,220.0
2025-05-27 14:13:10.440,3.1,nan,0.0,0.1,00:00:00,0.0,1.1,-0.7,220.0
2025-05-27 14:13:11.439,3.1,nan,0.0,0.1,00:00:00,0.0,1.1,-0.7,220.0
2025-05-27 14:13:12.438,3.1,nan,0.0,0.1,00:00:00,0.0,1.1,-0.7,220.0
2025-05-27 14:13:13.438,3.1,nan,0.0,0.1,00:00:00,0.0,1.1,-0.7,220.0
2025-05-27 14:13:14.439,3.1,nan,0.0,0.1,00:00:00,0.0,1.1,-0.7,220.0
2025-05-27 14:13:15.441,3.1,nan,0.0,0.1,00:00:00,0.0,1.1,-0.7,220.0
2025-05-27 14:13:16.441,3.1,nan,0.0,0.1,00:00:00,0.0,1.1,-0.7,220.0
2025-05-27 14:13:17.439,3.1,nan,0.0,0.1,00:00:00,0.0,1.1,-0.7,220.0
2025-05-27 14:13:18.438,3.1,nan,0.0,0.1,00:00:00,0.0,1.1,-0.7,220.0
2025-05-27 14:13:19.441,3.1,nan,0.0,0.1,00:00:00,0.0,1.1,-0.7,220.0
2025-05-27 14:13:20.439,3.1,nan,0.0,0.1,00:00:00,0.0,1.1,-0.7,220.0
2025-05-27 14:13:21.439,3.1,nan,0.0,0.1,00:00:00,0.0,1.1,-0.7,220.0
2025-05-27 14:13:22.438,3.1,nan,0.0,0.1,00:00:00,0.0,1.1,-0.7,220.0
2025-05-27 14:13:23.440,3.1,nan,0.0,0.1,00:00:00,0.0,1.1,-0.7,220.0
2025-05-27 14:13:24.440,3.1,nan,0.0,0.1,00:00:00,0.0,1.1,-0.7,220.0
2025-05-27 14:13:25.438,3.1,nan,0.0,0.1,00:00:00,0.0,1.1,-0.7,220.0
2025-05-27 14:13:26.441,3.1,nan,0.0,0.1,00:00:00,0.0,1.1,-0.7,220.0
2025-05-27 14:13:27.439,3.1,nan,0.0,0.1,00:00:00,0.0,1.1,-0.7,220.0
2025-05-27 14:13:28.439,3.1,nan,0.0,0.1,00:00:00,0.0,1.1,-0.7,220.0
2025-05-27 14:13:29.438,3.1,nan,0.0,0.1,00:00:00,0.0,1.1,-0.7,220.0
2025-05-27 14:13:30.441,3.1,nan,0.0,0.1,00:00:00,0.0,1.1,-0.7,220.0
2025-05-27 14:13:31.441,3.1,nan,0.0,0.1,00:00:00,0.0,1.1,-0.7,220.0
2025-05-27 14:13:32.442,3.1,nan,0.0,0.1,00:00:00,0.0,1.1,-0.7,220.0
2025-05-27 14:13:33.438,3.1,nan,0.0,0.1,00:00:00,0.0,1.1,-0.7,220.0
2025-05-27 14:13:34.438,3.1,nan,0.0,0.1,00:00:00,0.0,1.1,-0.7,220.0
2025-05-27 14:13:35.438,3.1,nan,0.0,0.1,00:00:00,0.0,1.1,-0.7,220.0
2025-05-27 14:13:36.439,3.1,nan,0.0,0.1,00:00:00,0.0,1.1,-0.7,220.0
2025-05-27 14:13:37.441,3.1,nan,0.0,0.1,00:00:00,0.0,1.1,-0.7,220.0
2025-05-27 14:13:38.441,3.1,nan,0.0,0.1,00:00:00,0.0,1.1,-0.7,220.0
2025-05-27 14:13:39.438,3.1,nan,0.0,0.1,00:00:00,0.0,1.1,-0.7,220.0
2025-05-27 14:13:40.439,3.1,nan,0.0,0.1,00:00:00,0.0,1.1,-0.7,220.0
2025-05-27 14:13:41.438,3.1,nan,0.0,0.1,00:00:00,0.0,1.1,-0.7,220.0
2025-05-27 14:13:42.441,3.1,nan,0.0,0.1,00:00:00,0.0,1.1,-0.7,220.0
2025-05-27 14:13:43.440,3.1,nan,0.0,0.1,00:00:00,0.0,1.1,-0.7,220.0
2025-05-27 14:13:44.440,3.1,nan,0.0,0.1,00:00:00,0.0,1.1,-0.7,220.0
2025-05-27 14:13:45.441,3.1,nan,0.0,0.1,00:00:00,0.0,1.1,-0.7,220.0
2025-05-27 14:13:46.440,3.1,nan,0.0,0.1,00:00:00,0.0,1.1,-0.7,220.0
2025-05-27 14:13:47.440,3.1,nan,0.0,0.1,00:00:00,0.0,1.1,-0.7,220.0
2025-05-27 14:13:48.439,3.1,nan,0.0,0.1,00:00:00,0.0,1.1,-0.7,220.0
2025-05-27 14:13:49.440,3.1,nan,0.0,0.1,00:00:00,0.0,1.1,-0.7,220.0
2025-05-27 14:13:50.439,3.1,nan,0.0,0.1,00:00:00,0.0,1.1,-0.7,220.0
2025-05-27 14:13:51.440,3.1,nan,0.0,0.1,00:00:00,0.0,1.1,-0.7,220.0
2025-05-27 14:13:52.439,3.1,nan,0.0,0.1,00:00:00,0.0,1.1,-0.7,220.0
2025-05-27 14:13:53.442,3.1,nan,0.0,0.1,00:00:00,0.0,1.1,-0.7,220.0
2025-05-27 14:13:54.441,3.1,nan,0.0,0.1,00:00:00,0.0,1.1,-0.7,220.0
2025-05-27 14:13:55.439,3.1,nan,0.0,0.1,00:00:00,0.0,1.1,-0.7,220.0
2025-05-27 14:13:56.440,3.1,nan,0.0,0.1,00:00:00,0.0,1.1,-0.7,220.0
2025-05-27 14:13:57.442,3.1,nan,0.0,0.1,00:00:00,0.0,1.1,-0.7,220.0
2025-05-27 14:13:58.438,3.1,nan,0.0,0.1,00:00:00,0.0,1.1,-0.7,220.0
2025-05-27 14:13:59.440,3.1,nan,0.0,0.1,00:00:00,0.0,1.1,-0.7,220.0
2025-05-27 14:14:00.441,3.1,nan,0.0,0.1,00:00:00,0.0,1.1,-0.7,220.0
2025-05-27 14:14:01.440,3.1,nan,0.0,0.1,00:00:00,0.0,1.1,-0.7,220.0
2025-05-27 14:14:02.441,3.1,nan,0.0,0.1,00:00:00,0.0,1.1,-0.7,220.0
2025-05-27 14:14:03.440,3.1,nan,0.0,0.1,00:00:00,0.0,1.1,-0.7,220.0
2025-05-27 14:14:04.441,3.1,nan,0.0,0.1,00:00:00,0.0,1.1,-0.7,220.0
2025-05-27 14:14:05.439,3.1,nan,0.0,0.1,00:00:00,0.0,1.1,-0.7,220.0
2025-05-27 14:14:06.439,3.1,nan,0.0,0.1,00:00:00,0.0,1.1,-0.7,220.0
2025-05-27 14:14:07.441,3.1,nan,0.0,0.1,00:00:00,0.0,1.1,-0.7,220.0
2025-05-27 14:14:08.438,3.1,nan,0.0,0.1,00:00:00,0.0,1.1,-0.7,220.0
2025-05-27 14:14:09.438,3.1,nan,0.0,0.1,00:00:00,0.0,1.1,-0.7,220.0
2025-05-27 14:14:10.438,3.1,nan,0.0,0.1,00:00:00,0.0,1.1,-0.7,220.0
2025-05-27 14:14:11.442,3.1,nan,0.0,0.1,00:00:00,0.0,1.1,-0.7,220.0
2025-05-27 14:14:12.441,3.1,nan,0.0,0.1,00:00:00,0.0,1.1,-0.7,220.0
2025-05-27 14:14:13.438,3.1,nan,0.0,0.1,00:00:00,0.0,1.1,-0.7,220.0
2025-05-27 14:14:14.440,3.1,nan,0.0,0.1,00:00:00,0.0,1.1,-0.7,220.0
2025-05-27 14:14:15.439,3.1,nan,0.0,0.1,00:00:00,0.0,1.1,-0.7,220.0
2025-05-27 14:14:16.441,3.1,nan,0.0,0.1,00:00:00,0.0,1.1,-0.7,220.0
2025-05-27 14:14:17.438,3.1,nan,0.0,0.1,00:00:00,0.0,1.1,-0.7,220.0
2025-05-27 14:14:18.440,3.1,nan,0.0,0.1,00:00:00,0.0,1.1,-0.7,220.0
2025-05-27 14:14:19.439,3.1,nan,0.0,0.1,00:00:00,0.0,1.1,-0.7,220.0
2025-05-27 14:14:20.441,3.1,nan,0.0,0.1,00:00:00,0.0,1.1,-0.7,220.0
2025-05-27 14:14:21.442,3.1,nan,0.0,0.1,00:00:00,0.0,1.1,-0.7,220.0
2025-05-27 14:14:22.442,3.1,nan,0.0,0.1,00:00:00,0.0,1.1,-0.7,220.0
2025-05-27 14:14:23.438,3.1,nan,0.0,0.1,00:00:00,0.0,1.1,-0.7,220.0
2025-05-27 14:14:24.438,3.1,nan,0.0,0.1,00:00:00,0.0,1.1,-0.7,220.0
2025-05-27 14:14:25.441,3.1,nan,0.0,0.1,00:00:00,0.0,1.1,-0.7,220.0
2025-05-27 14:14:26.439,3.1,nan,0.0,0.1,00:00:00,0.0,1.1,-0.7,220.0
2025-05-27 14:14:27.440,3.1,nan,0.0,0.1,00:00:00,0.0,1.1,-0.7,220.0
2025-05-27 14:14:28.439,3.1,nan,0.0,0.1,00:00:00,0.0,1.1,-0.7,220.0
2025-05-27 14:14:29.440,3.1,nan,0.0,0.1,00:00:00,0.0,1.1,-0.7,220.0
2025-05-27 14:14:30.444,3.1,nan,0.0,0.1,00:00:00,0.0,1.1,-0.7,220.0
2025-05-27 14:14:31.440,3.1,nan,0.0,0.1,00:00:00,0.0,1.1,-0.7,220.0
2025-05-27 14:14:32.438,3.1,nan,0.0,0.1,00:00:00,0.0,1.1,-0.7,220.0
2025-05-27 14:14:33.439,3.1,nan,0.0,0.1,00:00:00,0.0,1.1,-0.7,220.0
2025-05-27 14:14:34.441,3.1,nan,0.0,0.1,00:00:00,0.0,1.1,-0.7,220.0
2025-05-27 14:14:35.441,3.1,nan,0.0,0.1,00:00:00,0.0,1.1,-0.7,220.0
2025-05-27 14:14:36.439,3.1,nan,0.0,0.1,00:00:00,0.0,1.1,-0.7,220.0
2025-05-27 14:14:37.439,3.1,nan,0.0,0.1,00:00:00,0.0,1.1,-0.7,220.0
2025-05-27 14:14:38.440,3.1,nan,0.0,0.1,00:00:00,0.0,1.1,-0.7,220.0
2025-05-27 14:14:39.441,3.1,nan,0.0,0.1,00:00:00,0.0,1.1,-0.7,220.0
2025-05-27 14:14:40.441,3.1,nan,0.0,0.1,00:00:00,0.0,1.1,-0.7,220.0
2025-05-27 14:14:41.440,3.1,nan,0.0,0.1,00:00:00,0.0,1.1,-0.7,220.0
2025-05-27 14:14:42.441,3.1,nan,0.0,0.1,00:00:00,0.0,1.1,-0.7,220.0
2025-05-27 14:14:43.441,3.1,nan,0.0,0.1,00:00:00,0.0,1.1,-0.7,220.0
2025-05-27 14:14:44.440,3.1,nan,0.0,0.1,00:00:00,0.0,1.1,-0.7,220.0
2025-05-27 14:14:45.440,3.1,nan,0.0,0.1,00:00:00,0.0,1.1,-0.7,220.0
2025-05-27 14:14:46.440,3.1,nan,0.0,0.1,00:00:00,0.0,1.1,-0.7,220.0
2025-05-27 14:14:47.441,3.1,nan,0.0,0.1,00:00:00,0.0,1.1,-0.7,220.0
2025-05-27 14:14:48.439,3.1,nan,0.0,0.1,00:00:00,0.0,1.1,-0.7,220.0
2025-05-27 14:14:49.442,3.1,nan,0.0,0.1,00:00:00,0.0,1.1,-0.7,220.0
2025-05-27 14:14:50.439,3.1,nan,0.0,0.1,00:00:00,0.0,1.1,-0.7,220.0
2025-05-27 14:14:51.440,3.1,nan,0.0,0.1,00:00:00,0.0,1.1,-0.7,220.0
2025-05-27 14:14:52.439,3.1,nan,0.0,0.1,00:00:00,0.0,1.1,-0.7,220.0
2025-05-27 14:14:53.439,3.1,nan,0.0,0.1,00:00:00,0.0,1.1,-0.7,220.0
2025-05-27 14:14:54.438,3.1,nan,0.0,0.1,00:00:00,0.0,1.1,-0.7,220.0
2025-05-27 14:14:55.440,3.1,nan,0.0,0.1,00:00:00,0.0,1.1,-0.7,220.0
2025-05-27 14:14:56.440,3.1,nan,0.0,0.1,00:00:00,0.0,1.1,-0.7,220.0
2025-05-27 14:14:57.438,3.1,nan,0.0,0.1,00:00:00,0.0,1.1,-0.7,220.0
2025-05-27 14:14:58.441,3.1,nan,0.0,0.1,00:00:00,0.0,1.1,-0.7,220.0
2025-05-27 14:14:59.441,3.1,nan,0.0,0.1,00:00:00,0.0,1.1,-0.7,220.0
2025-05-27 14:15:00.441,3.1,nan,0.0,0.1,00:00:00,0.0,1.1,-0.7,220.0
2025-05-27 14:15:01.441,3.1,nan,0.0,0.1,00:00:00,0.0,1.1,-0.7,220.0
2025-05-27 14:15:02.442,3.1,nan,0.0,0.1,00:00:00,0.0,1.1,-0.7,220.0
2025-05-27 14:15:03.442,3.1,nan,0.0,0.1,00:00:00,0.0,1.1,-0.7,220.0
2025-05-27 14:15:04.438,3.1,nan,0.0,0.1,00:00:00,0.0,1.1,-0.7,220.0
2025-05-27 14:15:05.440,3.1,nan,0.0,0.1,00:00:00,0.0,1.1,-0.7,220.0
2025-05-27 14:15:06.441,3.1,nan,0.0,0.1,00:00:00,0.0,1.1,-0.7,220.0
2025-05-27 14:15:07.438,3.1,nan,0.0,0.1,00:00:00,0.0,1.1,-0.7,220.0
2025-05-27 14:15:08.441,3.1,nan,0.0,0.1,00:00:00,0.0,1.1,-0.7,220.0
2025-05-27 14:15:09.438,3.1,nan,0.0,0.1,00:00:00,0.0,1.1,-0.7,220.0
2025-05-27 14:15:10.442,3.1,nan,0.0,0.1,00:00:00,0.0,1.1,-0.7,220.0
2025-05-27 14:15:11.441,3.1,nan,0.0,0.1,00:00:00,0.0,1.1,-0.7,220.0
2025-05-27 14:15:12.441,3.1,nan,0.0,0.1,00:00:00,0.0,1.1,-0.7,220.0
2025-05-27 14:15:13.440,3.1,nan,0.0,0.1,00:00:00,0.0,1.1,-0.7,220.0
2025-05-27 14:15:14.441,3.1,nan,0.0,0.1,00:00:00,0.0,1.1,-0.7,220.0
2025-05-27 14:15:15.442,3.1,nan,0.0,0.1,00:00:00,0.0,1.1,-0.7,220.0
2025-05-27 14:15:16.439,3.1,nan,0.0,0.1,00:00:00,0.0,1.1,-0.7,220.0
2025-05-27 14:15:17.440,3.1,nan,0.0,0.1,00:00:00,0.0,1.1,-0.7,220.0
2025-05-27 14:15:18.440,3.1,nan,0.0,0.1,00:00:00,0.0,1.1,-0.7,220.0
2025-05-27 14:15:19.440,3.1,nan,0.0,0.1,00:00:00,0.0,1.1,-0.7,220.0
2025-05-27 14:15:20.438,3.1,nan,0.0,0.1,00:00:00,0.0,1.1,-0.7,220.0
2025-05-27 14:15:21.440,3.1,nan,0.0,0.1,00:00:00,0.0,1.1,-0.7,220.0
2025-05-27 14:15:22.440,3.1,nan,0.0,0.1,00:00:00,0.0,1.1,-0.7,220.0
2025-05-27 14:15:23.439,3.1,nan,0.0,0.1,00:00:00,0.0,1.1,-0.7,220.0
2025-05-27 14:15:24.439,3.1,nan,0.0,0.1,00:00:00,0.0,1.1,-0.7,220.0
2025-05-27 14:15:25.442,3.1,nan,0.0,0.1,00:00:00,0.0,1.1,-0.7,220.0
2025-05-27 14:15:26.441,3.1,nan,0.0,0.1,00:00:00,0.0,1.1,-0.7,220.0
2025-05-27 14:15:27.438,3.1,nan,0.0,0.1,00:00:00,0.0,1.1,-0.7,220.0
2025-05-27 14:15:28.438,3.1,nan,0.0,0.1,00:00:00,0.0,1.1,-0.7,220.0
2025-05-27 14:15:29.438,3.1,nan,0.0,0.1,00:00:00,0.0,1.1,-0.7,220.0
2025-05-27 14:15:30.441,3.1,nan,0.0,0.1,00:00:00,0.0,1.1,-0.7,220.0
2025-05-27 14:15:31.444,3.1,nan,0.0,0.1,00:00:00,0.0,1.1,-0.7,220.0
2025-05-27 14:15:32.441,3.1,nan,0.0,0.1,00:00:00,0.0,1.1,-0.7,220.0
2025-05-27 14:15:33.440,3.1,nan,0.0,0.1,00:00:00,0.0,1.1,-0.7,220.0
2025-05-27 14:15:34.441,3.1,nan,0.0,0.1,00:00:00,0.0,1.1,-0.7,220.0
2025-05-27 14:15:35.438,3.1,nan,0.0,0.1,00:00:00,0.0,1.1,-0.7,220.0
2025-05-27 14:15:36.441,3.1,nan,0.0,0.1,00:00:00,0.0,1.1,-0.7,220.0
2025-05-27 14:15:37.441,3.1,nan,0.0,0.1,00:00:00,0.0,1.1,-0.7,220.0
2025-05-27 14:15:38.442,3.1,nan,0.0,0.1,00:00:00,0.0,1.1,-0.7,220.0
2025-05-27 14:15:39.440,3.1,nan,0.0,0.1,00:00:00,0.0,1.1,-0.7,220.0
2025-05-27 14:15:40.440,3.1,nan,0.0,0.1,00:00:00,0.0,1.1,-0.7,220.0
2025-05-27 14:15:41.442,3.1,nan,0.0,0.1,00:00:00,0.0,1.1,-0.7,220.0
2025-05-27 14:15:42.440,3.1,nan,0.0,0.1,00:00:00,0.0,1.1,-0.7,220.0
2025-05-27 14:15:43.441,3.1,nan,0.0,0.1,00:00:00,0.0,1.1,-0.7,220.0
2025-05-27 14:15:44.441,3.1,nan,0.0,0.1,00:00:00,0.0,1.1,-0.7,220.0
2025-05-27 14:15:45.442,3.1,nan,0.0,0.1,00:00:00,0.0,1.1,-0.7,220.0
2025-05-27 14:15:46.441,3.1,nan,0.0,0.1,00:00:00,0.0,1.1,-0.7,220.0
2025-05-27 14:15:47.441,3.1,nan,0.0,0.1,00:00:00,0.0,1.1,-0.7,220.0
2025-05-27 14:15:48.438,3.1,nan,0.0,0.1,00:00:00,0.0,1.1,-0.7,220.0
2025-05-27 14:15:49.440,3.1,nan,0.0,0.1,00:00:00,0.0,1.1,-0.7,220.0
2025-05-27 14:15:50.441,3.1,nan,0.0,0.1,00:00:00,0.0,1.1,-0.7,220.0
2025-05-27 14:15:51.438,3.1,nan,0.0,0.1,00:00:00,0.0,1.1,-0.7,220.0
2025-05-27 14:15:52.441,3.1,nan,0.0,0.1,00:00:00,0.0,1.1,-0.7,220.0
2025-05-27 14:15:53.440,3.1,nan,0.0,0.1,00:00:00,0.0,1.1,-0.7,220.0
2025-05-27 14:15:54.438,3.1,nan,0.0,0.1,00:00:00,0.0,1.1,-0.7,220.0
2025-05-27 14:15:55.439,3.1,nan,0.0,0.1,00:00:00,0.0,1.1,-0.7,220.0
2025-05-27 14:15:56.441,3.1,nan,0.0,0.1,00:00:00,0.0,1.1,-0.7,220.0
2025-05-27 14:15:57.439,3.1,nan,0.0,0.1,00:00:00,0.0,1.1,-0.7,220.0
2025-05-27 14:15:58.438,3.1,nan,0.0,0.1,00:00:00,0.0,1.1,-0.7,220.0
2025-05-27 14:15:59.441,3.1,nan,0.0,0.1,00:00:00,0.0,1.1,-0.7,220.0
2025-05-27 14:16:00.440,3.1,nan,0.0,0.1,00:00:00,0.0,1.1,-0.7,220.0
2025-05-27 14:16:01.440,3.1,nan,0.0,0.1,00:00:00,0.0,1.1,-0.7,220.0
2025-05-27 14:16:02.439,3.1,nan,0.0,0.1,00:00:00,0.0,1.1,-0.7,220.0
2025-05-27 14:16:03.439,3.1,nan,0.0,0.1,00:00:00,0.0,1.1,-0.7,220.0
2025-05-27 14:16:04.441,3.1,nan,0.0,0.1,00:00:00,0.0,1.1,-0.7,220.0
2025-05-27 14:16:05.439,3.1,nan,0.0,0.1,00:00:00,0.0,1.1,-0.7,220.0
2025-05-27 14:16:06.441,3.1,nan,0.0,0.1,00:00:00,0.0,1.1,-0.7,220.0
2025-05-27 14:16:07.439,3.1,nan,0.0,0.1,00:00:00,0.0,1.1,-0.7,220.0
2025-05-27 14:16:08.440,3.1,nan,0.0,0.1,00:00:00,0.0,1.1,-0.7,220.0
2025-05-27 14:16:09.442,3.1,nan,0.0,0.1,00:00:00,0.0,1.1,-0.7,220.0
2025-05-27 14:16:10.441,3.1,nan,0.0,0.1,00:00:00,0.0,1.1,-0.7,220.0
2025-05-27 14:16:11.441,3.1,nan,0.0,0.1,00:00:00,0.0,1.1,-0.7,220.0
2025-05-27 14:16:12.441,3.1,nan,0.0,0.1,00:00:00,0.0,1.1,-0.7,220.0
2025-05-27 14:16:13.441,3.1,nan,0.0,0.1,00:00:00,0.0,1.1,-0.7,220.0
2025-05-27 14:16:14.438,3.1,nan,0.0,0.1,00:00:00,0.0,1.1,-0.7,220.0
2025-05-27 14:16:15.438,3.1,nan,0.0,0.1,00:00:00,0.0,1.1,-0.7,220.0
2025-05-27 14:16:16.441,3.1,nan,0.0,0.1,00:00:00,0.0,1.1,-0.7,220.0
2025-05-27 14:16:17.440,3.1,nan,0.0,0.1,00:00:00,0.0,1.1,-0.7,220.0
2025-05-27 14:16:18.439,3.1,nan,0.0,0.1,00:00:00,0.0,1.1,-0.7,220.0
2025-05-27 14:16:19.441,3.1,nan,0.0,0.1,00:00:00,0.0,1.1,-0.7,220.0
2025-05-27 14:16:20.440,3.1,nan,0.0,0.1,00:00:00,0.0,1.1,-0.7,220.0
2025-05-27 14:16:21.438,3.1,nan,0.0,0.1,00:00:00,0.0,1.1,-0.7,220.0
2025-05-27 14:16:22.441,3.1,nan,0.0,0.1,00:00:00,0.0,1.1,-0.7,220.0
2025-05-27 14:16:23.438,3.1,nan,0.0,0.1,00:00:00,0.0,1.1,-0.7,220.0
2025-05-27 14:16:24.442,3.1,nan,0.0,0.1,00:00:00,0.0,1.1,-0.7,220.0
2025-05-27 14:16:25.438,3.1,nan,0.0,0.1,00:00:00,0.0,1.1,-0.7,220.0
2025-05-27 14:16:26.441,3.1,nan,0.0,0.1,00:00:00,0.0,1.1,-0.7,220.0
2025-05-27 14:16:27.438,3.1,nan,0.0,0.1,00:00:00,0.0,1.1,-0.7,220.0
2025-05-27 14:16:28.439,3.1,nan,0.0,0.1,00:00:00,0.0,1.1,-0.7,220.0
2025-05-27 14:16:29.438,3.1,nan,0.0,0.1,00:00:00,0.0,1.1,-0.7,220.0
2025-05-27 14:16:30.439,3.1,nan,0.0,0.1,00:00:00,0.0,1.1,-0.7,220.0
2025-05-27 14:16:31.438,3.1,nan,0.0,0.1,00:00:00,0.0,1.1,-0.7,220.0
2025-05-27 14:16:32.438,3.1,nan,0.0,0.1,00:00:00,0.0,1.1,-0.7,220.0
2025-05-27 14:16:33.439,3.1,nan,0.0,0.1,00:00:00,0.0,1.1,-0.7,220.0
2025-05-27 14:16:34.441,3.1,nan,0.0,0.1,00:00:00,0.0,1.1,-0.7,220.0
2025-05-27 14:16:35.441,3.1,nan,0.0,0.1,00:00:00,0.0,1.1,-0.7,220.0
2025-05-27 14:16:36.441,3.1,nan,0.0,0.1,00:00:00,0.0,1.1,-0.7,220.0
2025-05-27 14:16:37.441,3.1,nan,0.0,0.1,00:00:00,0.0,1.1,-0.7,220.0
2025-05-27 14:16:38.441,3.1,nan,0.0,0.1,00:00:00,0.0,1.1,-0.7,220.0
2025-05-27 14:16:39.441,3.1,nan,0.0,0.1,00:00:00,0.0,1.1,-0.7,220.0
2025-05-27 14:16:40.439,3.1,nan,0.0,0.1,00:00:00,0.0,1.1,-0.7,220.0
2025-05-27 14:16:41.439,3.1,nan,0.0,0.1,00:00:00,0.0,1.1,-0.7,220.0
2025-05-27 14:16:42.438,3.1,nan,0.0,0.1,00:00:00,0.0,1.1,-0.7,220.0
2025-05-27 14:16:43.440,3.1,nan,0.0,0.1,00:00:00,0.0,1.1,-0.7,220.0
2025-05-27 14:16:44.440,3.1,nan,0.0,0.1,00:00:00,0.0,1.1,-0.7,220.0
2025-05-27 14:16:45.438,3.1,nan,0.0,0.1,00:00:00,0.0,1.1,-0.7,220.0
2025-05-27 14:16:46.438,3.1,nan,0.0,0.1,00:00:00,0.0,1.1,-0.7,220.0
2025-05-27 14:16:47.438,3.1,nan,0.0,0.1,00:00:00,0.0,1.1,-0.7,220.0
2025-05-27 14:16:48.441,3.1,nan,0.0,0.1,00:00:00,0.0,1.1,-0.7,220.0
2025-05-27 14:16:49.443,3.1,nan,0.0,0.1,00:00:00,0.0,1.1,-0.7,220.0
2025-05-27 14:16:50.438,3.1,nan,0.0,0.1,00:00:00,0.0,1.1,-0.7,220.0
2025-05-27 14:16:51.444,3.1,nan,0.0,0.1,00:00:00,0.0,1.1,-0.7,220.0
2025-05-27 14:16:52.443,3.1,nan,0.0,0.1,00:00:00,0.0,1.1,-0.7,220.0
2025-05-27 14:16:53.442,3.1,nan,0.0,0.1,00:00:00,0.0,1.1,-0.7,220.0
2025-05-27 14:16:54.442,3.1,nan,0.0,0.1,00:00:00,0.0,1.1,-0.7,220.0
2025-05-27 14:16:55.442,3.1,nan,0.0,0.1,00:00:00,0.0,1.1,-0.7,220.0
2025-05-27 14:16:56.442,3.1,nan,0.0,0.1,00:00:00,0.0,1.1,-0.7,220.0
2025-05-27 14:16:57.442,3.1,nan,0.0,0.1,00:00:00,0.0,1.1,-0.7,220.0
2025-05-27 14:16:58.439,3.1,nan,0.0,0.1,00:00:00,0.0,1.1,-0.7,220.0
2025-05-27 14:16:59.439,3.1,nan,0.0,0.1,00:00:00,0.0,1.1,-0.7,220.0
2025-05-27 14:17:00.438,3.1,nan,0.0,0.1,00:00:00,0.0,1.1,-0.7,220.0
2025-05-27 14:17:01.438,3.1,nan,0.0,0.1,00:00:00,0.0,1.1,-0.7,220.0
2025-05-27 14:17:02.438,3.1,nan,0.0,0.1,00:00:00,0.0,1.1,-0.7,220.0
2025-05-27 14:17:03.441,3.1,nan,0.0,0.1,00:00:00,0.0,1.1,-0.7,220.0
2025-05-27 14:17:04.442,3.1,nan,0.0,0.1,00:00:00,0.0,1.1,-0.7,220.0
2025-05-27 14:17:05.443,3.1,nan,0.0,0.1,00:00:00,0.0,1.1,-0.7,220.0
2025-05-27 14:17:06.440,3.1,nan,0.0,0.1,00:00:00,0.0,1.1,-0.7,220.0
2025-05-27 14:17:07.441,3.1,nan,0.0,0.1,00:00:00,0.0,1.1,-0.7,220.0
2025-05-27 14:17:08.439,3.1,nan,0.0,0.1,00:00:00,0.0,1.1,-0.7,220.0
2025-05-27 14:17:09.438,3.1,nan,0.0,0.1,00:00:00,0.0,1.1,-0.7,220.0
2025-05-27 14:17:10.439,3.1,nan,0.0,0.1,00:00:00,0.0,1.1,-0.7,220.0
2025-05-27 14:17:11.440,3.1,nan,0.0,0.1,00:00:00,0.0,1.1,-0.7,220.0
2025-05-27 14:17:12.441,3.1,nan,0.0,0.1,00:00:00,0.0,1.1,-0.7,220.0
2025-05-27 14:17:13.438,3.1,nan,0.0,0.1,00:00:00,0.0,1.1,-0.7,220.0
2025-05-27 14:17:14.441,3.1,nan,0.0,0.1,00:00:00,0.0,1.1,-0.7,220.0
2025-05-27 14:17:15.440,3.1,nan,0.0,0.1,00:00:00,0.0,1.1,-0.7,220.0
2025-05-27 14:17:16.438,3.1,nan,0.0,0.1,00:00:00,0.0,1.1,-0.7,220.0
2025-05-27 14:17:17.441,3.1,nan,0.0,0.1,00:00:00,0.0,1.1,-0.7,220.0
2025-05-27 14:17:18.439,3.1,nan,0.0,0.1,00:00:00,0.0,1.1,-0.7,220.0
2025-05-27 14:17:19.439,3.1,nan,0.0,0.1,00:00:00,0.0,1.1,-0.7,220.0
2025-05-27 14:17:20.440,3.1,nan,0.0,0.1,00:00:00,0.0,1.1,-0.7,220.0
2025-05-27 14:17:21.441,3.1,nan,0.0,0.1,00:00:00,0.0,1.1,-0.7,220.0
2025-05-27 14:17:22.439,3.1,nan,0.0,0.1,00:00:00,0.0,1.1,-0.7,220.0
2025-05-27 14:17:23.438,3.1,nan,0.0,0.1,00:00:00,0.0,1.1,-0.7,220.0
2025-05-27 14:17:24.438,3.1,nan,0.0,0.1,00:00:00,0.0,1.1,-0.7,220.0
2025-05-27 14:17:25.438,3.1,nan,0.0,0.1,00:00:00,0.0,1.1,-0.7,220.0
2025-05-27 14:17:26.438,3.1,nan,0.0,0.1,00:00:00,0.0,1.1,-0.7,220.0
2025-05-27 14:17:27.441,3.1,nan,0.0,0.1,00:00:00,0.0,1.1,-0.7,220.0
2025-05-27 14:17:28.442,3.1,nan,0.0,0.1,00:00:00,0.0,1.1,-0.7,220.0
2025-05-27 14:17:29.442,3.1,nan,0.0,0.1,00:00:00,0.0,1.1,-0.7,220.0
2025-05-27 14:17:30.445,3.1,nan,0.0,0.1,00:00:00,0.0,1.1,-0.7,220.0
2025-05-27 14:17:31.440,3.1,nan,0.0,0.1,00:00:00,0.0,1.1,-0.7,220.0
2025-05-27 14:17:32.442,3.1,nan,0.0,0.1,00:00:00,0.0,1.1,-0.7,220.0
2025-05-27 14:17:33.440,3.1,nan,0.0,0.1,00:00:00,0.0,1.1,-0.7,220.0
2025-05-27 14:17:34.440,3.1,nan,0.0,0.1,00:00:00,0.0,1.1,-0.7,220.0
2025-05-27 14:17:35.442,3.1,nan,0.0,0.1,00:00:00,0.0,1.1,-0.7,220.0
2025-05-27 14:17:36.440,3.1,nan,0.0,0.1,00:00:00,0.0,1.1,-0.7,220.0
2025-05-27 14:17:37.441,3.1,nan,0.0,0.1,00:00:00,0.0,1.1,-0.7,220.0
2025-05-27 14:17:38.439,3.1,nan,0.0,0.1,00:00:00,0.0,1.1,-0.7,220.0
2025-05-27 14:17:39.441,3.1,nan,0.0,0.1,00:00:00,0.0,1.1,-0.7,220.0
2025-05-27 14:17:40.438,3.1,nan,0.0,0.1,00:00:00,0.0,1.1,-0.7,220.0
2025-05-27 14:17:41.441,3.1,nan,0.0,0.1,00:00:00,0.0,1.1,-0.7,220.0
2025-05-27 14:17:42.440,3.1,nan,0.0,0.1,00:00:00,0.0,1.1,-0.7,220.0
2025-05-27 14:17:43.438,3.1,nan,0.0,0.1,00:00:00,0.0,1.1,-0.7,220.0
2025-05-27 14:17:44.441,3.1,nan,0.0,0.1,00:00:00,0.0,1.1,-0.7,220.0
2025-05-27 14:17:45.441,3.1,nan,0.0,0.1,00:00:00,0.0,1.1,-0.7,220.0
2025-05-27 14:17:46.439,3.1,nan,0.0,0.1,00:00:00,0.0,1.1,-0.7,220.0
2025-05-27 14:17:47.441,3.1,nan,0.0,0.1,00:00:00,0.0,1.1,-0.7,220.0
2025-05-27 14:17:48.439,3.1,nan,0.0,0.1,00:00:00,0.0,1.1,-0.7,220.0
2025-05-27 14:17:49.439,3.1,nan,0.0,0.1,00:00:00,0.0,1.1,-0.7,220.0
2025-05-27 14:17:50.438,3.1,nan,0.0,0.1,00:00:00,0.0,1.1,-0.7,220.0
2025-05-27 14:17:51.441,3.1,nan,0.0,0.1,00:00:00,0.0,1.1,-0.7,220.0
2025-05-27 14:17:52.439,3.1,nan,0.0,0.1,00:00:00,0.0,1.1,-0.7,220.0
2025-05-27 14:17:53.441,3.1,nan,0.0,0.1,00:00:00,0.0,1.1,-0.7,220.0
2025-05-27 14:17:54.441,3.1,nan,0.0,0.1,00:00:00,0.0,1.1,-0.7,220.0
2025-05-27 14:17:55.439,3.1,nan,0.0,0.1,00:00:00,0.0,1.1,-0.7,220.0
2025-05-27 14:17:56.442,3.1,nan,0.0,0.1,00:00:00,0.0,1.1,-0.7,220.0
2025-05-27 14:17:57.438,3.1,nan,0.0,0.1,00:00:00,0.0,1.1,-0.7,220.0
2025-05-27 14:17:58.440,3.1,nan,0.0,0.1,00:00:00,0.0,1.1,-0.7,220.0
2025-05-27 14:17:59.440,3.1,nan,0.0,0.1,00:00:00,0.0,1.1,-0.7,220.0
2025-05-27 14:18:00.442,3.1,nan,0.0,0.1,00:00:00,0.0,1.1,-0.7,220.0
2025-05-27 14:18:01.438,3.1,nan,0.0,0.1,00:00:00,0.0,1.1,-0.7,220.0
2025-05-27 14:18:02.438,3.1,nan,0.0,0.1,00:00:00,0.0,1.1,-0.7,220.0
2025-05-27 14:18:03.441,3.1,nan,0.0,0.1,00:00:00,0.0,1.1,-0.7,220.0
2025-05-27 14:18:04.440,3.1,nan,0.0,0.1,00:00:00,0.0,1.1,-0.7,220.0
2025-05-27 14:18:05.440,3.1,nan,0.0,0.1,00:00:00,0.0,1.1,-0.7,220.0
2025-05-27 14:18:06.441,3.1,nan,0.0,0.1,00:00:00,0.0,1.1,-0.7,220.0
2025-05-27 14:18:07.438,3.1,nan,0.0,0.1,00:00:00,0.0,1.1,-0.7,220.0
2025-05-27 14:18:08.441,3.1,nan,0.0,0.1,00:00:00,0.0,1.1,-0.7,220.0
2025-05-27 14:18:09.439,3.1,nan,0.0,0.1,00:00:00,0.0,1.1,-0.7,220.0
2025-05-27 14:18:10.439,3.1,nan,0.0,0.1,00:00:00,0.0,1.1,-0.7,220.0
2025-05-27 14:18:11.439,3.1,nan,0.0,0.1,00:00:00,0.0,1.1,-0.7,220.0
2025-05-27 14:18:12.438,3.1,nan,0.0,0.1,00:00:00,0.0,1.1,-0.7,220.0
2025-05-27 14:18:13.444,3.1,nan,0.0,0.1,00:00:00,0.0,1.1,-0.7,220.0
2025-05-27 14:18:14.441,3.1,nan,0.0,0.1,00:00:00,0.0,1.1,-0.7,220.0
2025-05-27 14:18:15.442,3.1,nan,0.0,0.1,00:00:00,0.0,1.1,-0.7,220.0
2025-05-27 14:18:16.438,3.1,nan,0.0,0.1,00:00:00,0.0,1.1,-0.7,220.0
2025-05-27 14:18:17.440,3.1,nan,0.0,0.1,00:00:00,0.0,1.1,-0.7,220.0
2025-05-27 14:18:18.441,3.1,nan,0.0,0.1,00:00:00,0.0,1.1,-0.7,220.0
2025-05-27 14:18:19.441,3.1,nan,0.0,0.1,00:00:00,0.0,1.1,-0.7,220.0
2025-05-27 14:18:20.443,3.1,nan,0.0,0.1,00:00:00,0.0,1.1,-0.7,220.0
2025-05-27 14:18:21.439,3.1,nan,0.0,0.1,00:00:00,0.0,1.1,-0.7,220.0
2025-05-27 14:18:22.439,3.1,nan,0.0,0.1,00:00:00,0.0,1.1,-0.7,220.0
2025-05-27 14:18:23.439,3.1,nan,0.0,0.1,00:00:00,0.0,1.1,-0.7,220.0
2025-05-27 14:18:24.440,3.1,nan,0.0,0.1,00:00:00,0.0,1.1,-0.7,220.0
2025-05-27 14:18:25.439,3.1,nan,0.0,0.1,00:00:00,0.0,1.1,-0.7,220.0
2025-05-27 14:18:26.441,3.1,nan,0.0,0.1,00:00:00,0.0,1.1,-0.7,220.0
2025-05-27 14:18:27.441,3.1,nan,0.0,0.1,00:00:00,0.0,1.1,-0.7,220.0
2025-05-27 14:18:28.439,3.1,nan,0.0,0.1,00:00:00,0.0,1.1,-0.7,220.0
2025-05-27 14:18:29.439,3.1,nan,0.0,0.1,00:00:00,0.0,1.1,-0.7,220.0
2025-05-27 14:18:30.438,3.1,nan,0.0,0.1,00:00:00,0.0,1.1,-0.7,220.0
2025-05-27 14:18:31.441,3.1,nan,0.0,0.1,00:00:00,0.0,1.1,-0.7,220.0
2025-05-27 14:18:32.441,3.1,nan,0.0,0.1,00:00:00,0.0,1.1,-0.7,220.0
2025-05-27 14:18:33.439,3.1,nan,0.0,0.1,00:00:00,0.0,1.1,-0.7,220.0
2025-05-27 14:18:34.440,3.1,nan,0.0,0.1,00:00:00,0.0,1.1,-0.7,220.0
2025-05-27 14:18:35.440,3.1,nan,0.0,0.1,00:00:00,0.0,1.1,-0.7,220.0
2025-05-27 14:18:36.440,3.1,nan,0.0,0.1,00:00:00,0.0,1.1,-0.7,220.0
2025-05-27 14:18:37.438,3.1,nan,0.0,0.1,00:00:00,0.0,1.1,-0.7,220.0
2025-05-27 14:18:38.441,3.1,nan,0.0,0.1,00:00:00,0.0,1.1,-0.7,220.0
2025-05-27 14:18:39.440,3.1,nan,0.0,0.1,00:00:00,0.0,1.1,-0.7,220.0
2025-05-27 14:18:40.440,3.1,nan,0.0,0.1,00:00:00,0.0,1.1,-0.7,220.0
2025-05-27 14:18:41.440,3.1,nan,0.0,0.1,00:00:00,0.0,1.1,-0.7,220.0
2025-05-27 14:18:42.465,3.1,nan,0.0,0.1,00:00:00,0.0,1.1,-0.7,220.0
2025-05-27 14:18:43.441,3.1,nan,0.0,0.1,00:00:00,0.0,1.1,-0.7,220.0
2025-05-27 14:18:44.439,3.1,nan,0.0,0.1,00:00:00,0.0,1.1,-0.7,220.0
2025-05-27 14:18:45.467,3.1,nan,0.0,0.1,00:00:00,0.0,1.1,-0.7,220.0
2025-05-27 14:18:46.585,3.1,nan,0.0,0.1,00:00:00,0.0,1.1,-0.7,220.0
2025-05-27 14:18:47.440,3.1,nan,0.0,0.1,00:00:00,0.0,1.1,-0.7,220.0
2025-05-27 14:18:48.475,-0.2,nan,0.0,0.1,00:00:00,0.0,1.0,-0.7,222.0
2025-05-27 14:18:49.438,-0.1,nan,0.0,0.1,00:00:00,0.0,1.0,-0.7,222.0
2025-05-27 14:18:50.442,-0.1,nan,0.0,0.1,00:00:00,0.0,1.0,-0.6,222.0
2025-05-27 14:18:51.440,-0.1,nan,0.0,0.1,00:00:00,0.0,0.9,-0.6,222.0
2025-05-27 14:18:52.442,-0.1,nan,0.0,0.1,00:00:00,0.0,0.9,-0.6,222.0
2025-05-27 14:18:53.441,-0.0,nan,0.0,0.1,00:00:00,0.0,0.9,-0.6,222.0
2025-05-27 14:18:54.440,-0.0,nan,0.0,0.1,00:00:00,0.0,0.9,-0.5,222.0
2025-05-27 14:18:55.441,0.0,nan,0.0,0.1,00:00:00,0.0,0.9,-0.5,222.0
2025-05-27 14:18:56.439,-0.0,nan,0.0,0.1,00:00:00,0.0,0.9,-0.5,222.0
2025-05-27 14:18:57.438,-0.0,nan,0.0,0.1,00:00:00,0.0,1.0,-0.6,222.0
2025-05-27 14:18:58.440,0.0,nan,0.0,0.1,00:00:00,0.0,1.0,-0.5,222.0
2025-05-27 14:18:59.440,0.1,nan,0.0,0.1,00:00:00,0.0,1.1,-0.6,222.0
2025-05-27 14:19:00.441,0.1,nan,0.0,0.0,00:00:00,0.0,1.1,-0.7,222.0
2025-05-27 14:19:01.441,0.1,nan,0.0,0.0,00:00:00,0.0,1.1,-0.7,222.0
2025-05-27 14:19:02.440,0.1,nan,0.0,0.0,00:00:00,0.0,1.1,-0.7,222.0
2025-05-27 14:19:03.439,0.1,nan,-0.0,0.1,00:00:00,0.0,1.0,-0.7,222.0
2025-05-27 14:19:04.440,0.1,nan,0.0,0.1,00:00:00,0.0,0.9,-0.7,222.0
2025-05-27 14:19:05.439,0.1,nan,0.0,0.1,00:00:00,0.0,0.9,-0.6,222.0
2025-05-27 14:19:06.439,0.1,nan,-0.0,0.1,00:00:00,0.0,0.8,-0.7,222.0
2025-05-27 14:19:07.438,0.1,nan,0.0,0.1,00:00:00,0.0,0.8,-0.6,222.0
2025-05-27 14:19:08.441,0.1,nan,0.0,0.1,00:00:00,0.0,0.8,-0.6,222.0
2025-05-27 14:19:09.438,0.1,nan,0.0,0.0,00:00:00,0.0,0.7,-0.6,222.0
2025-05-27 14:19:10.441,0.1,nan,0.0,0.1,00:00:00,0.0,0.7,-0.6,222.0
2025-05-27 14:19:11.442,0.1,nan,0.0,0.1,00:00:00,0.0,0.7,-0.6,222.0
2025-05-27 14:19:12.438,0.1,nan,0.0,0.1,00:00:00,0.0,0.7,-0.6,222.0
2025-05-27 14:19:13.441,0.2,nan,0.0,0.1,00:00:00,0.0,0.7,-0.6,222.0
2025-05-27 14:19:14.438,0.1,nan,0.0,0.2,00:00:00,0.0,0.7,-0.6,222.0
2025-05-27 14:19:15.438,0.1,nan,0.0,0.2,00:00:00,0.0,0.8,-0.6,222.0
2025-05-27 14:19:16.439,0.1,nan,0.0,0.2,00:00:00,0.0,0.8,-0.6,222.0
2025-05-27 14:19:17.441,0.1,nan,-0.0,0.2,00:00:00,0.0,0.8,-0.6,222.0
2025-05-27 14:19:18.438,0.1,nan,-0.0,0.2,00:00:00,0.0,0.8,-0.6,222.0
2025-05-27 14:19:19.441,0.0,nan,-0.0,0.3,00:00:00,0.0,0.8,-0.5,222.0
2025-05-27 14:19:20.439,-0.0,nan,-0.0,0.3,00:00:00,0.0,0.8,-0.5,222.0
2025-05-27 14:19:21.439,-0.1,nan,-0.1,0.3,00:00:00,0.0,0.8,-0.5,222.0
2025-05-27 14:19:22.438,-0.1,nan,-0.0,0.3,00:00:00,0.0,0.8,-0.6,222.0
2025-05-27 14:19:23.439,-0.1,nan,-0.0,0.3,00:00:00,0.0,0.9,-0.6,222.0
2025-05-27 14:19:24.441,-0.2,nan,-0.0,0.2,00:00:00,0.0,0.9,-0.6,222.0
2025-05-27 14:19:25.442,-0.2,nan,-0.0,0.2,00:00:00,0.0,1.0,-0.6,222.0
2025-05-27 14:19:26.442,-0.1,nan,-0.0,0.1,00:00:00,0.0,1.1,-0.6,222.0
2025-05-27 14:19:27.440,-0.1,nan,-0.0,0.0,00:00:00,0.0,1.2,-0.6,222.0
2025-05-27 14:19:28.439,-0.1,nan,0.0,0.1,00:00:00,0.0,1.1,-0.6,222.0
2025-05-27 14:19:29.442,-0.1,nan,-0.0,0.1,00:00:00,0.0,1.1,-0.6,222.0
2025-05-27 14:19:30.441,-0.1,nan,-0.0,0.1,00:00:00,0.0,1.1,-0.6,222.0
2025-05-27 14:19:31.443,-0.2,nan,-0.0,0.1,00:00:00,0.0,1.1,-0.6,223.0
2025-05-27 14:19:32.441,-0.3,nan,-0.0,0.1,00:00:00,0.0,1.1,-0.6,223.0
2025-05-27 14:19:33.441,-0.3,nan,-0.0,0.1,00:00:00,0.0,1.1,-0.6,223.0
2025-05-27 14:19:34.438,-0.3,nan,-0.0,0.1,00:00:00,0.0,1.1,-0.7,223.0
2025-05-27 14:19:35.440,-0.3,nan,-0.0,0.1,00:00:00,0.0,1.1,-0.7,223.0
2025-05-27 14:19:36.438,-0.5,nan,-0.0,0.1,00:00:00,0.0,1.1,-0.6,223.0
2025-05-27 14:19:37.441,-0.5,nan,-0.0,0.1,00:00:00,0.0,1.0,-0.6,223.0
2025-05-27 14:19:38.438,-0.4,nan,-0.0,0.1,00:00:00,0.0,1.1,-0.6,223.0
2025-05-27 14:19:39.440,-0.6,nan,-0.0,0.1,00:00:00,0.0,1.0,-0.6,223.0
2025-05-27 14:19:40.439,-0.6,nan,-0.1,0.1,00:00:00,0.0,1.1,-0.6,223.0
2025-05-27 14:19:41.438,-0.5,nan,-0.0,0.1,00:00:00,0.0,1.0,-0.6,223.0
2025-05-27 14:19:42.443,-0.5,nan,-0.0,0.2,00:00:00,0.0,1.0,-0.6,223.0
2025-05-27 14:19:43.440,-0.5,nan,-0.0,0.2,00:00:00,0.0,1.0,-0.6,223.0
2025-05-27 14:19:44.440,-0.5,nan,-0.0,0.2,00:00:00,0.0,1.0,-0.6,223.0
2025-05-27 14:19:45.440,-0.5,nan,-0.0,0.2,00:00:00,0.0,0.8,-0.5,223.0
2025-05-27 14:19:46.438,-0.4,nan,0.0,0.1,00:00:00,0.0,0.7,-0.5,223.0
2025-05-27 14:19:47.442,-0.4,nan,0.0,0.1,00:00:00,0.0,0.6,-0.4,223.0
2025-05-27 14:19:48.439,-0.4,nan,0.0,0.0,00:00:00,0.0,0.6,-0.4,223.0
2025-05-27 14:19:49.440,-0.4,nan,0.0,0.0,00:00:00,0.0,0.6,-0.4,223.0
2025-05-27 14:19:50.440,-0.4,nan,0.0,0.1,00:00:00,0.0,0.6,-0.4,223.0
2025-05-27 14:19:51.442,-0.4,nan,-0.0,0.1,00:00:00,0.0,0.6,-0.4,223.0
2025-05-27 14:19:52.442,-0.4,nan,-0.0,0.1,00:00:00,0.0,0.5,-0.5,223.0
2025-05-27 14:19:53.440,-0.4,nan,-0.0,0.2,00:00:00,0.0,0.6,-0.5,223.0
2025-05-27 14:19:54.439,-0.4,nan,-0.0,0.2,00:00:00,0.0,0.6,-0.5,223.0
2025-05-27 14:19:55.440,-0.4,nan,0.0,0.2,00:00:00,0.0,0.7,-0.6,223.0
2025-05-27 14:19:56.438,-0.3,nan,0.0,0.2,00:00:00,0.0,0.7,-0.6,223.0
2025-05-27 14:19:57.439,-0.3,nan,0.0,0.2,00:00:00,0.0,0.8,-0.7,223.0
2025-05-27 14:19:58.441,-0.2,nan,0.0,0.1,00:00:00,0.0,0.9,-0.7,223.0
2025-05-27 14:19:59.439,-0.2,nan,0.0,0.1,00:00:00,0.0,1.0,-0.7,223.0
2025-05-27 14:20:00.439,-0.2,nan,0.0,0.1,00:00:00,0.0,1.0,-0.6,223.0
2025-05-27 14:20:01.439,-0.2,nan,0.0,0.1,00:00:00,0.0,1.0,-0.6,223.0
2025-05-27 14:20:02.441,-0.1,nan,0.0,0.1,00:00:00,0.0,1.1,-0.6,223.0
2025-05-27 14:20:03.442,-0.1,nan,0.0,0.1,00:00:00,0.0,1.1,-0.6,223.0
2025-05-27 14:20:04.438,-0.2,nan,-0.0,0.1,00:00:00,0.0,1.0,-0.5,223.0
2025-05-27 14:20:05.441,-0.1,nan,0.0,0.1,00:00:00,0.0,1.1,-0.5,223.0
2025-05-27 14:20:06.438,-0.2,nan,-0.0,0.1,00:00:00,0.0,1.0,-0.5,223.0
2025-05-27 14:20:07.441,-0.2,nan,-0.0,0.1,00:00:00,0.0,1.0,-0.5,223.0
2025-05-27 14:20:08.441,-0.2,nan,-0.0,0.0,00:00:00,0.0,0.9,-0.5,222.0
2025-05-27 14:20:09.438,-0.2,nan,-0.0,0.0,00:00:00,0.0,0.8,-0.5,223.0
2025-05-27 14:20:10.441,-0.2,nan,-0.0,0.1,00:00:00,0.0,0.8,-0.4,223.0
2025-05-27 14:20:11.439,-0.2,nan,-0.0,0.1,00:00:00,0.0,0.8,-0.4,223.0
2025-05-27 14:20:12.440,-0.1,nan,-0.0,0.1,00:00:00,0.0,0.8,-0.4,223.0
2025-05-27 14:20:13.440,-0.2,nan,-0.0,0.1,00:00:00,0.0,0.8,-0.4,222.0
2025-05-27 14:20:14.439,-0.2,nan,-0.0,0.1,00:00:00,0.0,0.7,-0.4,223.0
2025-05-27 14:20:15.439,-0.2,nan,-0.0,0.1,00:00:00,0.0,0.7,-0.4,223.0
2025-05-27 14:20:16.438,-0.2,nan,-0.0,0.1,00:00:00,0.0,0.7,-0.5,223.0
2025-05-27 14:20:17.441,-0.2,nan,0.0,0.1,00:00:00,0.0,0.8,-0.5,223.0
2025-05-27 14:20:18.439,-0.1,nan,0.0,0.1,00:00:00,0.0,0.8,-0.5,223.0
2025-05-27 14:20:19.442,-0.1,nan,0.0,0.1,00:00:00,0.0,0.9,-0.5,223.0
2025-05-27 14:20:20.442,-0.0,nan,0.0,0.1,00:00:00,0.0,0.9,-0.5,223.0
2025-05-27 14:20:21.438,-0.0,nan,0.0,0.0,00:00:00,0.0,0.9,-0.5,223.0
2025-05-27 14:20:22.440,0.0,nan,0.0,0.0,00:00:00,0.0,0.9,-0.5,223.0
2025-05-27 14:20:23.441,0.0,nan,0.0,0.0,00:00:00,0.0,0.9,-0.5,223.0
2025-05-27 14:20:24.440,0.1,nan,0.0,0.0,00:00:00,0.0,0.9,-0.5,223.0
2025-05-27 14:20:25.440,0.1,nan,0.0,0.0,00:00:00,0.0,0.9,-0.5,223.0
2025-05-27 14:20:26.442,0.1,nan,-0.0,0.0,00:00:00,0.0,0.9,-0.5,223.0
2025-05-27 14:20:27.440,0.0,nan,-0.0,0.0,00:00:00,0.0,0.9,-0.5,223.0
2025-05-27 14:20:28.438,0.0,nan,-0.0,0.0,00:00:00,0.0,0.9,-0.6,223.0
2025-05-27 14:20:29.440,0.0,nan,0.0,0.0,00:00:00,0.0,0.9,-0.6,223.0
2025-05-27 14:20:30.440,0.0,nan,0.0,0.0,00:00:00,0.0,0.9,-0.6,223.0
2025-05-27 14:20:31.440,0.0,nan,-0.0,0.0,00:00:00,0.0,0.8,-0.6,223.0
2025-05-27 14:20:32.440,-0.0,nan,-0.0,0.0,00:00:00,0.0,0.8,-0.6,223.0
2025-05-27 14:20:33.440,-0.1,nan,-0.0,0.0,00:00:00,0.0,0.8,-0.6,223.0
2025-05-27 14:20:34.439,-0.2,nan,-0.1,0.0,00:00:00,0.0,0.9,-0.6,223.0
2025-05-27 14:20:35.441,-0.2,nan,-0.0,0.0,00:00:00,0.0,0.9,-0.6,223.0
2025-05-27 14:20:36.440,-0.2,nan,-0.0,0.0,00:00:00,0.0,0.9,-0.6,223.0
2025-05-27 14:20:37.439,-0.2,nan,-0.0,0.0,00:00:00,0.0,1.0,-0.6,223.0
2025-05-27 14:20:38.440,-0.2,nan,-0.0,0.0,00:00:00,0.0,1.0,-0.6,223.0
2025-05-27 14:20:39.438,-0.2,nan,-0.0,0.1,00:00:00,0.0,1.0,-0.6,223.0
2025-05-27 14:20:40.439,-0.2,nan,-0.0,0.1,00:00:00,0.0,0.9,-0.6,223.0
2025-05-27 14:20:41.440,-0.1,nan,0.0,0.1,00:00:00,0.0,1.0,-0.6,223.0
2025-05-27 14:20:42.439,-0.1,nan,0.0,0.1,00:00:00,0.0,0.9,-0.6,223.0
2025-05-27 14:20:43.439,-0.1,nan,-0.0,0.1,00:00:00,0.0,0.9,-0.6,223.0
2025-05-27 14:20:44.438,-0.1,nan,-0.0,0.1,00:00:00,0.0,1.0,-0.5,223.0
2025-05-27 14:20:45.440,-0.2,nan,-0.0,0.0,00:00:00,0.0,1.0,-0.6,223.0
2025-05-27 14:20:46.439,-0.2,nan,-0.0,0.1,00:00:00,0.0,1.0,-0.6,223.0
2025-05-27 14:20:47.438,-0.2,nan,-0.0,0.1,00:00:00,0.0,1.0,-0.6,223.0
2025-05-27 14:20:48.440,-0.2,nan,-0.0,0.0,00:00:00,0.0,0.9,-0.5,223.0
2025-05-27 14:20:49.438,-0.3,nan,-0.0,0.0,00:00:00,0.0,0.9,-0.5,223.0
2025-05-27 14:20:50.439,-0.2,nan,-0.0,0.0,00:00:00,0.0,0.9,-0.5,223.0
2025-05-27 14:20:51.439,-0.2,nan,-0.0,0.0,00:00:00,0.0,0.8,-0.6,223.0
2025-05-27 14:20:52.439,-0.3,nan,-0.0,0.1,00:00:00,0.0,0.8,-0.6,223.0
2025-05-27 14:20:53.439,-0.2,nan,-0.0,0.1,00:00:00,0.0,0.9,-0.6,223.0
2025-05-27 14:20:54.438,-0.3,nan,-0.0,0.0,00:00:00,0.0,0.9,-0.6,223.0
2025-05-27 14:20:55.441,-0.2,nan,-0.0,0.0,00:00:00,0.0,0.9,-0.6,223.0
2025-05-27 14:20:56.440,-0.2,nan,-0.0,0.0,00:00:00,0.0,1.0,-0.6,223.0
2025-05-27 14:20:57.440,-0.2,nan,-0.0,0.0,00:00:00,0.0,0.9,-0.6,223.0
2025-05-27 14:20:58.441,-0.1,nan,0.0,0.0,00:00:00,0.0,0.9,-0.6,223.0
2025-05-27 14:20:59.440,-0.0,nan,0.0,0.0,00:00:00,0.0,0.9,-0.7,223.0
2025-05-27 14:21:00.438,0.1,nan,0.1,0.0,00:00:00,0.0,1.0,-0.7,223.0
2025-05-27 14:21:01.438,0.1,nan,0.0,0.0,00:00:00,0.0,1.0,-0.6,223.0
2025-05-27 14:21:02.440,0.2,nan,0.1,0.1,00:00:00,0.0,1.1,-0.6,223.0
2025-05-27 14:21:03.439,0.2,nan,0.0,0.1,00:00:00,0.0,1.1,-0.7,223.0
2025-05-27 14:21:04.438,0.2,nan,0.0,0.0,00:00:00,0.0,1.0,-0.7,223.0
2025-05-27 14:21:05.440,0.2,nan,0.0,0.0,00:00:00,0.0,1.0,-0.7,223.0
2025-05-27 14:21:06.441,0.1,nan,0.0,0.0,00:00:00,0.0,0.9,-0.6,223.0
2025-05-27 14:21:07.441,0.3,nan,0.0,0.0,00:00:00,0.0,1.0,-0.6,223.0
2025-05-27 14:21:08.441,0.3,nan,0.0,0.0,00:00:00,0.0,1.0,-0.6,223.0
2025-05-27 14:21:09.441,0.2,nan,0.0,0.0,00:00:00,0.0,1.0,-0.6,223.0
2025-05-27 14:21:10.440,0.2,nan,0.0,0.0,00:00:00,0.0,1.0,-0.6,223.0
2025-05-27 14:21:11.441,0.3,nan,0.0,0.0,00:00:00,0.0,1.0,-0.6,223.0
2025-05-27 14:21:12.438,0.2,nan,0.0,0.1,00:00:00,0.0,1.0,-0.6,223.0
2025-05-27 14:21:13.442,0.2,nan,0.0,0.0,00:00:00,0.0,1.0,-0.6,223.0
2025-05-27 14:21:14.441,0.2,nan,0.0,0.0,00:00:00,0.0,1.0,-0.6,223.0
2025-05-27 14:21:15.444,0.2,nan,0.0,0.0,00:00:00,0.0,1.0,-0.6,223.0
2025-05-27 14:21:16.439,0.2,nan,0.0,0.0,00:00:00,0.0,1.1,-0.7,223.0
2025-05-27 14:21:17.440,0.1,nan,-0.0,0.0,00:00:00,0.0,1.1,-0.8,223.0
2025-05-27 14:21:18.440,0.2,nan,0.0,0.1,00:00:00,0.0,1.1,-0.8,223.0
2025-05-27 14:21:19.441,0.2,nan,0.0,0.1,00:00:00,0.0,1.1,-0.7,223.0
2025-05-27 14:21:20.438,0.2,nan,0.0,0.1,00:00:00,0.0,1.0,-0.7,223.0
2025-05-27 14:21:21.440,0.3,nan,0.0,0.1,00:00:00,0.0,1.0,-0.7,223.0
2025-05-27 14:21:22.440,0.3,nan,0.0,0.1,00:00:00,0.0,1.0,-0.7,223.0
2025-05-27 14:21:23.438,0.4,nan,0.0,0.1,00:00:00,0.0,1.0,-0.7,223.0
2025-05-27 14:21:24.441,0.3,nan,0.0,0.1,00:00:00,0.0,1.0,-0.7,223.0
2025-05-27 14:21:25.439,0.3,nan,0.0,0.1,00:00:00,0.0,0.9,-0.7,223.0
2025-05-27 14:21:26.439,0.2,nan,0.0,0.1,00:00:00,0.0,0.9,-0.7,223.0
2025-05-27 14:21:27.444,0.1,nan,-0.0,0.0,00:00:00,0.0,0.8,-0.6,223.0
2025-05-27 14:21:28.440,-0.0,nan,-0.0,0.1,00:00:00,0.0,0.8,-0.6,223.0
2025-05-27 14:21:29.439,-0.1,nan,-0.0,0.2,00:00:00,0.0,0.7,-0.5,223.0
2025-05-27 14:21:30.440,-0.1,nan,-0.0,0.2,00:00:00,0.0,0.7,-0.5,223.0
2025-05-27 14:21:31.438,0.0,nan,0.0,0.2,00:00:00,0.0,0.6,-0.5,223.0
2025-05-27 14:21:32.438,0.1,nan,0.1,0.2,00:00:00,0.0,0.7,-0.5,223.0
2025-05-27 14:21:33.441,0.2,nan,0.1,0.1,00:00:00,0.0,0.8,-0.6,223.0
2025-05-27 14:21:34.442,0.3,nan,0.1,0.0,00:00:00,0.0,0.9,-0.5,223.0
2025-05-27 14:21:35.441,0.3,nan,0.1,0.1,00:00:00,0.0,0.9,-0.5,223.0
2025-05-27 14:21:36.438,0.2,nan,0.0,0.1,00:00:00,0.0,0.9,-0.6,223.0
2025-05-27 14:21:37.441,0.1,nan,0.0,0.1,00:00:00,0.0,1.0,-0.6,223.0
2025-05-27 14:21:38.440,0.0,nan,-0.0,0.1,00:00:00,0.0,1.0,-0.6,223.0
2025-05-27 14:21:39.440,0.0,nan,0.0,0.2,00:00:00,0.0,1.1,-0.6,223.0
2025-05-27 14:21:40.439,0.0,nan,0.0,0.5,00:00:00,0.0,1.3,-0.6,223.0
2025-05-27 14:21:41.443,-0.1,nan,0.0,0.6,00:00:00,0.0,1.4,-0.6,223.0
2025-05-27 14:21:42.439,-0.1,nan,-0.0,0.6,00:00:00,0.0,1.3,-0.6,223.0
2025-05-27 14:21:43.440,-0.1,nan,-0.0,0.6,00:00:00,0.0,1.3,-0.6,223.0
2025-05-27 14:21:44.439,-0.2,nan,-0.0,0.5,00:00:00,0.0,1.1,-0.6,223.0
2025-05-27 14:21:45.442,-0.2,nan,-0.0,0.3,00:00:00,0.0,0.9,-0.5,223.0
2025-05-27 14:21:46.438,-0.2,nan,0.0,0.2,00:00:00,0.0,0.8,-0.5,223.0
2025-05-27 14:21:47.440,-0.2,nan,-0.0,0.1,00:00:00,0.0,0.6,-0.4,223.0
2025-05-27 14:21:48.438,-0.2,nan,-0.0,0.0,00:00:00,0.0,0.6,-0.5,223.0
2025-05-27 14:21:49.439,-0.2,nan,-0.0,0.2,00:00:00,0.0,0.5,-0.5,223.0
2025-05-27 14:21:50.440,-0.2,nan,0.0,0.2,00:00:00,0.0,0.5,-0.5,223.0
2025-05-27 14:21:51.438,-0.1,nan,0.0,0.2,00:00:00,0.0,0.5,-0.5,223.0
2025-05-27 14:21:52.438,-0.1,nan,0.0,0.2,00:00:00,0.0,0.6,-0.5,223.0
2025-05-27 14:21:53.441,-0.2,nan,0.0,0.2,00:00:00,0.0,0.8,-0.5,223.0
2025-05-27 14:21:54.441,-0.1,nan,0.0,0.2,00:00:00,0.0,0.9,-0.6,223.0
2025-05-27 14:21:55.439,-0.2,nan,0.0,0.1,00:00:00,0.0,0.9,-0.6,223.0
2025-05-27 14:21:56.440,-0.2,nan,0.0,0.1,00:00:00,0.0,1.0,-0.6,223.0
2025-05-27 14:21:57.438,-0.3,nan,-0.0,0.1,00:00:00,0.0,1.0,-0.6,223.0
2025-05-27 14:21:58.441,-0.3,nan,-0.0,0.0,00:00:00,0.0,1.0,-0.5,223.0
2025-05-27 14:21:59.441,-0.3,nan,-0.0,0.0,00:00:00,0.0,1.0,-0.5,223.0
2025-05-27 14:22:00.440,-0.3,nan,0.0,0.0,00:00:00,0.0,1.0,-0.4,223.0
2025-05-27 14:22:01.438,-0.2,nan,0.0,0.1,00:00:00,0.0,1.0,-0.5,223.0
2025-05-27 14:22:02.440,-0.0,nan,0.1,0.2,00:00:00,0.0,1.1,-0.5,223.0
2025-05-27 14:22:03.440,0.0,nan,0.1,0.3,00:00:00,0.0,1.2,-0.5,223.0
2025-05-27 14:22:04.441,0.1,nan,0.1,0.3,00:00:00,0.0,1.1,-0.5,223.0
2025-05-27 14:22:05.442,0.1,nan,0.1,0.2,00:00:00,0.0,1.0,-0.6,223.0
2025-05-27 14:22:06.441,0.1,nan,0.1,0.2,00:00:00,0.0,1.0,-0.6,223.0
2025-05-27 14:22:07.441,-0.0,nan,0.0,0.2,00:00:00,0.0,1.0,-0.5,223.0
2025-05-27 14:22:08.438,-0.1,nan,0.0,0.3,00:00:00,0.0,1.1,-0.6,223.0
2025-05-27 14:22:09.438,-0.1,nan,0.0,0.4,00:00:00,0.0,1.1,-0.6,223.0
2025-05-27 14:22:10.440,-0.0,nan,0.1,0.5,00:00:00,0.0,1.1,-0.5,223.0
2025-05-27 14:22:11.440,-0.0,nan,0.1,0.6,00:00:00,0.0,1.1,-0.5,223.0
2025-05-27 14:22:12.439,0.0,nan,0.1,0.8,00:00:00,0.0,1.2,-0.6,223.0
2025-05-27 14:22:13.438,0.1,nan,0.1,1.0,00:00:00,0.0,1.4,-0.6,223.0
2025-05-27 14:22:14.440,0.2,nan,0.1,1.0,00:00:00,0.0,1.3,-0.6,223.0
2025-05-27 14:22:15.439,0.1,nan,0.1,0.9,00:00:00,0.0,1.2,-0.6,223.0
2025-05-27 14:22:16.440,0.1,nan,0.1,0.9,00:00:00,0.0,1.1,-0.6,223.0
2025-05-27 14:22:17.438,-0.1,nan,0.0,0.7,00:00:00,0.0,0.9,-0.6,223.0
2025-05-27 14:22:18.438,-0.2,nan,0.0,0.6,00:00:00,0.0,0.8,-0.5,223.0
2025-05-27 14:22:19.439,-0.1,nan,0.0,0.5,00:00:00,0.0,0.7,-0.4,223.0
2025-05-27 14:22:20.438,-0.1,nan,0.0,0.4,00:00:00,0.0,0.6,-0.4,223.0
2025-05-27 14:22:21.441,-0.1,nan,0.0,0.2,00:00:00,0.0,0.5,-0.4,223.0
2025-05-27 14:22:22.441,-0.1,nan,0.0,0.0,00:00:00,0.0,0.4,-0.4,223.0
2025-05-27 14:22:23.441,-0.2,nan,0.0,0.2,00:00:00,0.0,0.4,-0.4,223.0
2025-05-27 14:22:24.439,-0.2,nan,0.0,0.4,00:00:00,0.0,0.4,-0.4,223.0
2025-05-27 14:22:25.439,-0.2,nan,0.0,0.5,00:00:00,0.0,0.4,-0.4,223.0
2025-05-27 14:22:26.438,-0.2,nan,0.0,0.6,00:00:00,0.0,0.5,-0.5,223.0
2025-05-27 14:22:27.440,-0.3,nan,-0.0,0.8,00:00:00,0.0,0.4,-0.4,223.0
2025-05-27 14:22:28.442,-0.3,nan,-0.0,0.9,00:00:00,0.0,0.5,-0.5,223.0
2025-05-27 14:22:29.443,-0.4,nan,-0.0,0.9,00:00:00,0.0,0.6,-0.5,224.0
2025-05-27 14:22:30.441,-0.4,nan,-0.0,0.9,00:00:00,0.0,0.6,-0.5,224.0
2025-05-27 14:22:31.442,-0.4,nan,-0.0,0.9,00:00:00,0.0,0.8,-0.5,224.0
2025-05-27 14:22:32.441,-0.4,nan,-0.0,0.8,00:00:00,0.0,0.9,-0.6,224.0
2025-05-27 14:22:33.439,-0.4,nan,-0.0,0.7,00:00:00,0.0,1.1,-0.7,224.0
2025-05-27 14:22:34.438,-0.4,nan,0.0,0.5,00:00:00,0.0,1.2,-0.7,224.0
2025-05-27 14:22:35.440,-0.5,nan,-0.0,0.5,00:00:00,0.0,1.2,-0.7,224.0
2025-05-27 14:22:36.438,-0.5,nan,-0.0,0.5,00:00:00,0.0,1.3,-0.7,224.0
2025-05-27 14:22:37.439,-0.6,nan,-0.0,0.5,00:00:00,0.0,1.3,-0.7,224.0
2025-05-27 14:22:38.441,-0.6,nan,-0.0,0.3,00:00:00,0.0,1.4,-0.7,224.0
2025-05-27 14:22:39.442,-0.6,nan,-0.0,0.1,00:00:00,0.0,1.5,-0.7,224.0
2025-05-27 14:22:40.438,-0.5,nan,-0.0,0.2,00:00:00,0.0,1.7,-0.8,224.0
2025-05-27 14:22:41.438,-0.5,nan,-0.0,0.4,00:00:00,0.0,1.8,-0.8,224.0
2025-05-27 14:22:42.440,-0.5,nan,-0.0,0.5,00:00:00,0.0,1.7,-0.8,224.0
2025-05-27 14:22:43.441,-0.5,nan,-0.0,0.7,00:00:00,0.0,1.9,-0.8,224.0
2025-05-27 14:22:44.439,-0.4,nan,0.0,1.0,00:00:00,0.0,2.0,-0.9,224.0
2025-05-27 14:22:45.439,-0.3,nan,0.0,1.2,00:00:00,0.0,2.0,-0.8,224.0
2025-05-27 14:22:46.441,-0.2,nan,0.0,1.3,00:00:00,0.0,2.0,-0.8,224.0
2025-05-27 14:22:47.442,-0.3,nan,-0.0,1.2,00:00:00,0.0,1.8,-0.8,224.0
2025-05-27 14:22:48.441,-0.4,nan,-0.0,1.1,00:00:00,0.0,1.6,-0.8,224.0
2025-05-27 14:22:49.438,-0.5,nan,-0.1,0.8,00:00:00,0.0,1.3,-0.7,223.0
2025-05-27 14:22:50.441,-0.5,nan,-0.1,0.6,00:00:00,0.0,1.1,-0.7,223.0
2025-05-27 14:22:51.440,-0.4,nan,-0.0,0.5,00:00:00,0.0,1.0,-0.7,223.0
2025-05-27 14:22:52.442,-0.2,nan,0.0,0.6,00:00:00,0.0,1.0,-0.7,223.0
2025-05-27 14:22:53.438,-0.1,nan,0.1,0.5,00:00:00,0.0,0.9,-0.7,223.0
2025-05-27 14:22:54.438,-0.0,nan,0.1,0.5,00:00:00,0.0,1.0,-0.7,223.0
2025-05-27 14:22:55.438,-0.0,nan,0.1,0.4,00:00:00,0.0,0.9,-0.7,223.0
2025-05-27 14:22:56.439,-0.1,nan,0.0,0.2,00:00:00,0.0,0.8,-0.7,224.0
2025-05-27 14:22:57.439,-0.1,nan,0.0,0.1,00:00:00,0.0,0.7,-0.7,223.0
2025-05-27 14:22:58.438,-0.2,nan,0.0,0.2,00:00:00,0.0,0.5,-0.6,224.0
2025-05-27 14:22:59.438,-0.2,nan,0.0,0.3,00:00:00,0.0,0.6,-0.7,223.0
2025-05-27 14:23:00.440,-0.2,nan,-0.0,0.4,00:00:00,0.0,0.6,-0.7,223.0
2025-05-27 14:23:01.439,-0.3,nan,-0.0,0.4,00:00:00,0.0,0.7,-0.7,223.0
2025-05-27 14:23:02.439,-0.4,nan,-0.1,0.4,00:00:00,0.0,0.7,-0.8,223.0
2025-05-27 14:23:03.441,-0.6,nan,-0.1,0.4,00:00:00,0.0,0.8,-0.8,223.0
2025-05-27 14:23:04.441,-0.5,nan,-0.0,0.3,00:00:00,0.0,0.9,-0.8,223.0
2025-05-27 14:23:05.441,-0.5,nan,-0.0,0.2,00:00:00,0.0,1.0,-0.9,224.0
2025-05-27 14:23:06.441,-0.4,nan,-0.0,0.1,00:00:00,0.0,1.2,-0.8,224.0
2025-05-27 14:23:07.439,-0.3,nan,0.0,0.2,00:00:00,0.0,1.3,-0.8,224.0
2025-05-27 14:23:08.441,-0.3,nan,0.0,0.2,00:00:00,0.0,1.3,-0.9,224.0
2025-05-27 14:23:09.439,-0.3,nan,0.0,0.3,00:00:00,0.0,1.3,-0.8,224.0
2025-05-27 14:23:10.440,-0.2,nan,0.0,0.3,00:00:00,0.0,1.3,-0.8,224.0
2025-05-27 14:23:11.438,-0.2,nan,0.0,0.4,00:00:00,0.0,1.4,-0.7,224.0
2025-05-27 14:23:12.438,-0.1,nan,0.1,0.5,00:00:00,0.0,1.4,-0.7,224.0
2025-05-27 14:23:13.441,-0.1,nan,0.0,0.4,00:00:00,0.0,1.3,-0.6,224.0
2025-05-27 14:23:14.441,-0.1,nan,0.0,0.3,00:00:00,0.0,1.2,-0.6,224.0
2025-05-27 14:23:15.441,-0.1,nan,0.0,0.3,00:00:00,0.0,1.1,-0.5,224.0
2025-05-27 14:23:16.438,-0.1,nan,0.0,0.3,00:00:00,0.0,1.1,-0.6,224.0
2025-05-27 14:23:17.438,-0.1,nan,0.0,0.2,00:00:00,0.0,1.2,-0.6,224.0
2025-05-27 14:23:18.440,0.0,nan,0.0,0.3,00:00:00,0.0,1.2,-0.6,224.0
2025-05-27 14:23:19.442,0.0,nan,0.0,0.3,00:00:00,0.0,1.1,-0.6,223.0
2025-05-27 14:23:20.440,-0.1,nan,0.0,0.2,00:00:00,0.0,1.0,-0.6,224.0
2025-05-27 14:23:21.438,-0.2,nan,0.0,0.3,00:00:00,0.0,1.0,-0.6,224.0
2025-05-27 14:23:22.438,-0.3,nan,0.0,0.3,00:00:00,0.0,1.0,-0.7,224.0
2025-05-27 14:23:23.440,-0.3,nan,0.0,0.3,00:00:00,0.0,1.0,-0.7,224.0
2025-05-27 14:23:24.440,-0.4,nan,0.0,0.2,00:00:00,0.0,0.9,-0.7,224.0
2025-05-27 14:23:25.440,-0.4,nan,0.0,0.1,00:00:00,0.0,0.8,-0.7,223.0
2025-05-27 14:23:26.441,-0.5,nan,-0.0,0.1,00:00:00,0.0,0.7,-0.6,223.0
2025-05-27 14:23:27.441,-0.5,nan,-0.0,0.2,00:00:00,0.0,0.7,-0.7,223.0
2025-05-27 14:23:28.440,-0.6,nan,-0.0,0.1,00:00:00,0.0,0.8,-0.7,223.0
2025-05-27 14:23:29.440,-0.6,nan,-0.0,0.1,00:00:00,0.0,0.9,-0.7,224.0
2025-05-27 14:23:30.440,-0.6,nan,-0.0,0.3,00:00:00,0.0,1.0,-0.7,224.0
2025-05-27 14:23:31.441,-0.6,nan,-0.0,0.4,00:00:00,0.0,1.2,-0.7,224.0
2025-05-27 14:23:32.441,-0.6,nan,-0.0,0.6,00:00:00,0.0,1.3,-0.8,224.0
2025-05-27 14:23:33.441,-0.6,nan,0.0,0.8,00:00:00,0.0,1.4,-0.7,224.0
2025-05-27 14:23:34.440,-0.6,nan,-0.0,0.8,00:00:00,0.0,1.4,-0.8,224.0
2025-05-27 14:23:35.441,-0.6,nan,-0.0,0.9,00:00:00,0.0,1.3,-0.7,224.0
2025-05-27 14:23:36.439,-0.6,nan,0.0,1.0,00:00:00,0.0,1.3,-0.7,224.0
2025-05-27 14:23:37.439,-0.5,nan,0.0,1.0,00:00:00,0.0,1.2,-0.7,224.0
2025-05-27 14:23:38.439,-0.5,nan,0.0,1.0,00:00:00,0.0,1.2,-0.8,224.0
2025-05-27 14:23:39.441,-0.4,nan,0.0,1.0,00:00:00,0.0,1.1,-0.7,224.0
2025-05-27 14:23:40.439,-0.4,nan,0.0,0.9,00:00:00,0.0,1.0,-0.7,224.0
2025-05-27 14:23:41.441,-0.3,nan,0.0,0.9,00:00:00,0.0,0.9,-0.7,223.0
2025-05-27 14:23:42.440,-0.3,nan,0.0,0.7,00:00:00,0.0,0.8,-0.7,223.0
2025-05-27 14:23:43.440,-0.3,nan,0.0,0.2,00:00:00,0.0,0.5,-0.6,223.0
2025-05-27 14:23:44.438,-0.3,nan,0.0,0.3,00:00:00,0.0,0.3,-0.5,223.0
2025-05-27 14:23:45.439,-0.4,nan,0.0,0.7,00:00:00,0.0,0.2,-0.5,223.0
2025-05-27 14:23:46.442,-0.3,nan,0.0,0.9,00:00:00,0.0,0.3,-0.5,223.0
2025-05-27 14:23:47.440,-0.3,nan,0.0,0.9,00:00:00,0.0,0.5,-0.6,223.0
2025-05-27 14:23:48.439,-0.3,nan,0.0,0.8,00:00:00,0.0,0.8,-0.6,224.0
2025-05-27 14:23:49.442,-0.3,nan,0.0,0.6,00:00:00,0.0,1.2,-0.7,223.0
2025-05-27 14:23:50.440,-0.3,nan,0.0,0.4,00:00:00,0.0,1.5,-0.7,224.0
2025-05-27 14:23:51.440,-0.3,nan,0.0,0.2,00:00:00,0.0,1.7,-0.8,223.0
2025-05-27 14:23:52.439,-0.3,nan,0.0,0.1,00:00:00,0.0,1.7,-0.8,223.0
2025-05-27 14:23:53.441,-0.3,nan,0.0,0.1,00:00:00,0.0,1.8,-0.8,223.0
2025-05-27 14:23:54.440,-0.4,nan,-0.0,0.1,00:00:00,0.0,1.8,-0.8,223.0
2025-05-27 14:23:55.438,-0.5,nan,-0.0,0.0,00:00:00,0.0,1.8,-0.8,223.0
2025-05-27 14:23:56.440,-0.5,nan,-0.0,0.1,00:00:00,0.0,1.7,-0.8,223.0
2025-05-27 14:23:57.441,-0.6,nan,-0.0,0.1,00:00:00,0.0,1.7,-0.9,223.0
2025-05-27 14:23:58.440,-0.7,nan,-0.0,0.1,00:00:00,0.0,1.6,-0.9,223.0
2025-05-27 14:23:59.439,-0.7,nan,-0.0,0.1,00:00:00,0.0,1.7,-0.9,223.0
2025-05-27 14:24:00.439,-0.6,nan,-0.0,0.1,00:00:00,0.0,1.7,-0.9,223.0
2025-05-27 14:24:01.438,-0.6,nan,0.0,0.1,00:00:00,0.0,1.7,-0.8,223.0
2025-05-27 14:24:02.439,-0.6,nan,0.0,0.1,00:00:00,0.0,1.7,-0.8,223.0
2025-05-27 14:24:03.439,-0.6,nan,0.0,0.2,00:00:00,0.0,1.6,-0.8,223.0
2025-05-27 14:24:04.442,-0.7,nan,-0.0,0.1,00:00:00,0.0,1.5,-0.7,223.0
2025-05-27 14:24:05.441,-0.6,nan,0.0,0.1,00:00:00,0.0,1.5,-0.7,223.0
2025-05-27 14:24:06.440,-0.6,nan,0.0,0.1,00:00:00,0.0,1.3,-0.7,223.0
2025-05-27 14:24:07.442,-0.6,nan,0.0,0.1,00:00:00,0.0,1.2,-0.7,223.0
2025-05-27 14:24:08.439,-0.6,nan,0.0,0.0,00:00:00,0.0,1.1,-0.6,223.0
2025-05-27 14:24:09.441,-0.6,nan,0.0,0.0,00:00:00,0.0,1.1,-0.6,223.0
2025-05-27 14:24:10.441,-0.6,nan,0.0,0.0,00:00:00,0.0,1.1,-0.6,223.0
2025-05-27 14:24:11.440,-0.6,nan,0.0,0.0,00:00:00,0.0,1.1,-0.6,223.0
2025-05-27 14:24:12.440,-0.5,nan,0.0,0.1,00:00:00,0.0,1.0,-0.6,223.0
2025-05-27 14:24:13.439,-0.5,nan,0.0,0.1,00:00:00,0.0,1.1,-0.6,223.0
2025-05-27 14:24:14.439,-0.5,nan,0.0,0.2,00:00:00,0.0,1.0,-0.6,223.0
2025-05-27 14:24:15.440,-0.4,nan,-0.0,0.2,00:00:00,0.0,1.0,-0.6,223.0
2025-05-27 14:24:16.440,-0.5,nan,-0.0,0.1,00:00:00,0.0,1.1,-0.6,223.0
2025-05-27 14:24:17.439,-0.4,nan,0.0,0.1,00:00:00,0.0,1.2,-0.6,223.0
2025-05-27 14:24:18.440,-0.4,nan,0.0,0.0,00:00:00,0.0,1.2,-0.6,223.0
2025-05-27 14:24:19.440,-0.4,nan,-0.0,0.0,00:00:00,0.0,1.2,-0.6,223.0
2025-05-27 14:24:20.439,-0.5,nan,-0.0,0.0,00:00:00,0.0,1.2,-0.6,223.0
2025-05-27 14:24:21.440,-0.5,nan,-0.0,0.1,00:00:00,0.0,1.3,-0.7,223.0
2025-05-27 14:24:22.440,-0.5,nan,-0.0,0.1,00:00:00,0.0,1.4,-0.7,223.0
2025-05-27 14:24:23.441,-0.5,nan,0.0,0.1,00:00:00,0.0,1.3,-0.7,223.0
2025-05-27 14:24:24.438,-0.4,nan,0.0,0.1,00:00:00,0.0,1.3,-0.6,223.0
2025-05-27 14:24:25.438,-0.4,nan,0.0,0.1,00:00:00,0.0,1.2,-0.6,223.0
2025-05-27 14:24:26.439,-0.4,nan,0.0,0.0,00:00:00,0.0,1.2,-0.6,223.0
2025-05-27 14:24:27.441,-0.4,nan,0.0,0.0,00:00:00,0.0,1.1,-0.6,223.0
2025-05-27 14:24:28.442,-0.3,nan,0.0,0.1,00:00:00,0.0,1.0,-0.6,223.0
2025-05-27 14:24:29.440,-0.3,nan,0.0,0.1,00:00:00,0.0,1.1,-0.6,223.0
2025-05-27 14:24:30.440,-0.2,nan,0.0,0.1,00:00:00,0.0,1.1,-0.6,223.0
2025-05-27 14:24:31.440,-0.3,nan,-0.0,0.1,00:00:00,0.0,1.1,-0.7,223.0
2025-05-27 14:24:32.438,-0.3,nan,0.0,0.0,00:00:00,0.0,1.1,-0.7,223.0
2025-05-27 14:24:33.438,-0.3,nan,0.0,0.1,00:00:00,0.0,1.2,-0.7,223.0
2025-05-27 14:24:34.441,-0.3,nan,0.0,0.1,00:00:00,0.0,1.2,-0.8,223.0
2025-05-27 14:24:35.440,-0.3,nan,0.0,0.0,00:00:00,0.0,1.3,-0.7,223.0
2025-05-27 14:24:36.440,-0.3,nan,0.0,0.0,00:00:00,0.0,1.2,-0.7,223.0
2025-05-27 14:24:37.440,-0.4,nan,0.0,0.0,00:00:00,0.0,1.2,-0.7,223.0
2025-05-27 14:24:38.439,-0.4,nan,0.0,0.0,00:00:00,0.0,1.1,-0.7,223.0
2025-05-27 14:24:39.442,-0.4,nan,0.0,0.0,00:00:00,0.0,1.1,-0.7,223.0
2025-05-27 14:24:40.439,-0.3,nan,0.0,0.0,00:00:00,0.0,1.1,-0.8,223.0
2025-05-27 14:24:41.441,-0.3,nan,0.0,0.0,00:00:00,0.0,1.1,-0.8,223.0
2025-05-27 14:24:42.438,-0.3,nan,0.0,0.0,00:00:00,0.0,1.1,-0.8,223.0
2025-05-27 14:24:43.438,-0.3,nan,0.0,0.1,00:00:00,0.0,1.1,-0.8,223.0
2025-05-27 14:24:44.442,-0.3,nan,0.0,0.1,00:00:00,0.0,1.1,-0.7,223.0
2025-05-27 14:24:45.438,-0.3,nan,0.0,0.1,00:00:00,0.0,1.1,-0.7,223.0
2025-05-27 14:24:46.441,-0.3,nan,-0.0,0.1,00:00:00,0.0,1.2,-0.7,223.0
2025-05-27 14:24:47.441,-0.4,nan,-0.0,0.1,00:00:00,0.0,1.1,-0.7,223.0
2025-05-27 14:24:48.441,-0.4,nan,-0.0,0.0,00:00:00,0.0,1.1,-0.7,223.0
2025-05-27 14:24:49.441,-0.4,nan,-0.0,0.1,00:00:00,0.0,1.1,-0.7,223.0
2025-05-27 14:24:50.441,-0.4,nan,-0.0,0.1,00:00:00,0.0,1.0,-0.7,223.0
2025-05-27 14:24:51.440,-0.3,nan,0.0,0.1,00:00:00,0.0,1.1,-0.7,223.0
2025-05-27 14:24:52.439,-0.2,nan,0.0,0.1,00:00:00,0.0,1.1,-0.7,223.0
2025-05-27 14:24:53.439,-0.1,nan,0.0,0.1,00:00:00,0.0,1.0,-0.7,223.0
2025-05-27 14:24:54.444,-0.1,nan,0.0,0.0,00:00:00,0.0,0.9,-0.7,223.0
2025-05-27 14:24:55.441,-0.0,nan,0.1,0.0,00:00:00,0.0,0.9,-0.7,223.0
2025-05-27 14:24:56.439,0.0,nan,0.1,0.0,00:00:00,0.0,0.9,-0.7,223.0
2025-05-27 14:24:57.444,-0.0,nan,0.0,0.0,00:00:00,0.0,0.8,-0.7,223.0
2025-05-27 14:24:58.441,-0.0,nan,0.0,0.0,00:00:00,0.0,0.9,-0.7,223.0
2025-05-27 14:24:59.438,-0.1,nan,-0.0,0.0,00:00:00,0.0,1.0,-0.7,223.0
2025-05-27 14:25:00.442,-0.2,nan,-0.0,0.0,00:00:00,0.0,1.0,-0.7,223.0
2025-05-27 14:25:01.440,-0.2,nan,-0.0,0.0,00:00:00,0.0,1.0,-0.7,223.0
2025-05-27 14:25:02.441,-0.1,nan,0.0,0.0,00:00:00,0.0,1.0,-0.7,223.0
2025-05-27 14:25:03.442,-0.1,nan,0.0,0.0,00:00:00,0.0,0.9,-0.6,223.0
2025-05-27 14:25:04.439,-0.0,nan,0.0,0.0,00:00:00,0.0,0.9,-0.6,223.0
2025-05-27 14:25:05.438,0.0,nan,0.0,0.0,00:00:00,0.0,0.8,-0.6,223.0
2025-05-27 14:25:06.440,0.0,nan,0.0,0.1,00:00:00,0.0,0.8,-0.5,223.0
2025-05-27 14:25:07.442,0.0,nan,0.0,0.1,00:00:00,0.0,0.7,-0.5,223.0
2025-05-27 14:25:08.441,0.0,nan,0.0,0.1,00:00:00,0.0,0.8,-0.5,223.0
2025-05-27 14:25:09.441,-0.0,nan,-0.0,0.0,00:00:00,0.0,0.8,-0.5,223.0
2025-05-27 14:25:10.441,-0.1,nan,-0.0,0.0,00:00:00,0.0,0.8,-0.5,223.0
2025-05-27 14:25:11.440,-0.1,nan,-0.0,0.0,00:00:00,0.0,0.8,-0.5,223.0
2025-05-27 14:25:12.441,-0.1,nan,-0.0,0.0,00:00:00,0.0,0.9,-0.5,223.0
2025-05-27 14:25:13.442,-0.1,nan,-0.0,0.0,00:00:00,0.0,0.9,-0.5,223.0
2025-05-27 14:25:14.441,-0.1,nan,-0.0,0.0,00:00:00,0.0,0.9,-0.5,223.0
2025-05-27 14:25:15.442,-0.1,nan,-0.0,0.0,00:00:00,0.0,0.9,-0.5,223.0
2025-05-27 14:25:16.439,-0.1,nan,-0.0,0.0,00:00:00,0.0,0.8,-0.5,223.0
2025-05-27 14:25:17.441,-0.0,nan,-0.0,0.0,00:00:00,0.0,0.7,-0.5,223.0
2025-05-27 14:25:18.441,-0.1,nan,-0.0,0.0,00:00:00,0.0,0.7,-0.5,223.0
2025-05-27 14:25:19.441,-0.2,nan,-0.0,0.1,00:00:00,0.0,0.7,-0.5,223.0
2025-05-27 14:25:20.440,-0.3,nan,-0.0,0.1,00:00:00,0.0,0.7,-0.5,223.0
2025-05-27 14:25:21.438,-0.3,nan,-0.0,0.0,00:00:00,0.0,0.8,-0.5,223.0
2025-05-27 14:25:22.439,-0.3,nan,-0.0,0.0,00:00:00,0.0,0.7,-0.5,223.0
2025-05-27 14:25:23.440,-0.4,nan,-0.0,0.0,00:00:00,0.0,0.7,-0.5,223.0
2025-05-27 14:25:24.438,-0.4,nan,-0.0,0.0,00:00:00,0.0,0.7,-0.5,223.0
2025-05-27 14:25:25.442,-0.4,nan,-0.0,0.0,00:00:00,0.0,0.8,-0.5,223.0
2025-05-27 14:25:26.443,-0.4,nan,-0.0,0.0,00:00:00,0.0,0.8,-0.5,223.0
2025-05-27 14:25:27.438,-0.4,nan,-0.0,0.1,00:00:00,0.0,0.8,-0.4,223.0
2025-05-27 14:25:28.438,-0.4,nan,-0.0,0.0,00:00:00,0.0,0.8,-0.4,223.0
2025-05-27 14:25:29.439,-0.4,nan,-0.0,0.1,00:00:00,0.0,0.9,-0.5,223.0
2025-05-27 14:25:30.438,-0.4,nan,-0.0,0.1,00:00:00,0.0,1.0,-0.5,223.0
2025-05-27 14:25:31.438,-0.4,nan,-0.0,0.1,00:00:00,0.0,1.0,-0.5,223.0
2025-05-27 14:25:32.439,-0.5,nan,-0.0,0.0,00:00:00,0.0,1.0,-0.5,223.0
2025-05-27 14:25:33.441,-0.5,nan,-0.0,0.1,00:00:00,0.0,1.0,-0.6,223.0
2025-05-27 14:25:34.440,-0.5,nan,-0.0,0.1,00:00:00,0.0,1.0,-0.6,223.0
2025-05-27 14:25:35.439,-0.5,nan,-0.0,0.1,00:00:00,0.0,0.9,-0.6,223.0
2025-05-27 14:25:36.438,-0.4,nan,0.0,0.0,00:00:00,0.0,0.9,-0.6,223.0
2025-05-27 14:25:37.438,-0.3,nan,0.0,0.0,00:00:00,0.0,0.9,-0.6,223.0
2025-05-27 14:25:38.441,-0.3,nan,0.0,0.0,00:00:00,0.0,0.9,-0.6,223.0
2025-05-27 14:25:39.441,-0.3,nan,0.0,0.0,00:00:00,0.0,0.8,-0.6,223.0
2025-05-27 14:25:40.438,-0.2,nan,0.0,0.0,00:00:00,0.0,0.8,-0.5,223.0
2025-05-27 14:25:41.440,-0.3,nan,0.0,0.0,00:00:00,0.0,0.7,-0.5,223.0
2025-05-27 14:25:42.441,-0.3,nan,0.0,0.0,00:00:00,0.0,0.7,-0.5,223.0
2025-05-27 14:25:43.441,-0.2,nan,0.0,0.1,00:00:00,0.0,0.7,-0.5,223.0
2025-05-27 14:25:44.438,-0.3,nan,-0.0,0.1,00:00:00,0.0,0.7,-0.5,223.0
2025-05-27 14:25:45.438,-0.4,nan,-0.0,0.0,00:00:00,0.0,0.8,-0.5,223.0
2025-05-27 14:25:46.439,-0.4,nan,-0.0,0.0,00:00:00,0.0,0.9,-0.5,223.0
2025-05-27 14:25:47.438,-0.4,nan,-0.0,0.0,00:00:00,0.0,0.9,-0.5,223.0
2025-05-27 14:25:48.440,-0.4,nan,-0.0,0.0,00:00:00,0.0,0.9,-0.5,223.0
2025-05-27 14:25:49.441,-0.3,nan,0.0,0.0,00:00:00,0.0,1.0,-0.5,223.0
2025-05-27 14:25:50.441,-0.3,nan,0.0,0.0,00:00:00,0.0,1.0,-0.5,223.0
2025-05-27 14:25:51.441,-0.3,nan,0.0,0.0,00:00:00,0.0,0.9,-0.5,223.0
2025-05-27 14:25:52.438,-0.3,nan,0.0,0.0,00:00:00,0.0,0.9,-0.5,223.0
2025-05-27 14:25:53.440,-0.3,nan,0.0,0.0,00:00:00,0.0,0.8,-0.5,223.0
2025-05-27 14:25:54.442,-0.3,nan,0.0,0.0,00:00:00,0.0,0.8,-0.5,223.0
2025-05-27 14:25:55.440,-0.3,nan,-0.0,0.0,00:00:00,0.0,0.9,-0.5,223.0
2025-05-27 14:25:56.441,-0.3,nan,0.0,0.0,00:00:00,0.0,0.9,-0.6,223.0
2025-05-27 14:25:57.439,-0.3,nan,0.0,0.0,00:00:00,0.0,0.9,-0.6,223.0
2025-05-27 14:25:58.441,-0.2,nan,0.0,0.0,00:00:00,0.0,0.9,-0.6,223.0
2025-05-27 14:25:59.439,-0.2,nan,0.0,0.0,00:00:00,0.0,0.8,-0.6,223.0
2025-05-27 14:26:00.438,-0.2,nan,0.0,0.0,00:00:00,0.0,0.9,-0.6,223.0
2025-05-27 14:26:01.441,-0.2,nan,0.0,0.0,00:00:00,0.0,0.8,-0.6,223.0
2025-05-27 14:26:02.441,-0.2,nan,0.0,0.0,00:00:00,0.0,0.9,-0.6,223.0
2025-05-27 14:26:03.439,-0.2,nan,0.0,0.0,00:00:00,0.0,0.8,-0.6,223.0
2025-05-27 14:26:04.441,-0.2,nan,0.0,0.0,00:00:00,0.0,0.8,-0.6,223.0
2025-05-27 14:26:05.438,-0.2,nan,0.0,0.0,00:00:00,0.0,0.8,-0.5,223.0
2025-05-27 14:26:06.438,-0.2,nan,-0.0,0.1,00:00:00,0.0,0.8,-0.5,223.0
2025-05-27 14:26:07.442,-0.2,nan,-0.0,0.1,00:00:00,0.0,0.9,-0.5,223.0
2025-05-27 14:26:08.438,-0.2,nan,-0.0,0.1,00:00:00,0.0,0.9,-0.5,223.0
2025-05-27 14:26:09.440,-0.2,nan,-0.0,0.1,00:00:00,0.0,1.0,-0.5,223.0
2025-05-27 14:26:10.439,-0.3,nan,-0.0,0.0,00:00:00,0.0,1.0,-0.5,223.0
2025-05-27 14:26:11.443,-0.3,nan,-0.0,0.0,00:00:00,0.0,0.9,-0.5,223.0
2025-05-27 14:26:12.442,-0.3,nan,-0.0,0.0,00:00:00,0.0,0.9,-0.5,223.0
2025-05-27 14:26:13.442,-0.3,nan,-0.0,0.0,00:00:00,0.0,0.9,-0.5,223.0
2025-05-27 14:26:14.440,-0.2,nan,0.0,0.0,00:00:00,0.0,0.9,-0.5,223.0
2025-05-27 14:26:15.441,-0.2,nan,0.0,0.0,00:00:00,0.0,0.9,-0.5,223.0
2025-05-27 14:26:16.438,-0.1,nan,-0.0,0.0,00:00:00,0.0,0.8,-0.5,223.0
2025-05-27 14:26:17.442,-0.1,nan,0.0,0.0,00:00:00,0.0,0.8,-0.5,223.0
2025-05-27 14:26:18.440,-0.1,nan,0.0,0.0,00:00:00,0.0,0.8,-0.6,223.0
2025-05-27 14:26:19.440,-0.1,nan,0.0,0.0,00:00:00,0.0,0.8,-0.6,223.0
2025-05-27 14:26:20.440,-0.1,nan,0.0,0.0,00:00:00,0.0,0.9,-0.6,223.0
2025-05-27 14:26:21.439,-0.1,nan,0.0,0.0,00:00:00,0.0,0.9,-0.6,223.0
2025-05-27 14:26:22.438,-0.1,nan,0.0,0.0,00:00:00,0.0,0.9,-0.6,223.0
2025-05-27 14:26:23.439,-0.0,nan,0.0,0.0,00:00:00,0.0,0.9,-0.5,223.0
2025-05-27 14:26:24.441,-0.0,nan,0.0,0.0,00:00:00,0.0,0.8,-0.5,222.0
2025-05-27 14:26:25.439,-0.1,nan,0.0,0.0,00:00:00,0.0,1.0,-0.5,222.0
2025-05-27 14:26:26.438,-0.0,nan,0.0,0.0,00:00:00,0.0,1.0,-0.6,223.0
2025-05-27 14:26:27.439,-0.0,nan,0.0,0.1,00:00:00,0.0,1.0,-0.5,222.0
2025-05-27 14:26:28.441,-0.0,nan,0.0,0.1,00:00:00,0.0,1.1,-0.6,222.0
2025-05-27 14:26:29.439,-0.0,nan,0.0,0.1,00:00:00,0.0,1.0,-0.6,222.0
2025-05-27 14:26:30.439,-0.0,nan,0.0,0.1,00:00:00,0.0,1.1,-0.6,222.0
2025-05-27 14:26:31.441,-0.0,nan,0.0,0.1,00:00:00,0.0,1.0,-0.6,222.0
2025-05-27 14:26:32.442,-0.0,nan,0.0,0.1,00:00:00,0.0,0.9,-0.6,222.0
2025-05-27 14:26:33.441,-0.0,nan,-0.0,0.1,00:00:00,0.0,0.9,-0.6,222.0
2025-05-27 14:26:34.439,-0.1,nan,-0.0,0.0,00:00:00,0.0,0.9,-0.6,222.0
2025-05-27 14:26:35.442,-0.1,nan,0.0,0.0,00:00:00,0.0,0.8,-0.6,222.0
2025-05-27 14:26:36.440,-0.0,nan,0.0,0.1,00:00:00,0.0,0.8,-0.6,222.0
2025-05-27 14:26:37.440,-0.0,nan,0.0,0.0,00:00:00,0.0,0.9,-0.6,222.0
2025-05-27 14:26:38.441,-0.1,nan,-0.0,0.0,00:00:00,0.0,0.8,-0.6,222.0
2025-05-27 14:26:39.440,-0.1,nan,-0.0,0.0,00:00:00,0.0,0.9,-0.6,222.0
2025-05-27 14:26:40.441,-0.2,nan,-0.0,0.0,00:00:00,0.0,0.8,-0.7,222.0
2025-05-27 14:26:41.440,-0.2,nan,-0.0,0.0,00:00:00,0.0,0.8,-0.7,222.0
2025-05-27 14:26:42.441,-0.1,nan,-0.0,0.0,00:00:00,0.0,0.9,-0.7,222.0
2025-05-27 14:26:43.439,-0.0,nan,0.0,0.1,00:00:00,0.0,0.9,-0.7,222.0
2025-05-27 14:26:44.440,0.0,nan,0.0,0.1,00:00:00,0.0,0.9,-0.7,222.0
2025-05-27 14:26:45.439,0.0,nan,0.0,0.0,00:00:00,0.0,0.9,-0.7,222.0
2025-05-27 14:26:46.440,-0.0,nan,-0.0,0.0,00:00:00,0.0,0.9,-0.7,222.0
2025-05-27 14:26:47.441,-0.1,nan,-0.0,0.0,00:00:00,0.0,0.9,-0.7,222.0
2025-05-27 14:26:48.440,-0.1,nan,-0.0,0.0,00:00:00,0.0,0.9,-0.7,222.0
2025-05-27 14:26:49.438,-0.2,nan,-0.0,0.0,00:00:00,0.0,0.9,-0.7,222.0
2025-05-27 14:26:50.438,-0.2,nan,-0.0,0.0,00:00:00,0.0,0.8,-0.6,222.0
2025-05-27 14:26:51.439,-0.2,nan,-0.0,0.0,00:00:00,0.0,0.8,-0.6,222.0
2025-05-27 14:26:52.439,-0.2,nan,-0.0,0.0,00:00:00,0.0,0.8,-0.6,222.0
2025-05-27 14:26:53.439,-0.1,nan,0.0,0.0,00:00:00,0.0,0.9,-0.6,222.0
2025-05-27 14:26:54.439,-0.0,nan,0.0,0.0,00:00:00,0.0,0.9,-0.6,222.0
2025-05-27 14:26:55.439,0.0,nan,0.0,0.1,00:00:00,0.0,0.9,-0.6,222.0
2025-05-27 14:26:56.441,-0.1,nan,-0.0,0.0,00:00:00,0.0,0.8,-0.5,222.0
2025-05-27 14:26:57.438,-0.2,nan,-0.0,0.0,00:00:00,0.0,0.8,-0.5,222.0
2025-05-27 14:26:58.439,-0.1,nan,-0.0,0.1,00:00:00,0.0,0.9,-0.5,222.0
2025-05-27 14:26:59.438,-0.1,nan,-0.0,0.1,00:00:00,0.0,0.8,-0.5,222.0
2025-05-27 14:27:00.439,-0.1,nan,-0.0,0.1,00:00:00,0.0,0.9,-0.5,223.0
2025-05-27 14:27:01.439,-0.1,nan,-0.0,0.1,00:00:00,0.0,0.8,-0.5,222.0
2025-05-27 14:27:02.438,-0.1,nan,-0.0,0.0,00:00:00,0.0,0.9,-0.5,222.0
2025-05-27 14:27:03.440,0.0,nan,0.0,0.1,00:00:00,0.0,0.9,-0.5,223.0
2025-05-27 14:27:04.440,0.0,nan,0.0,0.1,00:00:00,0.0,0.9,-0.5,223.0
2025-05-27 14:27:05.438,0.0,nan,0.0,0.1,00:00:00,0.0,1.0,-0.5,223.0
2025-05-27 14:27:06.441,-0.1,nan,-0.0,0.1,00:00:00,0.0,0.9,-0.4,223.0
2025-05-27 14:27:07.440,-0.1,nan,-0.0,0.2,00:00:00,0.0,0.7,-0.4,223.0
2025-05-27 14:27:08.442,-0.2,nan,-0.0,0.5,00:00:00,0.0,0.5,-0.4,223.0
2025-05-27 14:27:09.440,-0.2,nan,-0.0,0.6,00:00:00,0.0,0.5,-0.4,223.0
2025-05-27 14:27:10.440,-0.2,nan,-0.0,0.7,00:00:00,0.0,0.6,-0.5,223.0
2025-05-27 14:27:11.441,-0.1,nan,-0.0,0.7,00:00:00,0.0,0.7,-0.5,223.0
2025-05-27 14:27:12.438,-0.1,nan,-0.0,0.7,00:00:00,0.0,0.7,-0.5,223.0
2025-05-27 14:27:13.441,-0.1,nan,-0.0,0.6,00:00:00,0.0,0.8,-0.5,223.0
2025-05-27 14:27:14.441,-0.1,nan,-0.0,0.6,00:00:00,0.0,0.8,-0.5,223.0
2025-05-27 14:27:15.441,-0.1,nan,-0.0,0.5,00:00:00,0.0,0.9,-0.6,223.0
2025-05-27 14:27:16.441,-0.0,nan,-0.0,0.3,00:00:00,0.0,1.0,-0.6,222.0
2025-05-27 14:27:17.441,-0.1,nan,-0.0,0.2,00:00:00,0.0,1.1,-0.6,222.0
2025-05-27 14:27:18.438,-0.1,nan,-0.0,0.1,00:00:00,0.0,1.2,-0.7,222.0
2025-05-27 14:27:19.440,-0.1,nan,-0.0,0.0,00:00:00,0.0,1.2,-0.7,222.0
2025-05-27 14:27:20.441,-0.1,nan,-0.0,0.1,00:00:00,0.0,1.3,-0.7,222.0
2025-05-27 14:27:21.441,-0.2,nan,-0.0,0.1,00:00:00,0.0,1.2,-0.7,222.0
2025-05-27 14:27:22.440,-0.1,nan,-0.0,0.0,00:00:00,0.0,1.1,-0.7,222.0
2025-05-27 14:27:23.440,-0.1,nan,-0.0,0.0,00:00:00,0.0,1.0,-0.6,222.0
2025-05-27 14:27:24.440,-0.1,nan,-0.0,0.0,00:00:00,0.0,0.9,-0.6,222.0
2025-05-27 14:27:25.439,-0.1,nan,-0.0,0.1,00:00:00,0.0,0.9,-0.6,222.0
2025-05-27 14:27:26.441,-0.1,nan,-0.0,0.1,00:00:00,0.0,0.8,-0.6,222.0
2025-05-27 14:27:27.439,-0.1,nan,-0.0,0.1,00:00:00,0.0,0.8,-0.6,222.0
2025-05-27 14:27:28.441,-0.0,nan,0.0,0.1,00:00:00,0.0,0.9,-0.6,222.0
2025-05-27 14:27:29.440,0.0,nan,0.0,0.1,00:00:00,0.0,1.0,-0.6,222.0
2025-05-27 14:27:30.439,0.0,nan,0.0,0.1,00:00:00,0.0,1.0,-0.6,222.0
2025-05-27 14:27:31.440,0.0,nan,0.0,0.1,00:00:00,0.0,1.0,-0.6,222.0
2025-05-27 14:27:32.442,0.1,nan,0.0,0.1,00:00:00,0.0,1.0,-0.6,222.0
2025-05-27 14:27:33.440,0.1,nan,0.0,0.1,00:00:00,0.0,1.1,-0.5,222.0
2025-05-27 14:27:34.438,0.2,nan,0.0,0.1,00:00:00,0.0,1.1,-0.5,222.0
2025-05-27 14:27:35.439,0.2,nan,0.0,0.1,00:00:00,0.0,1.1,-0.5,222.0
2025-05-27 14:27:36.438,0.1,nan,-0.0,0.1,00:00:00,0.0,1.2,-0.5,222.0
2025-05-27 14:27:37.438,0.2,nan,0.0,0.1,00:00:00,0.0,1.2,-0.5,222.0
2025-05-27 14:27:38.441,0.2,nan,0.0,0.0,00:00:00,0.0,1.2,-0.5,222.0
2025-05-27 14:27:39.440,0.1,nan,-0.0,0.0,00:00:00,0.0,1.2,-0.6,222.0
2025-05-27 14:27:40.442,0.1,nan,-0.0,0.0,00:00:00,0.0,1.1,-0.6,222.0
2025-05-27 14:27:41.442,0.1,nan,-0.0,0.1,00:00:00,0.0,1.1,-0.6,222.0
2025-05-27 14:27:42.441,0.2,nan,-0.0,0.1,00:00:00,0.0,1.1,-0.6,222.0
2025-05-27 14:27:43.440,0.2,nan,-0.0,0.1,00:00:00,0.0,1.1,-0.5,222.0
2025-05-27 14:27:44.439,0.1,nan,-0.0,0.1,00:00:00,0.0,1.1,-0.5,222.0
2025-05-27 14:27:45.441,0.1,nan,-0.0,0.2,00:00:00,0.0,1.1,-0.5,222.0
2025-05-27 14:27:46.438,0.1,nan,-0.1,0.2,00:00:00,0.0,1.0,-0.5,222.0
2025-05-27 14:27:47.440,0.1,nan,-0.0,0.2,00:00:00,0.0,0.9,-0.6,222.0
2025-05-27 14:27:48.438,0.0,nan,-0.0,0.1,00:00:00,0.0,0.9,-0.6,222.0
2025-05-27 14:27:49.439,0.0,nan,-0.0,0.1,00:00:00,0.0,0.8,-0.6,222.0
2025-05-27 14:27:50.438,-0.0,nan,-0.0,0.1,00:00:00,0.0,0.8,-0.6,222.0
2025-05-27 14:27:51.441,-0.0,nan,-0.0,0.1,00:00:00,0.0,0.8,-0.6,222.0
2025-05-27 14:27:52.438,-0.1,nan,-0.0,0.0,00:00:00,0.0,0.8,-0.6,222.0
2025-05-27 14:27:53.438,-0.1,nan,-0.0,0.0,00:00:00,0.0,0.8,-0.6,222.0
2025-05-27 14:27:54.441,-0.1,nan,-0.0,0.0,00:00:00,0.0,0.8,-0.6,222.0
2025-05-27 14:27:55.440,-0.1,nan,-0.0,0.0,00:00:00,0.0,0.8,-0.6,222.0
2025-05-27 14:27:56.439,-0.0,nan,0.0,0.0,00:00:00,0.0,0.8,-0.5,222.0
2025-05-27 14:27:57.440,0.1,nan,0.0,0.1,00:00:00,0.0,0.8,-0.5,222.0
2025-05-27 14:27:58.441,0.1,nan,0.0,0.1,00:00:00,0.0,0.9,-0.5,222.0
2025-05-27 14:27:59.442,0.1,nan,-0.0,0.1,00:00:00,0.0,0.9,-0.6,222.0
2025-05-27 14:28:00.439,0.1,nan,-0.0,0.0,00:00:00,0.0,1.0,-0.5,223.0
2025-05-27 14:28:01.440,0.1,nan,-0.0,0.0,00:00:00,0.0,1.0,-0.5,223.0
2025-05-27 14:28:02.441,0.1,nan,-0.0,0.0,00:00:00,0.0,1.0,-0.5,222.0
2025-05-27 14:28:03.441,0.2,nan,-0.0,0.0,00:00:00,0.0,1.0,-0.5,223.0
2025-05-27 14:28:04.439,0.2,nan,-0.0,0.0,00:00:00,0.0,1.0,-0.5,223.0
2025-05-27 14:28:05.441,0.2,nan,-0.0,0.0,00:00:00,0.0,1.0,-0.5,223.0
2025-05-27 14:28:06.442,0.2,nan,-0.0,0.0,00:00:00,0.0,1.1,-0.5,223.0
2025-05-27 14:28:07.440,0.2,nan,-0.0,0.0,00:00:00,0.0,1.1,-0.5,223.0
2025-05-27 14:28:08.441,0.2,nan,-0.0,0.0,00:00:00,0.0,1.0,-0.6,223.0
2025-05-27 14:28:09.438,0.2,nan,-0.0,0.0,00:00:00,0.0,1.1,-0.6,223.0
2025-05-27 14:28:10.439,0.2,nan,-0.0,0.0,00:00:00,0.0,1.0,-0.6,223.0
2025-05-27 14:28:11.440,0.1,nan,-0.0,0.0,00:00:00,0.0,1.0,-0.6,223.0
2025-05-27 14:28:12.440,0.1,nan,-0.0,0.0,00:00:00,0.0,0.9,-0.6,223.0
2025-05-27 14:28:13.440,0.1,nan,-0.0,0.1,00:00:00,0.0,0.9,-0.6,223.0
2025-05-27 14:28:14.438,0.2,nan,0.0,0.1,00:00:00,0.0,0.9,-0.5,223.0
2025-05-27 14:28:15.439,0.2,nan,0.0,0.1,00:00:00,0.0,0.9,-0.5,223.0
2025-05-27 14:28:16.440,0.2,nan,-0.0,0.1,00:00:00,0.0,0.9,-0.5,222.0
2025-05-27 14:28:17.440,0.2,nan,-0.0,0.1,00:00:00,0.0,0.9,-0.4,223.0
2025-05-27 14:28:18.439,0.2,nan,-0.0,0.1,00:00:00,0.0,0.9,-0.5,223.0
2025-05-27 14:28:19.439,0.2,nan,0.0,0.0,00:00:00,0.0,0.9,-0.5,223.0
2025-05-27 14:28:20.438,0.1,nan,-0.0,0.0,00:00:00,0.0,1.0,-0.5,223.0
2025-05-27 14:28:21.439,0.1,nan,0.0,0.0,00:00:00,0.0,1.0,-0.6,223.0
2025-05-27 14:28:22.441,0.1,nan,0.0,0.0,00:00:00,0.0,1.1,-0.5,223.0
2025-05-27 14:28:23.441,0.2,nan,0.0,0.0,00:00:00,0.0,1.1,-0.5,223.0
2025-05-27 14:28:24.440,0.1,nan,0.0,0.0,00:00:00,0.0,1.1,-0.6,223.0
2025-05-27 14:28:25.441,0.2,nan,0.0,0.0,00:00:00,0.0,1.0,-0.6,223.0
2025-05-27 14:28:26.442,0.2,nan,0.0,0.0,00:00:00,0.0,1.0,-0.6,223.0
2025-05-27 14:28:27.438,0.2,nan,0.0,0.0,00:00:00,0.0,1.0,-0.6,223.0
2025-05-27 14:28:28.439,0.2,nan,0.0,0.0,00:00:00,0.0,1.1,-0.6,223.0
2025-05-27 14:28:29.438,0.2,nan,0.0,0.0,00:00:00,0.0,1.0,-0.6,223.0
2025-05-27 14:28:30.442,0.2,nan,0.0,0.1,00:00:00,0.0,1.0,-0.6,223.0
2025-05-27 14:28:31.440,0.3,nan,0.0,0.1,00:00:00,0.0,1.1,-0.6,223.0
2025-05-27 14:28:32.440,0.2,nan,-0.0,0.1,00:00:00,0.0,1.1,-0.6,223.0
2025-05-27 14:28:33.439,0.2,nan,-0.0,0.1,00:00:00,0.0,1.0,-0.6,223.0
2025-05-27 14:28:34.441,0.2,nan,-0.0,0.0,00:00:00,0.0,1.0,-0.6,223.0
2025-05-27 14:28:35.440,0.2,nan,0.0,0.1,00:00:00,0.0,1.1,-0.6,223.0
2025-05-27 14:28:36.441,0.2,nan,0.0,0.1,00:00:00,0.0,1.1,-0.6,223.0
2025-05-27 14:28:37.440,0.2,nan,-0.0,0.1,00:00:00,0.0,1.1,-0.5,223.0
2025-05-27 14:28:38.442,0.2,nan,0.0,0.0,00:00:00,0.0,1.1,-0.5,223.0
2025-05-27 14:28:39.440,0.3,nan,0.0,0.1,00:00:00,0.0,1.2,-0.5,223.0
2025-05-27 14:28:40.438,0.3,nan,0.0,0.1,00:00:00,0.0,1.1,-0.6,223.0
2025-05-27 14:28:41.440,0.3,nan,0.0,0.1,00:00:00,0.0,1.0,-0.6,223.0
2025-05-27 14:28:42.441,0.3,nan,0.0,0.1,00:00:00,0.0,0.9,-0.6,223.0
2025-05-27 14:28:43.439,0.2,nan,-0.0,0.0,00:00:00,0.0,1.0,-0.6,223.0
2025-05-27 14:28:44.440,0.2,nan,-0.0,0.0,00:00:00,0.0,0.9,-0.6,223.0
2025-05-27 14:28:45.442,0.3,nan,0.0,0.0,00:00:00,0.0,1.0,-0.6,223.0
2025-05-27 14:28:46.438,0.3,nan,-0.0,0.0,00:00:00,0.0,1.0,-0.6,223.0
2025-05-27 14:28:47.441,0.2,nan,-0.0,0.0,00:00:00,0.0,0.9,-0.6,223.0
2025-05-27 14:28:48.439,0.1,nan,-0.0,0.0,00:00:00,0.0,0.9,-0.6,223.0
2025-05-27 14:28:49.439,0.1,nan,-0.0,0.0,00:00:00,0.0,0.8,-0.6,223.0
2025-05-27 14:28:50.438,0.2,nan,-0.0,0.0,00:00:00,0.0,0.9,-0.6,223.0
2025-05-27 14:28:51.440,0.1,nan,-0.0,0.0,00:00:00,0.0,0.9,-0.7,223.0
2025-05-27 14:28:52.440,0.1,nan,-0.0,0.1,00:00:00,0.0,0.8,-0.7,223.0
2025-05-27 14:28:53.439,0.1,nan,-0.0,0.1,00:00:00,0.0,0.8,-0.7,223.0
2025-05-27 14:28:54.440,0.1,nan,-0.0,0.0,00:00:00,0.0,0.9,-0.7,223.0
2025-05-27 14:28:55.441,0.1,nan,-0.0,0.1,00:00:00,0.0,0.9,-0.7,223.0
2025-05-27 14:28:56.439,0.2,nan,0.0,0.1,00:00:00,0.0,0.9,-0.7,223.0
2025-05-27 14:28:57.438,0.3,nan,0.0,0.1,00:00:00,0.0,0.8,-0.6,223.0
2025-05-27 14:28:58.440,0.3,nan,0.0,0.0,00:00:00,0.0,0.8,-0.6,223.0
2025-05-27 14:28:59.439,0.2,nan,0.0,0.0,00:00:00,0.0,0.8,-0.5,223.0
2025-05-27 14:29:00.440,0.2,nan,0.0,0.0,00:00:00,0.0,0.9,-0.5,223.0
2025-05-27 14:29:01.440,0.2,nan,0.0,0.1,00:00:00,0.0,0.9,-0.6,223.0
2025-05-27 14:29:02.440,0.2,nan,0.0,0.1,00:00:00,0.0,0.9,-0.5,223.0
2025-05-27 14:29:03.438,0.2,nan,0.0,0.1,00:00:00,0.0,0.9,-0.6,223.0
2025-05-27 14:29:04.438,0.2,nan,-0.0,0.1,00:00:00,0.0,0.9,-0.6,223.0
2025-05-27 14:29:05.438,0.2,nan,-0.0,0.1,00:00:00,0.0,0.9,-0.5,223.0
2025-05-27 14:29:06.440,0.2,nan,-0.0,0.1,00:00:00,0.0,0.8,-0.5,223.0
2025-05-27 14:29:07.440,0.2,nan,-0.0,0.0,00:00:00,0.0,0.8,-0.5,223.0
2025-05-27 14:29:08.439,0.2,nan,-0.0,0.1,00:00:00,0.0,0.7,-0.5,223.0
2025-05-27 14:29:09.438,0.3,nan,0.0,0.1,00:00:00,0.0,0.7,-0.6,223.0
2025-05-27 14:29:10.438,0.3,nan,0.0,0.1,00:00:00,0.0,0.8,-0.6,223.0
2025-05-27 14:29:11.440,0.3,nan,-0.0,0.1,00:00:00,0.0,0.8,-0.6,223.0
2025-05-27 14:29:12.438,0.3,nan,-0.0,0.1,00:00:00,0.0,0.9,-0.6,223.0
2025-05-27 14:29:13.439,0.3,nan,-0.0,0.1,00:00:00,0.0,1.0,-0.6,223.0
2025-05-27 14:29:14.439,0.3,nan,0.0,0.1,00:00:00,0.0,1.1,-0.6,223.0
2025-05-27 14:29:15.441,0.3,nan,0.0,0.1,00:00:00,0.0,1.2,-0.5,223.0
2025-05-27 14:29:16.441,0.3,nan,-0.0,0.0,00:00:00,0.0,1.2,-0.5,223.0
2025-05-27 14:29:17.441,0.3,nan,0.0,0.0,00:00:00,0.0,1.2,-0.5,223.0
2025-05-27 14:29:18.441,0.4,nan,0.0,0.0,00:00:00,0.0,1.2,-0.5,223.0
2025-05-27 14:29:19.441,0.4,nan,0.1,0.0,00:00:00,0.0,1.2,-0.5,223.0
2025-05-27 14:29:20.440,0.4,nan,0.0,0.0,00:00:00,0.0,1.2,-0.5,223.0
2025-05-27 14:29:21.438,0.4,nan,0.0,0.0,00:00:00,0.0,1.2,-0.6,223.0
2025-05-27 14:29:22.440,0.4,nan,0.0,0.0,00:00:00,0.0,1.2,-0.6,223.0
2025-05-27 14:29:23.440,0.4,nan,0.0,0.0,00:00:00,0.0,1.2,-0.6,223.0
2025-05-27 14:29:24.440,0.4,nan,0.0,0.1,00:00:00,0.0,1.1,-0.6,223.0
2025-05-27 14:29:25.442,0.4,nan,0.0,0.0,00:00:00,0.0,1.1,-0.6,223.0
2025-05-27 14:29:26.439,0.4,nan,0.0,0.0,00:00:00,0.0,1.1,-0.6,223.0
2025-05-27 14:29:27.442,0.4,nan,0.0,0.0,00:00:00,0.0,1.0,-0.6,223.0
2025-05-27 14:29:28.439,0.5,nan,0.0,0.1,00:00:00,0.0,1.0,-0.6,223.0
2025-05-27 14:29:29.440,0.5,nan,-0.0,0.1,00:00:00,0.0,1.0,-0.5,223.0
2025-05-27 14:29:30.439,0.4,nan,0.0,0.0,00:00:00,0.0,1.0,-0.5,223.0
2025-05-27 14:29:31.441,0.5,nan,0.0,0.0,00:00:00,0.0,0.9,-0.5,223.0
2025-05-27 14:29:32.439,0.5,nan,0.0,0.0,00:00:00,0.0,0.9,-0.4,223.0
2025-05-27 14:29:33.439,0.5,nan,0.0,0.0,00:00:00,0.0,0.8,-0.4,223.0
2025-05-27 14:29:34.439,0.5,nan,0.0,0.1,00:00:00,0.0,0.8,-0.4,223.0
2025-05-27 14:29:35.438,0.4,nan,0.0,0.1,00:00:00,0.0,0.8,-0.5,223.0
2025-05-27 14:29:36.438,0.4,nan,0.0,0.1,00:00:00,0.0,0.8,-0.4,223.0
2025-05-27 14:29:37.440,0.4,nan,0.0,0.1,00:00:00,0.0,0.9,-0.5,223.0
2025-05-27 14:29:38.438,0.4,nan,0.0,0.1,00:00:00,0.0,0.9,-0.5,223.0
2025-05-27 14:29:39.438,0.3,nan,0.0,0.1,00:00:00,0.0,0.9,-0.5,223.0
2025-05-27 14:29:40.440,0.3,nan,0.0,0.1,00:00:00,0.0,0.9,-0.5,223.0
2025-05-27 14:29:41.438,0.2,nan,-0.0,0.0,00:00:00,0.0,1.0,-0.5,223.0
2025-05-27 14:29:42.441,0.1,nan,-0.0,0.0,00:00:00,0.0,1.0,-0.5,223.0
2025-05-27 14:29:43.441,0.1,nan,-0.0,0.0,00:00:00,0.0,1.0,-0.5,223.0
2025-05-27 14:29:44.439,0.2,nan,0.0,0.0,00:00:00,0.0,1.0,-0.5,223.0
2025-05-27 14:29:45.441,0.3,nan,0.0,0.0,00:00:00,0.0,1.0,-0.5,223.0
2025-05-27 14:29:46.438,0.2,nan,0.0,0.0,00:00:00,0.0,1.0,-0.6,223.0
2025-05-27 14:29:47.441,0.2,nan,0.0,0.1,00:00:00,0.0,0.9,-0.6,223.0
2025-05-27 14:29:48.440,0.2,nan,0.0,0.1,00:00:00,0.0,0.9,-0.6,223.0
2025-05-27 14:29:49.441,0.2,nan,0.0,0.1,00:00:00,0.0,0.9,-0.6,223.0
2025-05-27 14:29:50.439,0.2,nan,0.0,0.0,00:00:00,0.0,1.0,-0.6,223.0
2025-05-27 14:29:51.438,0.2,nan,0.0,0.0,00:00:00,0.0,1.0,-0.5,223.0
2025-05-27 14:29:52.440,0.1,nan,0.0,0.0,00:00:00,0.0,0.9,-0.5,223.0
2025-05-27 14:29:53.439,0.1,nan,0.0,0.1,00:00:00,0.0,0.9,-0.5,223.0
2025-05-27 14:29:54.439,0.1,nan,0.0,0.1,00:00:00,0.0,0.8,-0.5,223.0
2025-05-27 14:29:55.441,0.1,nan,0.0,0.1,00:00:00,0.0,0.9,-0.6,223.0
2025-05-27 14:29:56.438,0.1,nan,0.0,0.1,00:00:00,0.0,0.9,-0.5,223.0
2025-05-27 14:29:57.442,0.1,nan,0.0,0.1,00:00:00,0.0,0.9,-0.5,223.0
2025-05-27 14:29:58.440,0.1,nan,-0.0,0.0,00:00:00,0.0,0.9,-0.6,223.0
2025-05-27 14:29:59.440,-0.0,nan,-0.0,0.0,00:00:00,0.0,1.0,-0.6,223.0
2025-05-27 14:30:00.441,-0.0,nan,0.0,0.0,00:00:00,0.0,0.9,-0.6,223.0
2025-05-27 14:30:01.442,-0.1,nan,-0.0,0.0,00:00:00,0.0,0.9,-0.5,223.0
2025-05-27 14:30:02.442,-0.1,nan,-0.0,0.0,00:00:00,0.0,0.9,-0.6,223.0
2025-05-27 14:30:03.441,-0.1,nan,0.0,0.0,00:00:00,0.0,0.9,-0.5,223.0
2025-05-27 14:30:04.441,-0.0,nan,0.0,0.0,00:00:00,0.0,0.9,-0.5,223.0
2025-05-27 14:30:05.440,0.0,nan,0.0,0.0,00:00:00,0.0,0.8,-0.5,223.0
2025-05-27 14:30:06.440,0.0,nan,0.0,0.0,00:00:00,0.0,0.8,-0.5,223.0
2025-05-27 14:30:07.441,-0.0,nan,0.0,0.0,00:00:00,0.0,0.9,-0.5,223.0
2025-05-27 14:30:08.440,0.0,nan,0.0,0.0,00:00:00,0.0,0.9,-0.5,223.0
2025-05-27 14:30:09.439,0.1,nan,0.0,0.1,00:00:00,0.0,1.0,-0.5,223.0
2025-05-27 14:30:10.440,0.1,nan,0.0,0.0,00:00:00,0.0,1.0,-0.5,223.0
2025-05-27 14:30:11.438,0.1,nan,0.0,0.0,00:00:00,0.0,1.0,-0.5,223.0
2025-05-27 14:30:12.438,0.1,nan,-0.0,0.0,00:00:00,0.0,1.0,-0.6,223.0
2025-05-27 14:30:13.442,-0.0,nan,0.0,0.0,00:00:00,0.0,1.0,-0.6,223.0
2025-05-27 14:30:14.439,-0.0,nan,0.0,0.0,00:00:00,0.0,1.0,-0.6,223.0
2025-05-27 14:30:15.441,-0.0,nan,0.0,0.0,00:00:00,0.0,1.0,-0.5,223.0
2025-05-27 14:30:16.438,-0.0,nan,0.0,0.0,00:00:00,0.0,1.0,-0.6,223.0
2025-05-27 14:30:17.441,-0.0,nan,0.0,0.0,00:00:00,0.0,0.9,-0.5,223.0
2025-05-27 14:30:18.438,-0.0,nan,0.0,0.0,00:00:00,0.0,0.9,-0.4,223.0
2025-05-27 14:30:19.439,-0.0,nan,0.0,0.1,00:00:00,0.0,0.9,-0.5,223.0
2025-05-27 14:30:20.439,0.0,nan,0.0,0.1,00:00:00,0.0,0.9,-0.4,223.0
2025-05-27 14:30:21.439,-0.0,nan,0.0,0.1,00:00:00,0.0,0.9,-0.5,223.0
2025-05-27 14:30:22.439,0.0,nan,0.0,0.1,00:00:00,0.0,0.9,-0.5,223.0
2025-05-27 14:30:23.438,0.0,nan,0.0,0.1,00:00:00,0.0,0.9,-0.5,223.0
2025-05-27 14:30:24.441,0.1,nan,0.0,0.1,00:00:00,0.0,0.8,-0.5,223.0
2025-05-27 14:30:25.441,0.1,nan,0.0,0.1,00:00:00,0.0,0.7,-0.5,223.0
2025-05-27 14:30:26.438,0.1,nan,0.0,0.1,00:00:00,0.0,0.8,-0.6,223.0
2025-05-27 14:30:27.442,0.1,nan,0.0,0.1,00:00:00,0.0,0.8,-0.5,223.0
2025-05-27 14:30:28.440,0.1,nan,0.0,0.1,00:00:00,0.0,0.8,-0.6,223.0
2025-05-27 14:30:29.442,0.0,nan,0.0,0.0,00:00:00,0.0,0.9,-0.6,223.0
2025-05-27 14:30:30.439,-0.0,nan,-0.0,0.0,00:00:00,0.0,0.9,-0.6,223.0
2025-05-27 14:30:31.439,-0.0,nan,-0.0,0.0,00:00:00,0.0,0.9,-0.6,223.0
2025-05-27 14:30:32.440,-0.0,nan,-0.0,0.0,00:00:00,0.0,1.0,-0.5,223.0
2025-05-27 14:30:33.439,-0.0,nan,-0.0,0.0,00:00:00,0.0,0.9,-0.5,223.0
2025-05-27 14:30:34.440,-0.1,nan,-0.0,0.0,00:00:00,0.0,0.9,-0.5,223.0
2025-05-27 14:30:35.439,-0.1,nan,-0.0,0.0,00:00:00,0.0,0.8,-0.5,223.0
2025-05-27 14:30:36.441,-0.1,nan,-0.0,0.0,00:00:00,0.0,0.9,-0.5,223.0
2025-05-27 14:30:37.439,-0.2,nan,-0.0,0.0,00:00:00,0.0,0.9,-0.4,223.0
2025-05-27 14:30:38.438,-0.2,nan,-0.0,0.0,00:00:00,0.0,0.9,-0.5,223.0
2025-05-27 14:30:39.441,-0.1,nan,-0.0,0.0,00:00:00,0.0,0.9,-0.5,223.0
2025-05-27 14:30:40.438,-0.1,nan,0.0,0.0,00:00:00,0.0,0.9,-0.6,223.0
2025-05-27 14:30:41.439,-0.1,nan,0.0,0.0,00:00:00,0.0,0.9,-0.5,223.0
2025-05-27 14:30:42.439,-0.0,nan,0.0,0.0,00:00:00,0.0,0.9,-0.5,223.0
2025-05-27 14:30:43.440,-0.0,nan,0.0,0.0,00:00:00,0.0,0.9,-0.5,223.0
2025-05-27 14:30:44.441,0.0,nan,0.0,0.1,00:00:00,0.0,0.9,-0.5,223.0
2025-05-27 14:30:45.438,0.0,nan,0.0,0.0,00:00:00,0.0,0.8,-0.5,223.0
2025-05-27 14:30:46.438,-0.0,nan,-0.0,0.0,00:00:00,0.0,0.8,-0.6,223.0
2025-05-27 14:30:47.441,-0.1,nan,-0.0,0.0,00:00:00,0.0,0.8,-0.6,223.0
2025-05-27 14:30:48.439,-0.1,nan,-0.0,0.0,00:00:00,0.0,0.8,-0.6,223.0
2025-05-27 14:30:49.438,-0.2,nan,-0.0,0.0,00:00:00,0.0,0.8,-0.6,223.0
2025-05-27 14:30:50.438,-0.2,nan,-0.0,0.1,00:00:00,0.0,0.7,-0.6,223.0
2025-05-27 14:30:51.438,-0.2,nan,-0.0,0.1,00:00:00,0.0,0.8,-0.6,223.0
2025-05-27 14:30:52.440,-0.1,nan,0.0,0.0,00:00:00,0.0,0.8,-0.6,223.0
2025-05-27 14:30:53.439,-0.1,nan,0.0,0.0,00:00:00,0.0,0.8,-0.5,223.0
2025-05-27 14:30:54.438,-0.0,nan,0.0,0.0,00:00:00,0.0,0.9,-0.6,223.0
2025-05-27 14:30:55.441,0.0,nan,0.0,0.0,00:00:00,0.0,0.9,-0.5,223.0
2025-05-27 14:30:56.441,-0.0,nan,0.0,0.0,00:00:00,0.0,0.8,-0.5,223.0
2025-05-27 14:30:57.440,-0.0,nan,0.0,0.0,00:00:00,0.0,0.8,-0.5,223.0
2025-05-27 14:30:58.440,-0.1,nan,-0.0,0.0,00:00:00,0.0,0.8,-0.5,223.0
2025-05-27 14:30:59.440,-0.0,nan,-0.0,0.0,00:00:00,0.0,0.8,-0.5,223.0
2025-05-27 14:31:00.442,0.0,nan,0.0,0.0,00:00:00,0.0,0.8,-0.6,223.0
2025-05-27 14:31:01.441,0.1,nan,0.0,0.0,00:00:00,0.0,0.8,-0.6,223.0
2025-05-27 14:31:02.438,0.1,nan,-0.0,0.0,00:00:00,0.0,0.8,-0.6,223.0
2025-05-27 14:31:03.439,0.1,nan,-0.0,0.1,00:00:00,0.0,0.8,-0.6,223.0
2025-05-27 14:31:04.441,0.0,nan,-0.0,0.1,00:00:00,0.0,0.8,-0.6,223.0
2025-05-27 14:31:05.441,-0.0,nan,-0.0,0.1,00:00:00,0.0,0.8,-0.6,223.0
2025-05-27 14:31:06.440,-0.0,nan,-0.0,0.1,00:00:00,0.0,0.8,-0.6,223.0
2025-05-27 14:31:07.439,-0.0,nan,-0.0,0.0,00:00:00,0.0,0.8,-0.6,223.0
2025-05-27 14:31:08.439,-0.0,nan,-0.0,0.0,00:00:00,0.0,0.8,-0.6,223.0
2025-05-27 14:31:09.442,-0.0,nan,-0.0,0.1,00:00:00,0.0,0.8,-0.6,223.0
2025-05-27 14:31:10.442,-0.1,nan,-0.0,0.1,00:00:00,0.0,0.8,-0.6,223.0
2025-05-27 14:31:11.438,-0.0,nan,0.0,0.0,00:00:00,0.0,0.9,-0.6,223.0
2025-05-27 14:31:12.441,0.1,nan,0.0,0.0,00:00:00,0.0,0.8,-0.6,223.0
2025-05-27 14:31:13.439,0.1,nan,0.0,0.0,00:00:00,0.0,0.8,-0.6,223.0
2025-05-27 14:31:14.440,0.1,nan,0.0,0.1,00:00:00,0.0,0.8,-0.6,223.0
2025-05-27 14:31:15.440,0.1,nan,0.0,0.1,00:00:00,0.0,0.8,-0.6,223.0
2025-05-27 14:31:16.438,0.2,nan,0.1,0.1,00:00:00,0.0,0.8,-0.5,223.0
2025-05-27 14:31:17.441,0.2,nan,0.1,0.1,00:00:00,0.0,0.8,-0.5,223.0
2025-05-27 14:31:18.438,0.2,nan,0.0,0.1,00:00:00,0.0,0.8,-0.5,223.0
2025-05-27 14:31:19.438,0.1,nan,0.0,0.1,00:00:00,0.0,0.8,-0.5,223.0
2025-05-27 14:31:20.439,0.1,nan,0.0,0.1,00:00:00,0.0,0.9,-0.5,223.0
2025-05-27 14:31:21.441,0.0,nan,0.0,0.1,00:00:00,0.0,0.8,-0.6,223.0
2025-05-27 14:31:22.440,-0.0,nan,-0.0,0.1,00:00:00,0.0,0.9,-0.6,223.0
2025-05-27 14:31:23.445,-0.0,nan,-0.0,0.1,00:00:00,0.0,0.9,-0.6,223.0
2025-05-27 14:31:24.440,-0.1,nan,-0.0,0.1,00:00:00,0.0,1.0,-0.6,223.0
2025-05-27 14:31:25.439,-0.0,nan,0.0,0.1,00:00:00,0.0,1.1,-0.5,223.0
2025-05-27 14:31:26.441,0.0,nan,0.0,0.1,00:00:00,0.0,1.1,-0.5,223.0
2025-05-27 14:31:27.438,0.0,nan,0.0,0.0,00:00:00,0.0,1.2,-0.6,223.0
2025-05-27 14:31:28.441,0.0,nan,0.0,0.0,00:00:00,0.0,1.2,-0.6,223.0
2025-05-27 14:31:29.440,0.0,nan,0.0,0.0,00:00:00,0.0,1.1,-0.6,223.0
2025-05-27 14:31:30.441,0.0,nan,0.0,0.0,00:00:00,0.0,1.1,-0.6,223.0
2025-05-27 14:31:31.438,-0.0,nan,0.0,0.0,00:00:00,0.0,1.1,-0.6,223.0
2025-05-27 14:31:32.439,0.0,nan,0.0,0.0,00:00:00,0.0,1.2,-0.6,223.0
2025-05-27 14:31:33.440,0.1,nan,0.0,0.0,00:00:00,0.0,1.1,-0.6,223.0
2025-05-27 14:31:34.439,0.0,nan,0.0,0.0,00:00:00,0.0,1.1,-0.6,223.0
2025-05-27 14:31:35.440,0.0,nan,0.0,0.0,00:00:00,0.0,1.1,-0.6,223.0
2025-05-27 14:31:36.438,0.0,nan,0.0,0.0,00:00:00,0.0,1.0,-0.6,223.0
2025-05-27 14:31:37.441,0.1,nan,0.0,0.0,00:00:00,0.0,1.0,-0.6,223.0
2025-05-27 14:31:38.442,0.1,nan,0.0,0.0,00:00:00,0.0,1.0,-0.6,223.0
2025-05-27 14:31:39.438,0.0,nan,0.0,0.0,00:00:00,0.0,1.0,-0.6,223.0
2025-05-27 14:31:40.441,0.0,nan,0.0,0.0,00:00:00,0.0,0.9,-0.5,223.0
2025-05-27 14:31:41.438,0.1,nan,0.0,0.0,00:00:00,0.0,1.0,-0.5,223.0
2025-05-27 14:31:42.439,0.0,nan,-0.0,0.0,00:00:00,0.0,0.9,-0.6,223.0
2025-05-27 14:31:43.438,0.0,nan,0.0,0.0,00:00:00,0.0,1.0,-0.6,223.0
2025-05-27 14:31:44.439,0.0,nan,-0.0,0.0,00:00:00,0.0,1.1,-0.7,223.0
2025-05-27 14:31:45.442,0.0,nan,0.0,0.0,00:00:00,0.0,1.1,-0.6,223.0
2025-05-27 14:31:46.439,0.0,nan,0.0,0.0,00:00:00,0.0,1.0,-0.6,223.0
2025-05-27 14:31:47.441,-0.0,nan,0.0,0.0,00:00:00,0.0,1.1,-0.7,223.0
2025-05-27 14:31:48.439,-0.1,nan,0.0,0.0,00:00:00,0.0,1.0,-0.7,223.0
2025-05-27 14:31:49.441,-0.1,nan,0.0,0.0,00:00:00,0.0,1.0,-0.7,223.0
2025-05-27 14:31:50.441,-0.0,nan,0.0,0.0,00:00:00,0.0,1.0,-0.6,223.0
2025-05-27 14:31:51.439,-0.0,nan,0.0,0.0,00:00:00,0.0,1.1,-0.6,223.0
2025-05-27 14:31:52.439,0.0,nan,0.0,0.0,00:00:00,0.0,1.1,-0.6,223.0
2025-05-27 14:31:53.440,-0.0,nan,0.0,0.0,00:00:00,0.0,1.0,-0.6,223.0
2025-05-27 14:31:54.441,-0.0,nan,-0.0,0.0,00:00:00,0.0,0.9,-0.6,223.0
2025-05-27 14:31:55.438,-0.1,nan,-0.0,0.0,00:00:00,0.0,1.0,-0.6,223.0
2025-05-27 14:31:56.440,-0.1,nan,-0.0,0.0,00:00:00,0.0,1.0,-0.5,223.0
2025-05-27 14:31:57.441,-0.1,nan,-0.0,0.0,00:00:00,0.0,1.0,-0.5,223.0
2025-05-27 14:31:58.438,-0.1,nan,-0.0,0.1,00:00:00,0.0,1.0,-0.6,223.0
2025-05-27 14:31:59.442,-0.1,nan,-0.0,0.1,00:00:00,0.0,1.0,-0.5,223.0
2025-05-27 14:32:00.438,-0.1,nan,-0.0,0.1,00:00:00,0.0,1.0,-0.6,223.0
2025-05-27 14:32:01.441,-0.1,nan,-0.0,0.1,00:00:00,0.0,1.0,-0.5,223.0
2025-05-27 14:32:02.439,-0.1,nan,-0.0,0.1,00:00:00,0.0,1.0,-0.5,223.0
2025-05-27 14:32:03.441,-0.1,nan,-0.0,0.0,00:00:00,0.0,1.0,-0.5,223.0
2025-05-27 14:32:04.440,-0.1,nan,-0.0,0.0,00:00:00,0.0,0.9,-0.5,223.0
2025-05-27 14:32:05.441,-0.2,nan,-0.0,0.0,00:00:00,0.0,0.9,-0.6,223.0
2025-05-27 14:32:06.438,-0.2,nan,-0.0,0.0,00:00:00,0.0,0.9,-0.6,223.0
2025-05-27 14:32:07.438,-0.2,nan,-0.0,0.0,00:00:00,0.0,0.9,-0.6,223.0
2025-05-27 14:32:08.440,-0.2,nan,0.0,0.0,00:00:00,0.0,0.9,-0.5,223.0
2025-05-27 14:32:09.441,-0.2,nan,0.0,0.0,00:00:00,0.0,0.9,-0.6,223.0
2025-05-27 14:32:10.440,-0.2,nan,0.0,0.0,00:00:00,0.0,0.9,-0.6,223.0
2025-05-27 14:32:11.442,-0.1,nan,0.0,0.0,00:00:00,0.0,1.0,-0.6,223.0
2025-05-27 14:32:12.441,-0.1,nan,0.0,0.0,00:00:00,0.0,1.0,-0.6,223.0
2025-05-27 14:32:13.441,-0.1,nan,0.0,0.0,00:00:00,0.0,1.0,-0.6,223.0
2025-05-27 14:32:14.442,-0.0,nan,0.0,0.0,00:00:00,0.0,1.0,-0.6,223.0
2025-05-27 14:32:15.438,-0.0,nan,0.0,0.1,00:00:00,0.0,1.0,-0.6,223.0
2025-05-27 14:32:16.439,-0.0,nan,0.0,0.0,00:00:00,0.0,1.0,-0.6,223.0
2025-05-27 14:32:17.441,-0.0,nan,0.0,0.1,00:00:00,0.0,1.0,-0.6,223.0
2025-05-27 14:32:18.441,0.0,nan,0.0,0.0,00:00:00,0.0,1.0,-0.6,223.0
2025-05-27 14:32:19.440,0.1,nan,0.0,0.0,00:00:00,0.0,1.1,-0.6,223.0
2025-05-27 14:32:20.439,0.1,nan,0.0,0.0,00:00:00,0.0,1.0,-0.6,223.0
2025-05-27 14:32:21.438,0.1,nan,0.0,0.0,00:00:00,0.0,1.1,-0.6,223.0
2025-05-27 14:32:22.438,0.1,nan,0.0,0.1,00:00:00,0.0,1.1,-0.7,223.0
2025-05-27 14:32:23.442,0.1,nan,0.0,0.1,00:00:00,0.0,1.1,-0.6,224.0
2025-05-27 14:32:24.438,0.2,nan,0.0,0.1,00:00:00,0.0,1.1,-0.6,224.0
2025-05-27 14:32:25.441,0.2,nan,0.0,0.0,00:00:00,0.0,1.0,-0.6,224.0
2025-05-27 14:32:26.442,0.2,nan,0.0,0.0,00:00:00,0.0,1.0,-0.6,223.0
2025-05-27 14:32:27.439,0.2,nan,0.1,0.0,00:00:00,0.0,0.1,0.2,223.0
2025-05-27 14:32:28.438,0.2,nan,0.1,0.0,00:00:00,0.0,0.1,0.2,223.0
2025-05-27 14:32:29.439,0.2,nan,0.1,0.0,00:00:00,0.0,0.1,0.2,223.0
2025-05-27 14:32:30.440,0.2,nan,0.1,0.0,00:00:00,0.0,0.1,0.2,223.0
2025-05-27 14:32:31.438,0.2,nan,0.1,0.0,00:00:00,0.0,0.1,0.2,223.0
2025-05-27 14:32:32.440,0.2,nan,0.1,0.0,00:00:00,0.0,0.1,0.2,223.0
2025-05-27 14:32:33.439,0.2,nan,0.1,0.0,00:00:00,0.0,0.1,0.2,223.0
2025-05-27 14:32:34.440,0.2,nan,0.1,0.0,00:00:00,0.0,0.1,0.2,223.0
2025-05-27 14:32:35.441,0.2,nan,0.1,0.0,00:00:00,0.0,0.1,0.2,223.0
2025-05-27 14:32:36.439,0.2,nan,0.1,0.0,00:00:00,0.0,0.1,0.2,223.0
2025-05-27 14:32:37.440,0.2,nan,0.1,0.0,00:00:00,0.0,0.1,0.2,223.0
2025-05-27 14:32:38.439,0.2,nan,0.1,0.0,00:00:00,0.0,0.1,0.2,223.0
2025-05-27 14:32:39.441,0.2,nan,0.1,0.0,00:00:00,0.0,0.1,0.2,223.0
2025-05-27 14:32:40.438,0.2,nan,0.1,0.0,00:00:00,0.0,0.1,0.2,223.0
2025-05-27 14:32:41.438,0.2,nan,0.1,0.0,00:00:00,0.0,0.1,0.2,223.0
2025-05-27 14:32:42.439,0.2,nan,0.1,0.0,00:00:00,0.0,0.1,0.2,223.0
2025-05-27 14:32:43.439,0.2,nan,0.1,0.0,00:00:00,0.0,0.1,0.2,223.0
2025-05-27 14:32:44.441,0.2,nan,0.1,0.0,00:00:00,0.0,0.1,0.2,223.0
2025-05-27 14:32:45.438,0.2,nan,0.1,0.0,00:00:00,0.0,0.1,0.2,223.0
2025-05-27 14:32:46.440,0.2,nan,0.1,0.0,00:00:00,0.0,0.1,0.2,223.0
2025-05-27 14:32:47.440,0.2,nan,0.1,0.0,00:00:00,0.0,0.1,0.2,223.0
2025-05-27 14:32:48.440,0.2,nan,0.1,0.0,00:00:00,0.0,0.1,0.2,223.0
2025-05-27 14:32:49.438,0.2,nan,0.1,0.0,00:00:00,0.0,0.1,0.2,223.0
2025-05-27 14:32:50.438,0.2,nan,0.1,0.0,00:00:00,0.0,0.1,0.2,223.0
2025-05-27 14:32:51.439,0.2,nan,0.1,0.0,00:00:00,0.0,0.1,0.2,223.0
2025-05-27 14:32:52.440,0.2,nan,0.1,0.0,00:00:00,0.0,0.1,0.2,223.0
2025-05-27 14:32:53.440,0.2,nan,0.1,0.0,00:00:00,0.0,0.1,0.2,223.0
2025-05-27 14:32:54.439,0.2,nan,0.1,0.0,00:00:00,0.0,0.1,0.2,223.0
2025-05-27 14:32:55.439,0.2,nan,0.1,0.0,00:00:00,0.0,0.1,0.2,223.0
2025-05-27 14:32:56.438,0.2,nan,0.1,0.0,00:00:00,0.0,0.1,0.2,223.0
2025-05-27 14:32:57.441,0.2,nan,0.1,0.0,00:00:00,0.0,0.1,0.2,223.0
2025-05-27 14:32:58.439,0.2,nan,0.1,0.0,00:00:00,0.0,0.1,0.2,223.0
2025-05-27 14:32:59.440,0.2,nan,0.1,0.0,00:00:00,0.0,0.1,0.2,223.0
2025-05-27 14:33:00.441,0.2,nan,0.1,0.0,00:00:00,0.0,0.1,0.2,223.0
2025-05-27 14:33:01.439,0.2,nan,0.1,0.0,00:00:00,0.0,0.1,0.2,223.0
2025-05-27 14:33:02.442,0.2,nan,0.1,0.0,00:00:00,0.0,0.1,0.2,223.0
2025-05-27 14:33:03.442,0.2,nan,0.1,0.0,00:00:00,0.0,0.1,0.2,223.0
2025-05-27 14:33:04.440,0.2,nan,0.1,0.0,00:00:00,0.0,0.1,0.2,223.0
2025-05-27 14:33:05.442,0.2,nan,0.1,0.0,00:00:00,0.0,0.1,0.2,223.0
2025-05-27 14:33:06.439,0.2,nan,0.1,0.0,00:00:00,0.0,0.1,0.2,223.0
2025-05-27 14:33:07.438,0.2,nan,0.1,0.0,00:00:00,0.0,0.1,0.2,223.0
2025-05-27 14:33:08.440,0.2,nan,0.1,0.0,00:00:00,0.0,0.1,0.2,223.0
2025-05-27 14:33:09.441,0.2,nan,0.1,0.0,00:00:00,0.0,0.1,0.2,223.0
2025-05-27 14:33:10.442,0.2,nan,0.1,0.0,00:00:00,0.0,0.1,0.2,223.0
2025-05-27 14:33:11.439,0.2,nan,0.1,0.0,00:00:00,0.0,0.1,0.2,223.0
2025-05-27 14:33:12.438,0.2,nan,0.1,0.0,00:00:00,0.0,0.1,0.2,223.0
2025-05-27 14:33:13.441,0.2,nan,0.1,0.0,00:00:00,0.0,0.1,0.2,223.0
2025-05-27 14:33:14.441,0.2,nan,0.1,0.0,00:00:00,0.0,0.1,0.2,223.0
2025-05-27 14:33:15.439,0.2,nan,0.1,0.0,00:00:00,0.0,0.1,0.2,223.0
2025-05-27 14:33:16.438,0.2,nan,0.1,0.0,00:00:00,0.0,0.1,0.2,223.0
2025-05-27 14:33:17.438,0.2,nan,0.1,0.0,00:00:00,0.0,0.1,0.2,223.0
2025-05-27 14:33:18.439,0.2,nan,0.1,0.0,00:00:00,0.0,0.1,0.2,223.0
2025-05-27 14:33:19.441,0.2,nan,0.1,0.0,00:00:00,0.0,0.1,0.2,223.0
2025-05-27 14:33:20.438,0.2,nan,0.1,0.0,00:00:00,0.0,0.1,0.2,223.0
2025-05-27 14:33:21.438,0.2,nan,0.1,0.0,00:00:00,0.0,0.1,0.2,223.0
2025-05-27 14:33:22.438,0.2,nan,0.1,0.0,00:00:00,0.0,0.1,0.2,223.0
2025-05-27 14:33:23.440,0.2,nan,0.1,0.0,00:00:00,0.0,0.1,0.2,223.0
2025-05-27 14:33:24.438,0.2,nan,0.1,0.0,00:00:00,0.0,0.1,0.2,223.0
2025-05-27 14:33:25.440,0.2,nan,0.1,0.0,00:00:00,0.0,0.1,0.2,223.0
2025-05-27 14:33:26.438,0.2,nan,0.1,0.0,00:00:00,0.0,0.1,0.2,223.0
2025-05-27 14:33:27.438,0.2,nan,0.1,0.0,00:00:00,0.0,0.1,0.2,223.0
2025-05-27 14:33:28.438,0.2,nan,0.1,0.0,00:00:00,0.0,0.1,0.2,223.0
2025-05-27 14:33:29.438,0.2,nan,0.1,0.0,00:00:00,0.0,0.1,0.2,223.0
2025-05-27 14:33:30.439,0.2,nan,0.1,0.0,00:00:00,0.0,0.1,0.2,223.0
2025-05-27 14:33:31.442,0.2,nan,0.1,0.0,00:00:00,0.0,0.1,0.2,223.0
2025-05-27 14:33:32.440,0.2,nan,0.1,0.0,00:00:00,0.0,0.1,0.2,223.0
2025-05-27 14:33:33.440,0.2,nan,0.1,0.0,00:00:00,0.0,0.1,0.2,223.0
2025-05-27 14:33:34.442,0.2,nan,0.1,0.0,00:00:00,0.0,0.1,0.2,223.0
2025-05-27 14:33:35.441,0.2,nan,0.1,0.0,00:00:00,0.0,0.1,0.2,223.0
2025-05-27 14:33:36.442,0.2,nan,0.1,0.0,00:00:00,0.0,0.1,0.2,223.0
2025-05-27 14:33:37.438,0.2,nan,0.1,0.0,00:00:00,0.0,0.1,0.2,223.0
2025-05-27 14:33:38.441,0.2,nan,0.1,0.0,00:00:00,0.0,0.1,0.2,223.0
2025-05-27 14:33:39.440,0.2,nan,0.1,0.0,00:00:00,0.0,0.1,0.2,223.0
2025-05-27 14:33:40.441,0.2,nan,0.1,0.0,00:00:00,0.0,0.1,0.2,223.0
2025-05-27 14:33:41.442,0.2,nan,0.1,0.0,00:00:00,0.0,0.1,0.2,223.0
2025-05-27 14:33:42.442,0.2,nan,0.1,0.0,00:00:00,0.0,0.1,0.2,223.0
2025-05-27 14:33:43.439,0.2,nan,0.1,0.0,00:00:00,0.0,0.1,0.2,223.0
2025-05-27 14:33:44.439,0.2,nan,0.1,0.0,00:00:00,0.0,0.1,0.2,223.0
2025-05-27 14:33:45.441,0.2,nan,0.1,0.0,00:00:00,0.0,0.1,0.2,223.0
2025-05-27 14:33:46.438,0.2,nan,0.1,0.0,00:00:00,0.0,0.1,0.2,223.0
2025-05-27 14:33:47.440,0.4,nan,-0.0,0.1,00:00:00,0.0,0.7,-0.7,223.0
2025-05-27 14:33:48.439,0.4,nan,-0.0,0.1,00:00:00,0.0,0.7,-0.7,223.0
2025-05-27 14:33:49.441,0.3,nan,-0.0,0.1,00:00:00,0.0,0.7,-0.7,223.0
2025-05-27 14:33:50.438,0.2,nan,-0.1,0.1,00:00:00,0.0,0.7,-0.7,223.0
2025-05-27 14:33:51.440,0.2,nan,-0.1,0.1,00:00:00,0.0,0.8,-0.7,223.0
2025-05-27 14:33:52.439,0.2,nan,-0.0,0.1,00:00:00,0.0,0.8,-0.6,223.0
2025-05-27 14:33:53.439,0.2,nan,-0.0,0.1,00:00:00,0.0,0.7,-0.8,223.0
2025-05-27 14:33:54.439,0.2,nan,-0.0,0.1,00:00:00,0.0,0.8,-0.8,223.0
2025-05-27 14:33:55.440,0.1,nan,-0.1,0.1,00:00:00,0.0,0.8,-0.7,223.0
2025-05-27 14:33:56.439,0.1,nan,-0.0,0.1,00:00:00,0.0,0.8,-0.7,223.0
2025-05-27 14:33:57.441,0.2,nan,-0.0,0.1,00:00:00,0.0,0.8,-0.6,223.0
2025-05-27 14:33:58.440,0.3,nan,-0.0,0.0,00:00:00,0.0,0.8,-0.5,223.0
2025-05-27 14:33:59.439,0.3,nan,-0.0,0.0,00:00:00,0.0,0.8,-0.5,223.0
2025-05-27 14:34:00.439,0.3,nan,-0.0,0.0,00:00:00,0.0,0.8,-0.5,223.0
2025-05-27 14:34:01.439,0.3,nan,-0.0,0.0,00:00:00,0.0,0.8,-0.5,223.0
2025-05-27 14:34:02.441,0.3,nan,-0.0,0.0,00:00:00,0.0,0.8,-0.5,223.0
2025-05-27 14:34:03.441,0.3,nan,-0.0,0.0,00:00:00,0.0,0.8,-0.5,223.0
2025-05-27 14:34:04.438,0.4,nan,-0.0,0.0,00:00:00,0.0,0.8,-0.5,223.0
2025-05-27 14:34:05.438,0.3,nan,-0.0,0.0,00:00:00,0.0,0.8,-0.5,223.0
2025-05-27 14:34:06.438,0.3,nan,-0.0,0.0,00:00:00,0.0,0.8,-0.5,223.0
2025-05-27 14:34:07.440,0.3,nan,-0.0,0.0,00:00:00,0.0,0.8,-0.5,223.0
2025-05-27 14:34:08.438,0.3,nan,-0.0,0.0,00:00:00,0.0,0.8,-0.6,223.0
2025-05-27 14:34:09.443,0.2,nan,-0.0,0.1,00:00:00,0.0,0.8,-0.6,223.0
2025-05-27 14:34:10.441,0.2,nan,-0.0,0.1,00:00:00,0.0,0.8,-0.5,223.0
2025-05-27 14:34:11.441,0.2,nan,-0.0,0.1,00:00:00,0.0,0.8,-0.6,223.0
2025-05-27 14:34:12.442,0.2,nan,-0.0,0.1,00:00:00,0.0,0.9,-0.6,223.0
2025-05-27 14:34:13.442,0.2,nan,-0.0,0.1,00:00:00,0.0,0.9,-0.6,223.0
2025-05-27 14:34:14.442,0.1,nan,-0.0,0.1,00:00:00,0.0,0.9,-0.6,223.0
2025-05-27 14:34:15.442,0.2,nan,-0.0,0.1,00:00:00,0.0,0.9,-0.6,223.0
2025-05-27 14:34:16.438,0.3,nan,0.0,0.0,00:00:00,0.0,1.0,-0.6,223.0
2025-05-27 14:34:17.438,0.3,nan,0.0,0.0,00:00:00,0.0,1.0,-0.6,223.0
2025-05-27 14:34:18.438,0.2,nan,-0.0,0.0,00:00:00,0.0,1.0,-0.6,223.0
2025-05-27 14:34:19.440,0.3,nan,-0.0,0.0,00:00:00,0.0,1.0,-0.6,223.0
2025-05-27 14:34:20.438,0.4,nan,0.0,0.0,00:00:00,0.0,1.1,-0.6,223.0
2025-05-27 14:34:21.438,0.4,nan,-0.0,0.0,00:00:00,0.0,1.0,-0.5,223.0
2025-05-27 14:34:22.438,0.5,nan,0.0,0.1,00:00:00,0.0,0.9,-0.5,223.0
2025-05-27 14:34:23.441,0.5,nan,0.0,0.1,00:00:00,0.0,0.8,-0.6,223.0
2025-05-27 14:34:24.441,0.6,nan,0.0,0.1,00:00:00,0.0,0.8,-0.7,223.0
2025-05-27 14:34:25.439,0.6,nan,0.0,0.2,00:00:00,0.0,0.7,-0.8,223.0
2025-05-27 14:34:26.438,0.7,nan,0.1,0.2,00:00:00,0.0,0.7,-0.6,223.0
2025-05-27 14:34:27.442,0.7,nan,0.1,0.2,00:00:00,0.0,0.7,-0.6,223.0
2025-05-27 14:34:28.440,0.7,nan,0.0,0.2,00:00:00,0.0,0.7,-0.6,223.0
2025-05-27 14:34:29.440,0.6,nan,0.0,0.2,00:00:00,0.0,0.8,-0.6,223.0
2025-05-27 14:34:30.438,0.6,nan,-0.0,0.2,00:00:00,0.0,0.8,-0.5,223.0
2025-05-27 14:34:31.441,0.5,nan,-0.0,0.1,00:00:00,0.0,1.0,-0.6,223.0
2025-05-27 14:34:32.439,0.5,nan,-0.0,0.1,00:00:00,0.0,1.0,-0.6,222.0
2025-05-27 14:34:33.438,0.4,nan,-0.0,0.1,00:00:00,0.0,0.9,-0.5,222.0
2025-05-27 14:34:34.438,0.4,nan,-0.0,0.1,00:00:00,0.0,0.9,-0.5,222.0
2025-05-27 14:34:35.442,0.4,nan,-0.0,0.1,00:00:00,0.0,0.9,-0.4,222.0
2025-05-27 14:34:36.440,0.3,nan,-0.0,0.1,00:00:00,0.0,0.9,-0.5,222.0
2025-05-27 14:34:37.440,0.4,nan,0.0,0.1,00:00:00,0.0,0.9,-0.5,222.0
2025-05-27 14:34:38.439,0.5,nan,0.0,0.1,00:00:00,0.0,0.9,-0.6,222.0
2025-05-27 14:34:39.441,0.5,nan,0.0,0.0,00:00:00,0.0,0.9,-0.5,222.0
2025-05-27 14:34:40.441,0.5,nan,0.0,0.0,00:00:00,0.0,1.0,-0.6,222.0
2025-05-27 14:34:41.440,0.5,nan,0.0,0.0,00:00:00,0.0,0.9,-0.6,222.0
2025-05-27 14:34:42.441,0.5,nan,0.0,0.1,00:00:00,0.0,1.0,-0.6,222.0
2025-05-27 14:34:43.440,0.5,nan,0.0,0.1,00:00:00,0.0,0.9,-0.6,222.0
2025-05-27 14:34:44.438,0.5,nan,0.0,0.0,00:00:00,0.0,0.9,-0.6,222.0
2025-05-27 14:34:45.438,0.5,nan,-0.0,0.0,00:00:00,0.0,0.9,-0.5,222.0
2025-05-27 14:34:46.438,0.5,nan,0.0,0.0,00:00:00,0.0,0.9,-0.5,222.0
2025-05-27 14:34:47.438,0.5,nan,0.0,0.0,00:00:00,0.0,0.9,-0.5,222.0
2025-05-27 14:34:48.440,0.4,nan,-0.0,0.0,00:00:00,0.0,0.8,-0.5,222.0
2025-05-27 14:34:49.438,0.4,nan,-0.0,0.1,00:00:00,0.0,0.8,-0.5,222.0
2025-05-27 14:34:50.440,0.3,nan,-0.0,0.1,00:00:00,0.0,0.8,-0.4,222.0
2025-05-27 14:34:51.442,0.3,nan,-0.0,0.1,00:00:00,0.0,0.9,-0.4,222.0
2025-05-27 14:34:52.438,0.3,nan,-0.0,0.0,00:00:00,0.0,0.9,-0.4,222.0
2025-05-27 14:34:53.440,0.3,nan,-0.0,0.0,00:00:00,0.0,0.9,-0.4,222.0
2025-05-27 14:34:54.439,0.3,nan,0.0,0.1,00:00:00,0.0,0.9,-0.3,222.0
2025-05-27 14:34:55.442,0.3,nan,-0.0,0.1,00:00:00,0.0,0.9,-0.3,222.0
2025-05-27 14:34:56.441,0.2,nan,-0.0,0.1,00:00:00,0.0,0.9,-0.3,222.0
2025-05-27 14:34:57.439,0.3,nan,-0.0,0.1,00:00:00,0.0,0.8,-0.3,222.0
2025-05-27 14:34:58.441,0.4,nan,-0.0,0.1,00:00:00,0.0,0.8,-0.4,222.0
2025-05-27 14:34:59.438,0.4,nan,-0.0,0.1,00:00:00,0.0,0.9,-0.4,222.0
2025-05-27 14:35:00.440,0.5,nan,-0.0,0.0,00:00:00,0.0,0.9,-0.4,222.0
2025-05-27 14:35:01.438,0.6,nan,0.0,0.0,00:00:00,0.0,0.9,-0.4,222.0
2025-05-27 14:35:02.438,0.6,nan,0.0,0.0,00:00:00,0.0,0.9,-0.4,222.0
2025-05-27 14:35:03.438,0.6,nan,0.0,0.0,00:00:00,0.0,0.9,-0.4,222.0
2025-05-27 14:35:04.439,0.5,nan,-0.0,0.0,00:00:00,0.0,0.8,-0.4,222.0
2025-05-27 14:35:05.440,0.6,nan,0.0,0.0,00:00:00,0.0,0.9,-0.5,222.0
2025-05-27 14:35:06.440,0.5,nan,0.0,0.0,00:00:00,0.0,0.9,-0.5,222.0
2025-05-27 14:35:07.441,0.5,nan,-0.0,0.0,00:00:00,0.0,0.9,-0.5,222.0
2025-05-27 14:35:08.439,0.4,nan,-0.0,0.0,00:00:00,0.0,0.9,-0.5,222.0
2025-05-27 14:35:09.438,0.4,nan,-0.0,0.0,00:00:00,0.0,0.9,-0.5,222.0
2025-05-27 14:35:10.438,0.4,nan,-0.0,0.0,00:00:00,0.0,0.9,-0.5,222.0
2025-05-27 14:35:11.438,0.4,nan,-0.0,0.0,00:00:00,0.0,1.0,-0.5,222.0
2025-05-27 14:35:12.438,0.4,nan,-0.0,0.0,00:00:00,0.0,1.0,-0.5,222.0
2025-05-27 14:35:13.442,0.4,nan,-0.0,0.0,00:00:00,0.0,0.9,-0.5,222.0
2025-05-27 14:35:14.441,0.4,nan,-0.0,0.0,00:00:00,0.0,0.9,-0.5,222.0
2025-05-27 14:35:15.439,0.5,nan,0.0,0.0,00:00:00,0.0,0.9,-0.5,222.0
2025-05-27 14:35:16.438,0.5,nan,0.0,0.0,00:00:00,0.0,0.9,-0.5,222.0
2025-05-27 14:35:17.440,0.5,nan,0.0,0.0,00:00:00,0.0,0.9,-0.5,222.0
2025-05-27 14:35:18.438,0.5,nan,0.0,0.0,00:00:00,0.0,0.9,-0.4,222.0
2025-05-27 14:35:19.438,0.5,nan,0.0,0.0,00:00:00,0.0,0.8,-0.3,222.0
2025-05-27 14:35:20.440,0.6,nan,0.0,0.0,00:00:00,0.0,0.9,-0.3,222.0
2025-05-27 14:35:21.438,0.5,nan,0.0,0.0,00:00:00,0.0,0.9,-0.4,222.0
2025-05-27 14:35:22.442,0.5,nan,0.0,0.0,00:00:00,0.0,0.9,-0.4,222.0
2025-05-27 14:35:23.438,0.5,nan,-0.0,0.1,00:00:00,0.0,0.9,-0.4,222.0
2025-05-27 14:35:24.440,0.4,nan,-0.0,0.0,00:00:00,0.0,0.9,-0.4,222.0
2025-05-27 14:35:25.440,0.3,nan,-0.0,0.0,00:00:00,0.0,0.9,-0.4,222.0
2025-05-27 14:35:26.441,0.3,nan,-0.0,0.1,00:00:00,0.0,1.0,-0.4,222.0
2025-05-27 14:35:27.441,0.2,nan,-0.0,0.1,00:00:00,0.0,1.0,-0.4,222.0
2025-05-27 14:35:28.441,0.3,nan,0.0,0.1,00:00:00,0.0,1.0,-0.4,222.0
2025-05-27 14:35:29.441,0.3,nan,0.0,0.1,00:00:00,0.0,0.9,-0.4,222.0
2025-05-27 14:35:30.438,0.2,nan,0.0,0.0,00:00:00,0.0,0.8,-0.3,222.0
2025-05-27 14:35:31.441,0.2,nan,-0.0,0.1,00:00:00,0.0,0.7,-0.3,222.0
2025-05-27 14:35:32.439,0.2,nan,-0.0,0.1,00:00:00,0.0,0.7,-0.3,222.0
2025-05-27 14:35:33.441,0.1,nan,-0.0,0.1,00:00:00,0.0,0.6,-0.3,222.0
2025-05-27 14:35:34.438,0.1,nan,-0.0,0.2,00:00:00,0.0,0.6,-0.3,222.0
2025-05-27 14:35:35.438,0.2,nan,-0.0,0.1,00:00:00,0.0,0.7,-0.3,222.0
2025-05-27 14:35:36.441,0.2,nan,-0.0,0.1,00:00:00,0.0,0.8,-0.4,222.0
2025-05-27 14:35:37.438,0.2,nan,-0.0,0.0,00:00:00,0.0,0.8,-0.3,222.0
2025-05-27 14:35:38.441,0.1,nan,-0.0,0.0,00:00:00,0.0,0.9,-0.3,222.0
2025-05-27 14:35:39.439,0.2,nan,-0.0,0.0,00:00:00,0.0,0.9,-0.4,222.0
2025-05-27 14:35:40.441,0.3,nan,0.0,0.0,00:00:00,0.0,0.8,-0.4,222.0
2025-05-27 14:35:41.442,0.3,nan,0.0,0.0,00:00:00,0.0,0.8,-0.4,222.0
2025-05-27 14:35:42.438,0.3,nan,-0.0,0.0,00:00:00,0.0,0.7,-0.4,222.0
2025-05-27 14:35:43.438,0.3,nan,-0.0,0.1,00:00:00,0.0,0.6,-0.4,222.0
2025-05-27 14:35:44.440,0.3,nan,-0.0,0.1,00:00:00,0.0,0.6,-0.4,222.0
2025-05-27 14:35:45.439,0.3,nan,-0.0,0.1,00:00:00,0.0,0.7,-0.4,222.0
2025-05-27 14:35:46.439,0.3,nan,-0.0,0.1,00:00:00,0.0,0.7,-0.4,222.0
2025-05-27 14:35:47.442,0.3,nan,-0.0,0.0,00:00:00,0.0,0.8,-0.4,222.0
2025-05-27 14:35:48.442,0.4,nan,-0.0,0.0,00:00:00,0.0,0.8,-0.4,222.0
2025-05-27 14:35:49.440,0.4,nan,0.0,0.1,00:00:00,0.0,0.8,-0.4,222.0
2025-05-27 14:35:50.438,0.3,nan,0.0,0.0,00:00:00,0.0,0.9,-0.4,222.0
2025-05-27 14:35:51.438,0.4,nan,0.0,0.0,00:00:00,0.0,0.9,-0.4,222.0
2025-05-27 14:35:52.440,0.4,nan,0.0,0.1,00:00:00,0.0,0.9,-0.4,222.0
2025-05-27 14:35:53.440,0.4,nan,0.0,0.1,00:00:00,0.0,0.8,-0.3,222.0
2025-05-27 14:35:54.438,0.4,nan,0.0,0.1,00:00:00,0.0,0.8,-0.4,222.0
2025-05-27 14:35:55.439,0.5,nan,0.0,0.0,00:00:00,0.0,0.8,-0.4,222.0
2025-05-27 14:35:56.444,0.5,nan,0.0,0.0,00:00:00,0.0,0.8,-0.4,222.0
2025-05-27 14:35:57.441,0.5,nan,0.0,0.0,00:00:00,0.0,0.8,-0.4,222.0
2025-05-27 14:35:58.439,0.5,nan,0.0,0.1,00:00:00,0.0,0.7,-0.4,222.0
2025-05-27 14:35:59.441,0.4,nan,0.0,0.1,00:00:00,0.0,0.7,-0.4,222.0
2025-05-27 14:36:00.447,0.4,nan,0.0,0.1,00:00:00,0.0,0.8,-0.3,222.0
2025-05-27 14:36:01.440,0.4,nan,0.0,0.1,00:00:00,0.0,0.8,-0.3,222.0
2025-05-27 14:36:02.439,0.5,nan,0.0,0.1,00:00:00,0.0,0.8,-0.3,222.0
2025-05-27 14:36:03.440,0.5,nan,0.0,0.1,00:00:00,0.0,0.8,-0.3,222.0
2025-05-27 14:36:04.439,0.5,nan,0.0,0.1,00:00:00,0.0,0.8,-0.2,222.0
2025-05-27 14:36:05.442,0.5,nan,0.0,0.1,00:00:00,0.0,0.8,-0.3,222.0
2025-05-27 14:36:06.439,0.5,nan,0.0,0.1,00:00:00,0.0,0.8,-0.4,222.0
2025-05-27 14:36:07.439,0.6,nan,0.0,0.1,00:00:00,0.0,0.8,-0.4,222.0
2025-05-27 14:36:08.441,0.6,nan,0.0,0.1,00:00:00,0.0,0.7,-0.4,222.0
2025-05-27 14:36:09.440,0.6,nan,0.0,0.1,00:00:00,0.0,0.6,-0.4,222.0
2025-05-27 14:36:10.438,0.7,nan,0.0,0.1,00:00:00,0.0,0.6,-0.4,222.0
2025-05-27 14:36:11.440,0.7,nan,0.0,0.1,00:00:00,0.0,0.7,-0.4,222.0
2025-05-27 14:36:12.438,0.7,nan,0.0,0.1,00:00:00,0.0,0.7,-0.4,222.0
2025-05-27 14:36:13.439,0.7,nan,0.0,0.2,00:00:00,0.0,0.8,-0.5,222.0
2025-05-27 14:36:14.439,0.8,nan,0.0,0.2,00:00:00,0.0,0.8,-0.5,222.0
2025-05-27 14:36:15.439,0.7,nan,0.0,0.2,00:00:00,0.0,0.8,-0.4,222.0
2025-05-27 14:36:16.440,0.7,nan,0.0,0.2,00:00:00,0.0,0.7,-0.4,222.0
2025-05-27 14:36:17.441,0.7,nan,-0.0,0.1,00:00:00,0.0,0.6,-0.4,222.0
2025-05-27 14:36:18.440,0.6,nan,-0.0,0.1,00:00:00,0.0,0.6,-0.4,222.0
2025-05-27 14:36:19.440,0.6,nan,-0.0,0.1,00:00:00,0.0,0.7,-0.4,222.0
2025-05-27 14:36:20.439,0.5,nan,-0.0,0.1,00:00:00,0.0,0.6,-0.4,222.0
2025-05-27 14:36:21.441,0.6,nan,-0.0,0.1,00:00:00,0.0,0.6,-0.4,222.0
2025-05-27 14:36:22.438,0.6,nan,-0.0,0.1,00:00:00,0.0,0.7,-0.4,222.0
2025-05-27 14:36:23.440,0.6,nan,-0.0,0.1,00:00:00,0.0,0.8,-0.4,222.0
2025-05-27 14:36:24.439,0.6,nan,-0.0,0.0,00:00:00,0.0,0.8,-0.3,222.0
2025-05-27 14:36:25.443,0.6,nan,-0.0,0.1,00:00:00,0.0,0.8,-0.3,222.0
2025-05-27 14:36:26.439,0.6,nan,-0.0,0.1,00:00:00,0.0,0.8,-0.3,222.0
2025-05-27 14:36:27.440,0.6,nan,-0.0,0.1,00:00:00,0.0,0.8,-0.3,222.0
2025-05-27 14:36:28.439,0.6,nan,-0.0,0.1,00:00:00,0.0,0.7,-0.4,222.0
2025-05-27 14:36:29.439,0.7,nan,0.0,0.1,00:00:00,0.0,0.7,-0.4,222.0
2025-05-27 14:36:30.438,0.6,nan,-0.0,0.1,00:00:00,0.0,0.7,-0.5,222.0
2025-05-27 14:36:31.441,0.6,nan,0.0,0.1,00:00:00,0.0,0.7,-0.5,222.0
2025-05-27 14:36:32.440,0.5,nan,-0.0,0.0,00:00:00,0.0,0.7,-0.4,222.0
2025-05-27 14:36:33.441,0.5,nan,-0.0,0.0,00:00:00,0.0,0.6,-0.4,222.0
2025-05-27 14:36:34.439,0.6,nan,-0.0,0.0,00:00:00,0.0,0.7,-0.4,222.0
2025-05-27 14:36:35.440,0.6,nan,-0.0,0.0,00:00:00,0.0,0.7,-0.4,222.0
2025-05-27 14:36:36.440,0.6,nan,-0.0,0.0,00:00:00,0.0,0.7,-0.4,222.0
2025-05-27 14:36:37.439,0.6,nan,-0.0,0.0,00:00:00,0.0,0.8,-0.4,222.0
2025-05-27 14:36:38.439,0.6,nan,0.0,0.1,00:00:00,0.0,0.8,-0.4,223.0
2025-05-27 14:36:39.440,0.6,nan,-0.0,0.1,00:00:00,0.0,0.8,-0.4,223.0
2025-05-27 14:36:40.441,0.6,nan,-0.0,0.1,00:00:00,0.0,0.9,-0.4,223.0
2025-05-27 14:36:41.439,0.5,nan,-0.0,0.1,00:00:00,0.0,0.8,-0.4,223.0
2025-05-27 14:36:42.439,0.5,nan,-0.0,0.1,00:00:00,0.0,0.8,-0.5,223.0
2025-05-27 14:36:43.438,0.5,nan,-0.0,0.1,00:00:00,0.0,0.8,-0.5,223.0
2025-05-27 14:36:44.441,0.6,nan,0.0,0.1,00:00:00,0.0,0.8,-0.4,223.0
2025-05-27 14:36:45.439,0.6,nan,0.0,0.1,00:00:00,0.0,0.8,-0.5,223.0
2025-05-27 14:36:46.442,0.6,nan,0.0,0.1,00:00:00,0.0,0.8,-0.5,222.0
2025-05-27 14:36:47.441,0.7,nan,0.0,0.1,00:00:00,0.0,0.8,-0.5,223.0
2025-05-27 14:36:48.439,0.7,nan,0.0,0.1,00:00:00,0.0,0.8,-0.5,223.0
2025-05-27 14:36:49.438,0.7,nan,0.0,0.1,00:00:00,0.0,0.7,-0.5,222.0
2025-05-27 14:36:50.439,0.7,nan,0.0,0.1,00:00:00,0.0,0.7,-0.5,222.0
2025-05-27 14:36:51.441,0.7,nan,0.0,0.1,00:00:00,0.0,0.7,-0.5,222.0
2025-05-27 14:36:52.439,0.7,nan,0.0,0.1,00:00:00,0.0,0.7,-0.5,223.0
2025-05-27 14:36:53.439,0.8,nan,0.0,0.0,00:00:00,0.0,0.6,-0.5,222.0
2025-05-27 14:36:54.439,0.8,nan,0.0,0.0,00:00:00,0.0,0.6,-0.5,222.0
2025-05-27 14:36:55.440,0.8,nan,0.0,0.0,00:00:00,0.0,0.6,-0.4,222.0
2025-05-27 14:36:56.441,0.9,nan,0.0,0.0,00:00:00,0.0,0.6,-0.4,222.0
2025-05-27 14:36:57.443,0.8,nan,0.0,0.0,00:00:00,0.0,0.6,-0.4,222.0
2025-05-27 14:36:58.440,0.9,nan,0.0,0.0,00:00:00,0.0,0.6,-0.5,222.0
2025-05-27 14:36:59.441,0.8,nan,0.0,0.0,00:00:00,0.0,0.7,-0.5,222.0
2025-05-27 14:37:00.438,0.9,nan,0.0,0.0,00:00:00,0.0,0.7,-0.5,222.0
2025-05-27 14:37:01.439,0.8,nan,0.0,0.0,00:00:00,0.0,0.8,-0.4,222.0
2025-05-27 14:37:02.441,0.8,nan,0.0,0.0,00:00:00,0.0,0.7,-0.4,223.0
2025-05-27 14:37:03.439,0.8,nan,0.0,0.0,00:00:00,0.0,0.8,-0.5,223.0
2025-05-27 14:37:04.438,0.8,nan,0.0,0.1,00:00:00,0.0,0.8,-0.5,223.0
2025-05-27 14:37:05.440,0.8,nan,0.0,0.1,00:00:00,0.0,0.8,-0.5,223.0
2025-05-27 14:37:06.441,0.7,nan,0.0,0.0,00:00:00,0.0,0.8,-0.5,223.0
2025-05-27 14:37:07.443,0.6,nan,0.0,0.0,00:00:00,0.0,0.8,-0.5,223.0
2025-05-27 14:37:08.441,0.6,nan,0.0,0.0,00:00:00,0.0,0.8,-0.5,223.0
2025-05-27 14:37:09.442,0.6,nan,0.0,0.0,00:00:00,0.0,0.8,-0.4,223.0
2025-05-27 14:37:10.439,0.6,nan,0.0,0.0,00:00:00,0.0,0.8,-0.5,223.0
2025-05-27 14:37:11.438,0.6,nan,0.0,0.0,00:00:00,0.0,0.8,-0.5,223.0
2025-05-27 14:37:12.441,0.7,nan,0.0,0.1,00:00:00,0.0,0.7,-0.5,223.0
2025-05-27 14:37:13.442,0.7,nan,0.0,0.1,00:00:00,0.0,0.8,-0.5,223.0
2025-05-27 14:37:14.441,0.6,nan,0.0,0.1,00:00:00,0.0,0.8,-0.5,223.0
2025-05-27 14:37:15.439,0.6,nan,0.0,0.0,00:00:00,0.0,0.9,-0.5,223.0
2025-05-27 14:37:16.442,0.6,nan,0.0,0.0,00:00:00,0.0,0.9,-0.4,223.0
2025-05-27 14:37:17.442,0.7,nan,0.0,0.0,00:00:00,0.0,1.0,-0.4,223.0
2025-05-27 14:37:18.440,0.7,nan,0.0,0.0,00:00:00,0.0,1.0,-0.4,223.0
2025-05-27 14:37:19.439,0.7,nan,0.0,0.0,00:00:00,0.0,0.9,-0.5,223.0
2025-05-27 14:37:20.441,0.7,nan,0.0,0.0,00:00:00,0.0,0.9,-0.4,223.0
2025-05-27 14:37:21.439,0.7,nan,0.0,0.0,00:00:00,0.0,0.9,-0.4,223.0
2025-05-27 14:37:22.440,0.8,nan,0.0,0.0,00:00:00,0.0,1.0,-0.5,223.0
2025-05-27 14:37:23.438,0.8,nan,-0.0,0.0,00:00:00,0.0,0.9,-0.4,223.0
2025-05-27 14:37:24.441,0.8,nan,-0.0,0.0,00:00:00,0.0,0.9,-0.4,223.0
2025-05-27 14:37:25.440,0.8,nan,0.0,0.0,00:00:00,0.0,0.9,-0.3,223.0
2025-05-27 14:37:26.440,0.8,nan,0.0,0.0,00:00:00,0.0,0.9,-0.3,223.0
2025-05-27 14:37:27.439,0.9,nan,0.0,0.0,00:00:00,0.0,0.9,-0.3,223.0
2025-05-27 14:37:28.438,0.9,nan,0.0,0.0,00:00:00,0.0,0.9,-0.3,223.0
2025-05-27 14:37:29.441,0.8,nan,0.0,0.0,00:00:00,0.0,0.8,-0.3,223.0
2025-05-27 14:37:30.439,0.8,nan,0.0,0.0,00:00:00,0.0,0.8,-0.3,223.0
2025-05-27 14:37:31.438,0.8,nan,0.0,0.0,00:00:00,0.0,0.8,-0.4,223.0
2025-05-27 14:37:32.440,0.8,nan,-0.0,0.1,00:00:00,0.0,0.8,-0.3,223.0
2025-05-27 14:37:33.438,0.8,nan,0.0,0.1,00:00:00,0.0,0.8,-0.3,223.0
2025-05-27 14:37:34.439,0.8,nan,0.0,0.1,00:00:00,0.0,0.7,-0.4,223.0
2025-05-27 14:37:35.441,0.8,nan,0.0,0.1,00:00:00,0.0,0.8,-0.4,222.0
2025-05-27 14:37:36.438,0.8,nan,-0.0,0.1,00:00:00,0.0,0.8,-0.5,223.0
2025-05-27 14:37:37.439,0.6,nan,-0.1,0.2,00:00:00,0.0,0.7,-0.5,223.0
2025-05-27 14:37:38.438,0.6,nan,-0.1,0.2,00:00:00,0.0,0.7,-0.5,223.0
2025-05-27 14:37:39.438,0.6,nan,-0.0,0.2,00:00:00,0.0,0.8,-0.5,222.0
2025-05-27 14:37:40.440,0.6,nan,-0.0,0.2,00:00:00,0.0,0.8,-0.5,222.0
2025-05-27 14:37:41.439,0.7,nan,-0.0,0.2,00:00:00,0.0,0.8,-0.5,222.0
2025-05-27 14:37:42.438,0.8,nan,0.0,0.1,00:00:00,0.0,0.8,-0.4,222.0
2025-05-27 14:37:43.442,0.8,nan,-0.0,0.1,00:00:00,0.0,0.8,-0.4,223.0
2025-05-27 14:37:44.440,0.9,nan,0.0,0.1,00:00:00,0.0,0.9,-0.4,222.0
2025-05-27 14:37:45.441,0.8,nan,-0.0,0.1,00:00:00,0.0,0.9,-0.3,222.0
2025-05-27 14:37:46.440,0.8,nan,-0.0,0.0,00:00:00,0.0,0.9,-0.3,222.0
2025-05-27 14:37:47.440,0.8,nan,-0.0,0.0,00:00:00,0.0,0.9,-0.4,223.0
2025-05-27 14:37:48.442,0.8,nan,-0.0,0.0,00:00:00,0.0,0.9,-0.4,222.0
2025-05-27 14:37:49.441,0.7,nan,-0.0,0.0,00:00:00,0.0,0.9,-0.4,222.0
2025-05-27 14:37:50.438,0.8,nan,-0.0,0.0,00:00:00,0.0,0.9,-0.4,222.0
2025-05-27 14:37:51.440,0.8,nan,-0.0,0.0,00:00:00,0.0,0.8,-0.4,222.0
2025-05-27 14:37:52.439,0.8,nan,-0.0,0.0,00:00:00,0.0,0.8,-0.3,222.0
2025-05-27 14:37:53.441,0.8,nan,-0.0,0.1,00:00:00,0.0,0.8,-0.3,222.0
2025-05-27 14:37:54.442,0.8,nan,-0.0,0.1,00:00:00,0.0,0.8,-0.3,222.0
2025-05-27 14:37:55.442,0.8,nan,-0.0,0.1,00:00:00,0.0,0.8,-0.3,222.0
2025-05-27 14:37:56.441,0.7,nan,-0.1,0.1,00:00:00,0.0,0.7,-0.3,222.0
2025-05-27 14:37:57.439,0.7,nan,-0.0,0.1,00:00:00,0.0,0.8,-0.4,223.0
2025-05-27 14:37:58.439,0.7,nan,-0.0,0.1,00:00:00,0.0,0.8,-0.4,223.0
2025-05-27 14:37:59.441,0.7,nan,-0.0,0.1,00:00:00,0.0,0.9,-0.4,222.0
2025-05-27 14:38:00.440,0.7,nan,-0.0,0.0,00:00:00,0.0,0.9,-0.4,223.0
2025-05-27 14:38:01.441,0.7,nan,-0.0,0.0,00:00:00,0.0,1.0,-0.5,223.0
2025-05-27 14:38:02.438,0.7,nan,0.0,0.0,00:00:00,0.0,1.0,-0.5,222.0
2025-05-27 14:38:03.439,0.9,nan,0.0,0.1,00:00:00,0.0,1.1,-0.5,223.0
2025-05-27 14:38:04.438,1.0,nan,0.1,0.1,00:00:00,0.0,1.0,-0.5,223.0
2025-05-27 14:38:05.438,1.1,nan,0.1,0.1,00:00:00,0.0,1.1,-0.5,223.0
2025-05-27 14:38:06.438,1.1,nan,0.1,0.1,00:00:00,0.0,1.0,-0.5,223.0
2025-05-27 14:38:07.441,1.1,nan,0.0,0.1,00:00:00,0.0,1.0,-0.5,223.0
2025-05-27 14:38:08.439,1.1,nan,0.0,0.1,00:00:00,0.0,0.9,-0.5,223.0
2025-05-27 14:38:09.440,1.1,nan,0.0,0.0,00:00:00,0.0,0.9,-0.4,223.0
2025-05-27 14:38:10.438,1.1,nan,0.0,0.0,00:00:00,0.0,0.8,-0.4,223.0
2025-05-27 14:38:11.441,1.1,nan,0.0,0.1,00:00:00,0.0,0.8,-0.4,223.0
2025-05-27 14:38:12.441,1.1,nan,0.0,0.1,00:00:00,0.0,0.7,-0.4,223.0
2025-05-27 14:38:13.439,1.1,nan,0.0,0.1,00:00:00,0.0,0.7,-0.4,223.0
2025-05-27 14:38:14.440,1.0,nan,0.0,0.1,00:00:00,0.0,0.8,-0.4,223.0
2025-05-27 14:38:15.438,1.0,nan,0.0,0.0,00:00:00,0.0,0.8,-0.4,223.0
2025-05-27 14:38:16.439,1.0,nan,-0.0,0.1,00:00:00,0.0,2.5,-0.5,222.0
2025-05-27 14:38:17.440,0.8,nan,-0.1,0.0,00:00:00,0.0,1.1,-0.8,223.0
2025-05-27 14:38:18.441,0.7,nan,-0.1,0.2,00:00:00,0.0,1.3,-0.8,222.0
2025-05-27 14:38:19.441,0.6,nan,-0.1,0.2,00:00:00,0.0,1.1,-0.8,222.0
2025-05-27 14:38:20.439,0.5,nan,-0.1,0.1,00:00:00,0.0,0.9,-0.7,222.0
2025-05-27 14:38:21.442,0.4,nan,-0.1,0.2,00:00:00,0.0,0.7,-0.7,222.0
2025-05-27 14:38:22.440,0.4,nan,-0.1,0.3,00:00:00,0.0,0.7,-0.7,222.0
2025-05-27 14:38:23.444,0.4,nan,-0.1,0.3,00:00:00,0.0,0.8,-0.7,222.0
2025-05-27 14:38:24.441,0.5,nan,-0.0,0.1,00:00:00,0.0,0.9,-0.6,222.0
2025-05-27 14:38:25.441,0.6,nan,0.0,0.2,00:00:00,0.0,1.0,-0.6,223.0
2025-05-27 14:38:26.441,0.6,nan,0.0,0.3,00:00:00,0.0,1.1,-0.6,223.0
2025-05-27 14:38:27.439,0.6,nan,0.0,0.4,00:00:00,0.0,1.1,-0.6,223.0
2025-05-27 14:38:28.438,0.6,nan,0.0,0.5,00:00:00,0.0,1.1,-0.6,223.0
2025-05-27 14:38:29.442,0.7,nan,0.0,0.6,00:00:00,0.0,1.1,-0.6,223.0
2025-05-27 14:38:30.440,0.6,nan,0.0,0.5,00:00:00,0.0,1.0,-0.5,223.0
2025-05-27 14:38:31.439,0.6,nan,-0.0,0.4,00:00:00,0.0,0.8,-0.6,223.0
2025-05-27 14:38:32.440,0.6,nan,0.0,0.3,00:00:00,0.0,0.7,-0.6,223.0
2025-05-27 14:38:33.439,0.5,nan,-0.0,0.1,00:00:00,0.0,0.6,-0.6,222.0
2025-05-27 14:38:34.440,0.5,nan,-0.0,0.1,00:00:00,0.0,0.5,-0.5,223.0
2025-05-27 14:38:35.439,0.5,nan,0.0,0.1,00:00:00,0.0,0.5,-0.6,222.0
2025-05-27 14:38:36.438,0.6,nan,0.0,0.1,00:00:00,0.0,0.5,-0.6,222.0
2025-05-27 14:38:37.439,0.7,nan,0.0,0.0,00:00:00,0.0,0.6,-0.6,222.0
2025-05-27 14:38:38.439,0.7,nan,0.0,0.0,00:00:00,0.0,0.6,-0.6,222.0
2025-05-27 14:38:39.438,0.8,nan,0.0,0.0,00:00:00,0.0,0.5,-0.5,223.0
2025-05-27 14:38:40.442,0.9,nan,0.0,0.0,00:00:00,0.0,0.5,-0.5,223.0
2025-05-27 14:38:41.442,0.9,nan,0.1,0.0,00:00:00,0.0,1.1,-0.7,223.0
2025-05-27 14:38:42.440,1.1,nan,0.1,0.1,00:00:00,0.0,0.6,-0.7,222.0
2025-05-27 14:38:43.440,1.2,nan,0.1,0.2,00:00:00,0.0,0.6,-0.7,222.0
2025-05-27 14:38:44.440,1.2,nan,0.1,0.3,00:00:00,0.0,0.6,-0.7,223.0
2025-05-27 14:38:45.438,1.1,nan,0.0,0.4,00:00:00,0.0,0.6,-0.6,222.0
2025-05-27 14:38:46.438,1.1,nan,0.0,0.3,00:00:00,0.0,0.7,-0.6,222.0
2025-05-27 14:38:47.439,1.0,nan,0.0,0.3,00:00:00,0.0,0.8,-0.6,222.0
2025-05-27 14:38:48.440,0.9,nan,-0.0,0.2,00:00:00,0.0,0.9,-0.6,222.0
2025-05-27 14:38:49.440,0.8,nan,-0.0,0.2,00:00:00,0.0,1.0,-0.5,222.0
2025-05-27 14:38:50.442,0.8,nan,-0.0,0.2,00:00:00,0.0,1.0,-0.6,222.0
2025-05-27 14:38:51.441,0.8,nan,-0.0,0.2,00:00:00,0.0,1.0,-0.5,223.0
2025-05-27 14:38:52.442,0.8,nan,-0.0,0.2,00:00:00,0.0,1.1,-0.5,223.0
2025-05-27 14:38:53.438,0.8,nan,0.1,0.1,00:00:00,0.0,8.8,2.1,221.0
2025-05-27 14:38:54.448,0.9,nan,0.0,0.2,00:00:00,0.0,0.7,-1.4,218.0
2025-05-27 14:38:55.439,0.9,nan,0.1,0.1,00:00:00,0.0,0.9,-1.2,220.0
2025-05-27 14:38:56.438,0.9,nan,0.0,0.2,00:00:00,0.0,0.8,-1.3,220.0
2025-05-27 14:38:57.438,0.9,nan,0.0,0.3,00:00:00,0.0,0.8,-1.2,220.0
2025-05-27 14:38:58.439,1.0,nan,0.0,0.2,00:00:00,0.0,0.8,-1.1,220.0
2025-05-27 14:38:59.439,1.0,nan,0.0,0.2,00:00:00,0.0,1.0,-1.0,220.0
2025-05-27 14:39:00.440,1.0,nan,0.0,0.1,00:00:00,0.0,1.0,-0.8,220.0
2025-05-27 14:39:01.439,1.0,nan,0.0,0.1,00:00:00,0.0,1.0,-0.7,220.0
2025-05-27 14:39:02.441,1.0,nan,0.0,0.1,00:00:00,0.0,1.0,-0.7,220.0
2025-05-27 14:39:03.442,1.1,nan,0.0,0.1,00:00:00,0.0,1.0,-0.6,220.0
2025-05-27 14:39:04.439,1.1,nan,0.0,0.1,00:00:00,0.0,0.9,-0.6,220.0
2025-05-27 14:39:05.441,1.1,nan,0.0,0.0,00:00:00,0.0,0.9,-0.5,220.0
2025-05-27 14:39:06.438,1.0,nan,0.0,0.0,00:00:00,0.0,0.8,-0.5,220.0
2025-05-27 14:39:07.441,1.0,nan,0.0,0.0,00:00:00,0.0,0.8,-0.5,220.0
2025-05-27 14:39:08.441,0.9,nan,-0.0,0.0,00:00:00,0.0,0.8,-0.6,220.0
2025-05-27 14:39:09.440,0.8,nan,-0.0,0.0,00:00:00,0.0,0.8,-0.5,220.0
2025-05-27 14:39:10.440,0.8,nan,-0.0,0.0,00:00:00,0.0,0.8,-0.6,220.0
2025-05-27 14:39:11.439,0.7,nan,-0.0,0.0,00:00:00,0.0,0.9,-0.6,220.0
2025-05-27 14:39:12.440,0.6,nan,-0.0,0.0,00:00:00,0.0,0.9,-0.6,220.0
2025-05-27 14:39:13.438,0.6,nan,-0.0,0.0,00:00:00,0.0,0.9,-0.5,220.0
2025-05-27 14:39:14.442,0.6,nan,-0.1,0.1,00:00:00,0.0,0.9,-0.5,220.0
2025-05-27 14:39:15.439,0.6,nan,-0.0,0.1,00:00:00,0.0,0.9,-0.5,220.0
2025-05-27 14:39:16.440,0.6,nan,-0.0,0.1,00:00:00,0.0,0.9,-0.5,220.0
2025-05-27 14:39:17.439,0.5,nan,-0.0,0.1,00:00:00,0.0,0.9,-0.4,220.0
2025-05-27 14:39:18.439,0.6,nan,-0.0,0.1,00:00:00,0.0,0.8,-0.4,220.0
2025-05-27 14:39:19.441,0.7,nan,-0.0,0.0,00:00:00,0.0,0.8,-0.5,220.0
2025-05-27 14:39:20.438,0.7,nan,0.0,0.0,00:00:00,0.0,0.8,-0.5,220.0
2025-05-27 14:39:21.440,0.7,nan,0.0,0.0,00:00:00,0.0,0.8,-0.5,220.0
2025-05-27 14:39:22.438,0.8,nan,0.0,0.0,00:00:00,0.0,0.8,-0.5,220.0
2025-05-27 14:39:23.441,0.8,nan,0.0,0.0,00:00:00,0.0,0.8,-0.5,220.0
2025-05-27 14:39:24.439,0.8,nan,0.0,0.0,00:00:00,0.0,0.8,-0.6,220.0
2025-05-27 14:39:25.438,0.8,nan,0.0,0.1,00:00:00,0.0,0.9,-0.6,220.0
2025-05-27 14:39:26.440,0.8,nan,-0.0,0.0,00:00:00,0.0,0.9,-0.6,220.0
2025-05-27 14:39:27.440,0.8,nan,-0.0,0.0,00:00:00,0.0,0.9,-0.6,220.0
2025-05-27 14:39:28.442,0.8,nan,0.0,0.0,00:00:00,0.0,0.9,-0.5,220.0
2025-05-27 14:39:29.438,0.8,nan,-0.0,0.0,00:00:00,0.0,0.9,-0.5,220.0
2025-05-27 14:39:30.441,0.8,nan,-0.0,0.1,00:00:00,0.0,0.9,-0.6,220.0
2025-05-27 14:39:31.440,0.9,nan,0.0,0.1,00:00:00,0.0,0.9,-0.6,220.0
2025-05-27 14:39:32.440,0.9,nan,0.0,0.0,00:00:00,0.0,0.8,-0.6,220.0
2025-05-27 14:39:33.439,0.9,nan,-0.0,0.0,00:00:00,0.0,0.8,-0.6,220.0
2025-05-27 14:39:34.438,0.9,nan,0.0,0.1,00:00:00,0.0,0.8,-0.6,220.0
2025-05-27 14:39:35.438,0.9,nan,0.0,0.0,00:00:00,0.0,0.7,-0.5,220.0
2025-05-27 14:39:36.443,0.8,nan,0.0,0.0,00:00:00,0.0,0.7,-0.5,220.0
2025-05-27 14:39:37.441,0.8,nan,0.0,0.1,00:00:00,0.0,0.7,-0.5,220.0
2025-05-27 14:39:38.438,0.9,nan,0.0,0.1,00:00:00,0.0,0.7,-0.5,220.0
2025-05-27 14:39:39.439,0.9,nan,0.0,0.1,00:00:00,0.0,0.7,-0.5,220.0
2025-05-27 14:39:40.439,0.9,nan,-0.0,0.1,00:00:00,0.0,0.7,-0.5,220.0
2025-05-27 14:39:41.440,0.8,nan,-0.0,0.1,00:00:00,0.0,0.7,-0.6,220.0
2025-05-27 14:39:42.440,0.8,nan,-0.0,0.2,00:00:00,0.0,0.8,-0.6,220.0
2025-05-27 14:39:43.440,0.8,nan,-0.0,0.1,00:00:00,0.0,0.9,-0.6,220.0
2025-05-27 14:39:44.438,0.9,nan,0.0,0.1,00:00:00,0.0,0.9,-0.5,220.0
2025-05-27 14:39:45.438,1.0,nan,0.0,0.1,00:00:00,0.0,0.9,-0.5,220.0
2025-05-27 14:39:46.440,1.0,nan,0.0,0.1,00:00:00,0.0,0.9,-0.5,220.0
2025-05-27 14:39:47.440,0.9,nan,0.0,0.1,00:00:00,0.0,0.8,-0.5,220.0
2025-05-27 14:39:48.439,1.0,nan,0.0,0.1,00:00:00,0.0,0.8,-0.6,220.0
2025-05-27 14:39:49.438,1.0,nan,0.0,0.1,00:00:00,0.0,0.9,-0.5,220.0
2025-05-27 14:39:50.441,1.1,nan,0.0,0.1,00:00:00,0.0,1.0,-0.5,220.0
2025-05-27 14:39:51.438,1.2,nan,0.0,0.1,00:00:00,0.0,1.0,-0.5,220.0
2025-05-27 14:39:52.438,1.2,nan,0.0,0.1,00:00:00,0.0,1.1,-0.6,220.0
2025-05-27 14:39:53.442,1.2,nan,0.0,0.0,00:00:00,0.0,1.1,-0.6,220.0
2025-05-27 14:39:54.438,1.3,nan,0.0,0.1,00:00:00,0.0,1.0,-0.7,220.0
2025-05-27 14:39:55.439,1.4,nan,0.1,0.1,00:00:00,0.0,1.0,-0.6,220.0
2025-05-27 14:39:56.438,1.4,nan,0.0,0.1,00:00:00,0.0,1.0,-0.6,220.0
2025-05-27 14:39:57.442,1.4,nan,0.0,0.1,00:00:00,0.0,1.0,-0.6,220.0
2025-05-27 14:39:58.439,1.4,nan,0.0,0.1,00:00:00,0.0,1.0,-0.6,220.0
2025-05-27 14:39:59.442,1.4,nan,0.0,0.1,00:00:00,0.0,0.9,-0.5,220.0
2025-05-27 14:40:00.438,1.5,nan,0.0,0.1,00:00:00,0.0,0.9,-0.5,220.0
2025-05-27 14:40:01.438,1.5,nan,0.0,0.1,00:00:00,0.0,1.0,-0.5,220.0
2025-05-27 14:40:02.441,1.4,nan,-0.0,0.1,00:00:00,0.0,1.0,-0.5,220.0
2025-05-27 14:40:03.440,1.4,nan,-0.0,0.1,00:00:00,0.0,1.0,-0.5,220.0
2025-05-27 14:40:04.439,1.3,nan,-0.0,0.1,00:00:00,0.0,1.0,-0.5,220.0
2025-05-27 14:40:05.440,1.3,nan,-0.0,0.1,00:00:00,0.0,1.1,-0.5,220.0
2025-05-27 14:40:06.441,1.2,nan,-0.0,0.1,00:00:00,0.0,1.0,-0.5,220.0
2025-05-27 14:40:07.438,1.2,nan,-0.0,0.1,00:00:00,0.0,0.9,-0.5,220.0
2025-05-27 14:40:08.443,1.2,nan,-0.0,0.1,00:00:00,0.0,1.0,-0.6,220.0
2025-05-27 14:40:09.439,1.2,nan,-0.0,0.1,00:00:00,0.0,0.9,-0.6,220.0
2025-05-27 14:40:10.441,1.2,nan,-0.0,0.1,00:00:00,0.0,0.8,-0.6,220.0
2025-05-27 14:40:11.438,1.3,nan,0.0,0.1,00:00:00,0.0,0.8,-0.7,220.0
2025-05-27 14:40:12.441,1.3,nan,-0.0,0.1,00:00:00,0.0,0.8,-0.6,220.0
2025-05-27 14:40:13.441,1.3,nan,0.0,0.1,00:00:00,0.0,0.9,-0.6,220.0
2025-05-27 14:40:14.439,1.2,nan,-0.0,0.1,00:00:00,0.0,1.0,-0.6,220.0
2025-05-27 14:40:15.440,1.3,nan,-0.0,0.0,00:00:00,0.0,1.0,-0.6,220.0
2025-05-27 14:40:16.438,1.3,nan,-0.0,0.0,00:00:00,0.0,1.0,-0.6,220.0
2025-05-27 14:40:17.439,1.2,nan,-0.0,0.1,00:00:00,0.0,0.9,-0.6,220.0
2025-05-27 14:40:18.440,1.2,nan,-0.0,0.1,00:00:00,0.0,0.9,-0.6,220.0
2025-05-27 14:40:19.441,1.3,nan,0.0,0.1,00:00:00,0.0,0.9,-0.5,220.0
2025-05-27 14:40:20.442,1.2,nan,0.0,0.0,00:00:00,0.0,0.9,-0.4,220.0
2025-05-27 14:40:21.438,1.3,nan,-0.0,0.0,00:00:00,0.0,0.8,-0.4,220.0
2025-05-27 14:40:22.440,1.3,nan,-0.0,0.0,00:00:00,0.0,0.8,-0.4,220.0
2025-05-27 14:40:23.440,1.3,nan,-0.0,0.0,00:00:00,0.0,0.9,-0.4,220.0
2025-05-27 14:40:24.439,1.2,nan,-0.0,0.0,00:00:00,0.0,0.8,-0.5,220.0
2025-05-27 14:40:25.440,1.3,nan,-0.0,0.0,00:00:00,0.0,0.8,-0.5,220.0
2025-05-27 14:40:26.438,1.3,nan,0.0,0.1,00:00:00,0.0,0.8,-0.4,220.0
2025-05-27 14:40:27.442,1.4,nan,0.0,0.0,00:00:00,0.0,0.8,-0.4,220.0
2025-05-27 14:40:28.439,1.3,nan,-0.0,0.0,00:00:00,0.0,0.8,-0.5,220.0
2025-05-27 14:40:29.441,1.3,nan,-0.0,0.1,00:00:00,0.0,0.8,-0.5,220.0
2025-05-27 14:40:30.438,1.3,nan,-0.0,0.1,00:00:00,0.0,0.8,-0.5,220.0
2025-05-27 14:40:31.438,1.3,nan,-0.0,0.1,00:00:00,0.0,0.7,-0.5,220.0
2025-05-27 14:40:32.439,1.4,nan,0.0,0.1,00:00:00,0.0,0.7,-0.5,220.0
2025-05-27 14:40:33.440,1.3,nan,0.0,0.1,00:00:00,0.0,0.7,-0.6,220.0
2025-05-27 14:40:34.440,1.3,nan,0.0,0.1,00:00:00,0.0,0.7,-0.6,220.0
2025-05-27 14:40:35.439,1.3,nan,-0.0,0.0,00:00:00,0.0,0.7,-0.6,220.0
2025-05-27 14:40:36.441,1.3,nan,0.0,0.0,00:00:00,0.0,0.7,-0.6,220.0
2025-05-27 14:40:37.440,1.3,nan,0.0,0.0,00:00:00,0.0,0.7,-0.6,220.0
2025-05-27 14:40:38.440,1.3,nan,0.0,0.0,00:00:00,0.0,0.7,-0.6,220.0
2025-05-27 14:40:39.441,1.3,nan,0.0,0.0,00:00:00,0.0,0.7,-0.6,220.0
2025-05-27 14:40:40.440,1.3,nan,0.0,0.0,00:00:00,0.0,0.8,-0.6,220.0
2025-05-27 14:40:41.444,1.4,nan,0.0,0.0,00:00:00,0.0,0.8,-0.6,220.0
2025-05-27 14:40:42.439,1.3,nan,0.0,0.0,00:00:00,0.0,0.8,-0.6,220.0
2025-05-27 14:40:43.440,1.4,nan,0.0,0.0,00:00:00,0.0,0.8,-0.6,220.0
2025-05-27 14:40:44.438,1.4,nan,0.0,0.0,00:00:00,0.0,0.8,-0.5,220.0
2025-05-27 14:40:45.438,1.4,nan,0.0,0.0,00:00:00,0.0,0.8,-0.5,220.0
2025-05-27 14:40:46.439,1.4,nan,0.0,0.0,00:00:00,0.0,0.8,-0.4,220.0
2025-05-27 14:40:47.441,1.4,nan,0.0,0.0,00:00:00,0.0,0.8,-0.4,220.0
2025-05-27 14:40:48.439,1.4,nan,0.0,0.0,00:00:00,0.0,0.8,-0.4,220.0
2025-05-27 14:40:49.440,1.4,nan,0.0,0.0,00:00:00,0.0,0.8,-0.4,220.0
2025-05-27 14:40:50.438,1.4,nan,0.0,0.0,00:00:00,0.0,0.8,-0.4,220.0
2025-05-27 14:40:51.439,1.4,nan,0.0,0.0,00:00:00,0.0,0.8,-0.4,220.0
2025-05-27 14:40:52.438,1.4,nan,0.0,0.1,00:00:00,0.0,0.8,-0.5,220.0
2025-05-27 14:40:53.441,1.4,nan,-0.0,0.0,00:00:00,0.0,0.9,-0.5,220.0
2025-05-27 14:40:54.440,1.4,nan,-0.0,0.0,00:00:00,0.0,0.9,-0.6,220.0
2025-05-27 14:40:55.442,1.4,nan,0.0,0.0,00:00:00,0.0,0.9,-0.6,220.0
2025-05-27 14:40:56.438,1.4,nan,0.0,0.1,00:00:00,0.0,1.0,-0.6,220.0
2025-05-27 14:40:57.442,1.4,nan,0.0,0.0,00:00:00,0.0,0.9,-0.6,220.0
2025-05-27 14:40:58.442,1.4,nan,0.0,0.0,00:00:00,0.0,0.9,-0.7,220.0
2025-05-27 14:40:59.441,1.5,nan,0.0,0.0,00:00:00,0.0,0.9,-0.7,220.0
2025-05-27 14:41:00.438,1.5,nan,0.0,0.0,00:00:00,0.0,1.0,-0.7,220.0
2025-05-27 14:41:01.440,1.4,nan,-0.0,0.1,00:00:00,0.0,1.0,-0.8,220.0
2025-05-27 14:41:02.440,1.4,nan,-0.0,0.1,00:00:00,0.0,1.0,-0.7,220.0
2025-05-27 14:41:03.440,1.4,nan,0.0,0.1,00:00:00,0.0,1.0,-0.7,220.0
2025-05-27 14:41:04.440,1.3,nan,-0.0,0.1,00:00:00,0.0,0.8,-0.7,220.0
2025-05-27 14:41:05.441,1.3,nan,-0.0,0.1,00:00:00,0.0,0.9,-0.7,220.0
2025-05-27 14:41:06.441,1.3,nan,-0.0,0.1,00:00:00,0.0,0.9,-0.6,220.0
2025-05-27 14:41:07.439,1.3,nan,-0.0,0.1,00:00:00,0.0,0.8,-0.6,220.0
2025-05-27 14:41:08.441,1.5,nan,0.0,0.1,00:00:00,0.0,0.8,-0.6,220.0
2025-05-27 14:41:09.438,1.6,nan,0.0,0.1,00:00:00,0.0,0.8,-0.6,220.0
2025-05-27 14:41:10.441,1.7,nan,0.0,0.1,00:00:00,0.0,0.7,-0.6,220.0
2025-05-27 14:41:11.442,1.7,nan,0.0,0.1,00:00:00,0.0,0.8,-0.6,220.0
2025-05-27 14:41:12.438,1.8,nan,0.1,0.1,00:00:00,0.0,0.8,-0.6,220.0
2025-05-27 14:41:13.440,1.8,nan,0.0,0.1,00:00:00,0.0,0.8,-0.6,220.0
2025-05-27 14:41:14.438,1.7,nan,0.0,0.1,00:00:00,0.0,0.8,-0.6,220.0
2025-05-27 14:41:15.440,1.7,nan,0.0,0.1,00:00:00,0.0,0.8,-0.6,220.0
2025-05-27 14:41:16.439,1.6,nan,0.0,0.1,00:00:00,0.0,0.8,-0.6,220.0
2025-05-27 14:41:17.441,1.6,nan,0.0,0.1,00:00:00,0.0,0.9,-0.5,220.0
2025-05-27 14:41:18.440,1.6,nan,0.0,0.0,00:00:00,0.0,0.9,-0.5,220.0
2025-05-27 14:41:19.438,1.6,nan,0.0,0.0,00:00:00,0.0,0.9,-0.5,220.0
2025-05-27 14:41:20.438,1.5,nan,0.0,0.0,00:00:00,0.0,0.9,-0.5,220.0
2025-05-27 14:41:21.441,1.5,nan,0.0,0.0,00:00:00,0.0,0.9,-0.5,220.0
2025-05-27 14:41:22.443,1.5,nan,-0.0,0.0,00:00:00,0.0,1.0,-0.5,220.0
2025-05-27 14:41:23.442,1.4,nan,-0.0,0.0,00:00:00,0.0,0.9,-0.5,220.0
2025-05-27 14:41:24.438,1.4,nan,-0.0,0.0,00:00:00,0.0,0.9,-0.5,220.0
2025-05-27 14:41:25.440,1.5,nan,0.0,0.1,00:00:00,0.0,0.8,-0.4,220.0
2025-05-27 14:41:26.440,1.5,nan,0.0,0.1,00:00:00,0.0,0.8,-0.4,220.0
2025-05-27 14:41:27.441,1.4,nan,0.0,0.1,00:00:00,0.0,0.8,-0.5,220.0
2025-05-27 14:41:28.441,1.3,nan,-0.0,0.1,00:00:00,0.0,0.8,-0.5,220.0
2025-05-27 14:41:29.440,1.3,nan,0.0,0.1,00:00:00,0.0,0.9,-0.5,220.0
2025-05-27 14:41:30.438,1.4,nan,0.0,0.1,00:00:00,0.0,0.7,-0.7,220.0
2025-05-27 14:41:31.440,1.4,nan,0.0,0.1,00:00:00,0.0,0.8,-0.6,220.0
2025-05-27 14:41:32.440,1.4,nan,0.0,0.1,00:00:00,0.0,0.9,-0.6,220.0
2025-05-27 14:41:33.442,1.4,nan,0.0,0.1,00:00:00,0.0,0.9,-0.5,220.0
2025-05-27 14:41:34.439,1.5,nan,0.0,0.2,00:00:00,0.0,0.8,-0.6,220.0
2025-05-27 14:41:35.439,1.5,nan,0.1,0.2,00:00:00,0.0,0.8,-0.5,220.0
2025-05-27 14:41:36.438,1.5,nan,0.0,0.3,00:00:00,0.0,0.7,-0.5,220.0
2025-05-27 14:41:37.438,1.5,nan,0.0,0.2,00:00:00,0.0,0.7,-0.5,220.0
2025-05-27 14:41:38.441,1.6,nan,0.0,0.2,00:00:00,0.0,0.9,-0.5,220.0
2025-05-27 14:41:39.439,1.6,nan,-0.0,0.1,00:00:00,0.0,0.9,-0.6,220.0
2025-05-27 14:41:40.438,1.6,nan,0.0,0.1,00:00:00,0.0,0.9,-0.5,220.0
2025-05-27 14:41:41.438,1.8,nan,0.0,0.1,00:00:00,0.0,0.9,-0.5,220.0
2025-05-27 14:41:42.441,1.8,nan,0.0,0.1,00:00:00,0.0,1.0,-0.6,220.0
2025-05-27 14:41:43.440,1.7,nan,0.0,0.2,00:00:00,0.0,1.0,-0.6,220.0
2025-05-27 14:41:44.440,1.7,nan,0.0,0.2,00:00:00,0.0,1.0,-0.6,220.0
2025-05-27 14:41:45.440,1.7,nan,0.0,0.2,00:00:00,0.0,1.0,-0.6,220.0
2025-05-27 14:41:46.441,1.7,nan,-0.0,0.1,00:00:00,0.0,1.1,-0.6,220.0
2025-05-27 14:41:47.440,1.6,nan,0.0,0.1,00:00:00,0.0,1.0,-0.6,220.0
2025-05-27 14:41:48.441,1.7,nan,0.0,0.2,00:00:00,0.0,1.1,-0.5,220.0
2025-05-27 14:41:49.439,1.7,nan,0.0,0.1,00:00:00,0.0,1.1,-0.5,220.0
2025-05-27 14:41:50.440,1.6,nan,0.0,0.2,00:00:00,0.0,1.0,-0.6,220.0
2025-05-27 14:41:51.439,1.6,nan,0.0,0.1,00:00:00,0.0,1.0,-0.6,220.0
2025-05-27 14:41:52.440,1.7,nan,0.0,0.1,00:00:00,0.0,1.2,-0.5,220.0
2025-05-27 14:41:53.439,1.7,nan,0.0,0.2,00:00:00,0.0,1.3,-0.5,220.0
2025-05-27 14:41:54.441,1.7,nan,0.0,0.1,00:00:00,0.0,1.1,-0.6,220.0
2025-05-27 14:41:55.442,1.6,nan,0.0,0.0,00:00:00,0.0,1.1,-0.6,220.0
2025-05-27 14:41:56.440,1.6,nan,0.0,0.0,00:00:00,0.0,1.1,-0.6,220.0
2025-05-27 14:41:57.438,1.6,nan,0.0,0.0,00:00:00,0.0,1.1,-0.7,220.0
2025-05-27 14:41:58.441,1.7,nan,0.0,0.0,00:00:00,0.0,1.0,-0.7,220.0
2025-05-27 14:41:59.443,1.7,nan,0.0,0.1,00:00:00,0.0,1.0,-0.6,220.0
2025-05-27 14:42:00.441,1.8,nan,0.0,0.1,00:00:00,0.0,0.9,-0.7,220.0
2025-05-27 14:42:01.440,1.8,nan,0.0,0.1,00:00:00,0.0,1.1,-0.7,220.0
2025-05-27 14:42:02.438,1.8,nan,0.0,0.0,00:00:00,0.0,1.1,-0.6,220.0
2025-05-27 14:42:03.439,1.9,nan,0.0,0.1,00:00:00,0.0,1.2,-0.6,220.0
2025-05-27 14:42:04.440,1.9,nan,0.0,0.1,00:00:00,0.0,1.3,-0.6,220.0
2025-05-27 14:42:05.438,1.8,nan,0.0,0.1,00:00:00,0.0,1.2,-0.7,220.0
2025-05-27 14:42:06.440,1.8,nan,0.0,0.1,00:00:00,0.0,1.1,-0.7,220.0
2025-05-27 14:42:07.441,1.8,nan,0.0,0.1,00:00:00,0.0,1.1,-0.7,220.0
2025-05-27 14:42:08.440,1.8,nan,0.0,0.1,00:00:00,0.0,1.0,-1.0,220.0
2025-05-27 14:42:09.440,1.8,nan,0.0,0.1,00:00:00,0.0,1.1,-0.8,220.0
2025-05-27 14:42:10.441,1.7,nan,-0.0,0.1,00:00:00,0.0,1.1,-0.7,220.0
2025-05-27 14:42:11.442,1.8,nan,0.0,0.1,00:00:00,0.0,1.2,-0.7,220.0
2025-05-27 14:42:12.441,1.8,nan,-0.0,0.1,00:00:00,0.0,1.2,-0.7,220.0
2025-05-27 14:42:13.439,1.7,nan,-0.0,0.1,00:00:00,0.0,1.2,-0.7,220.0
2025-05-27 14:42:14.442,1.7,nan,-0.0,0.1,00:00:00,0.0,1.1,-0.6,220.0
2025-05-27 14:42:15.441,1.7,nan,0.0,0.2,00:00:00,0.0,1.1,-0.6,220.0
2025-05-27 14:42:16.439,1.8,nan,0.0,0.2,00:00:00,0.0,1.1,-0.6,220.0
2025-05-27 14:42:17.442,1.8,nan,0.0,0.1,00:00:00,0.0,1.1,-0.6,220.0
2025-05-27 14:42:18.440,1.8,nan,-0.0,0.1,00:00:00,0.0,1.0,-0.6,220.0
2025-05-27 14:42:19.438,1.7,nan,-0.0,0.0,00:00:00,0.0,0.9,-0.6,220.0
2025-05-27 14:42:20.441,1.7,nan,-0.0,0.0,00:00:00,0.0,0.9,-0.5,220.0
2025-05-27 14:42:21.439,1.8,nan,0.0,0.0,00:00:00,0.0,0.9,-0.6,220.0
2025-05-27 14:42:22.442,1.8,nan,0.0,0.1,00:00:00,0.0,1.0,-0.5,220.0
2025-05-27 14:42:23.438,1.9,nan,0.0,0.1,00:00:00,0.0,1.0,-0.6,220.0
2025-05-27 14:42:24.438,1.9,nan,0.0,0.1,00:00:00,0.0,1.0,-0.6,220.0
2025-05-27 14:42:25.439,1.8,nan,0.0,0.1,00:00:00,0.0,1.0,-0.6,220.0
2025-05-27 14:42:26.441,1.8,nan,-0.0,0.1,00:00:00,0.0,1.0,-0.6,220.0
2025-05-27 14:42:27.441,1.8,nan,-0.0,0.1,00:00:00,0.0,0.9,-0.6,220.0
2025-05-27 14:42:28.438,1.8,nan,-0.0,0.1,00:00:00,0.0,0.9,-0.5,220.0
2025-05-27 14:42:29.438,1.8,nan,-0.0,0.1,00:00:00,0.0,0.9,-0.5,220.0
2025-05-27 14:42:30.438,1.7,nan,-0.0,0.0,00:00:00,0.0,0.9,-0.5,220.0
2025-05-27 14:42:31.440,1.7,nan,-0.0,0.0,00:00:00,0.0,0.9,-0.4,220.0
2025-05-27 14:42:32.440,1.7,nan,-0.0,0.1,00:00:00,0.0,0.9,-0.5,220.0
2025-05-27 14:42:33.439,1.7,nan,-0.0,0.1,00:00:00,0.0,0.9,-0.5,220.0
2025-05-27 14:42:34.438,1.7,nan,-0.0,0.1,00:00:00,0.0,0.9,-0.4,220.0
2025-05-27 14:42:35.438,1.7,nan,0.0,0.1,00:00:00,0.0,1.0,-0.4,220.0
2025-05-27 14:42:36.438,1.7,nan,0.0,0.0,00:00:00,0.0,1.0,-0.3,220.0
2025-05-27 14:42:37.438,1.7,nan,0.0,0.0,00:00:00,0.0,0.9,-0.3,220.0
2025-05-27 14:42:38.438,1.7,nan,0.0,0.0,00:00:00,0.0,0.9,-0.3,220.0
2025-05-27 14:42:39.438,1.7,nan,0.0,0.1,00:00:00,0.0,1.0,-0.3,220.0
2025-05-27 14:42:40.438,1.8,nan,0.0,0.1,00:00:00,0.0,1.1,-0.4,220.0
2025-05-27 14:42:41.439,1.8,nan,0.0,0.0,00:00:00,0.0,1.0,-0.4,220.0
2025-05-27 14:42:42.440,1.8,nan,0.0,0.0,00:00:00,0.0,1.0,-0.4,220.0
2025-05-27 14:42:43.439,1.8,nan,0.0,0.1,00:00:00,0.0,1.0,-0.5,220.0
2025-05-27 14:42:44.442,1.8,nan,0.0,0.1,00:00:00,0.0,1.1,-0.5,220.0
2025-05-27 14:42:45.441,1.8,nan,0.0,0.1,00:00:00,0.0,1.1,-0.6,220.0
2025-05-27 14:42:46.438,1.8,nan,-0.0,0.0,00:00:00,0.0,1.0,-0.5,220.0
2025-05-27 14:42:47.439,1.8,nan,0.0,0.0,00:00:00,0.0,1.0,-0.5,220.0
2025-05-27 14:42:48.440,1.8,nan,0.0,0.1,00:00:00,0.0,1.2,-0.0,206.0
2025-05-27 14:42:49.438,1.8,nan,-0.0,0.2,00:00:00,0.0,0.7,-0.6,203.0
2025-05-27 14:42:50.438,1.8,nan,0.0,0.2,00:00:00,0.0,0.8,-0.6,203.0
2025-05-27 14:42:51.441,1.9,nan,0.0,0.3,00:00:00,0.0,0.8,-0.6,203.0
2025-05-27 14:42:52.439,2.0,nan,0.0,0.2,00:00:00,0.0,0.9,-0.6,203.0
2025-05-27 14:42:53.438,2.0,nan,0.0,0.2,00:00:00,0.0,0.9,-0.6,203.0
2025-05-27 14:42:54.441,2.0,nan,0.0,0.2,00:00:00,0.0,0.9,-0.6,203.0
2025-05-27 14:42:55.438,2.0,nan,0.0,0.1,00:00:00,0.0,0.9,-0.5,203.0
2025-05-27 14:42:56.438,2.1,nan,0.0,0.1,00:00:00,0.0,0.9,-0.5,203.0
2025-05-27 14:42:57.438,2.2,nan,0.0,0.0,00:00:00,0.0,0.9,-0.5,203.0
2025-05-27 14:42:58.439,2.1,nan,0.0,0.0,00:00:00,0.0,0.9,-0.5,203.0
2025-05-27 14:42:59.439,2.0,nan,0.0,0.1,00:00:00,0.0,1.0,-0.4,203.0
2025-05-27 14:43:00.441,2.0,nan,-0.0,0.2,00:00:00,0.0,1.0,-0.4,203.0
2025-05-27 14:43:01.440,2.0,nan,0.0,0.2,00:00:00,0.0,1.0,-0.4,203.0
2025-05-27 14:43:02.438,2.0,nan,0.0,0.2,00:00:00,0.0,1.0,-0.4,203.0
2025-05-27 14:43:03.441,2.0,nan,0.0,0.2,00:00:00,0.0,0.9,-0.5,203.0
2025-05-27 14:43:04.441,2.0,nan,0.0,0.2,00:00:00,0.0,0.9,-0.6,203.0
2025-05-27 14:43:05.441,2.1,nan,0.0,0.2,00:00:00,0.0,0.8,-0.5,203.0
2025-05-27 14:43:06.438,2.2,nan,0.1,0.2,00:00:00,0.0,0.8,-0.5,203.0
2025-05-27 14:43:07.441,2.1,nan,0.0,0.2,00:00:00,0.0,0.8,-0.5,203.0
2025-05-27 14:43:08.442,2.0,nan,0.0,0.1,00:00:00,0.0,0.8,-0.6,203.0
2025-05-27 14:43:09.438,2.0,nan,0.0,0.1,00:00:00,0.0,0.7,-0.6,203.0
2025-05-27 14:43:10.438,2.0,nan,0.0,0.2,00:00:00,0.0,0.8,-0.6,203.0
2025-05-27 14:43:11.442,2.1,nan,0.0,0.3,00:00:00,0.0,0.9,-0.6,203.0
2025-05-27 14:43:12.438,2.0,nan,0.0,0.2,00:00:00,0.0,0.8,-0.6,203.0
2025-05-27 14:43:13.441,2.0,nan,0.0,0.3,00:00:00,0.0,0.8,-0.6,203.0
2025-05-27 14:43:14.439,1.9,nan,-0.0,0.2,00:00:00,0.0,0.6,-0.6,203.0
2025-05-27 14:43:15.442,1.8,nan,-0.0,0.2,00:00:00,0.0,0.6,-0.6,203.0
2025-05-27 14:43:16.439,1.7,nan,-0.0,0.1,00:00:00,0.0,0.5,-0.6,204.0
2025-05-27 14:43:17.440,1.7,nan,-0.0,0.2,00:00:00,0.0,0.5,-0.6,204.0
2025-05-27 14:43:18.441,1.6,nan,-0.0,0.1,00:00:00,0.0,0.5,-0.5,204.0
2025-05-27 14:43:19.442,1.6,nan,-0.0,0.1,00:00:00,0.0,0.5,-0.6,204.0
2025-05-27 14:43:20.438,1.6,nan,0.0,0.1,00:00:00,0.0,0.5,-0.5,204.0
2025-05-27 14:43:21.438,1.7,nan,-0.0,0.2,00:00:00,0.0,0.5,-0.5,204.0
2025-05-27 14:43:22.442,1.7,nan,-0.0,0.1,00:00:00,0.0,0.5,-0.5,204.0
2025-05-27 14:43:23.442,1.6,nan,-0.0,0.1,00:00:00,0.0,0.5,-0.5,204.0
2025-05-27 14:43:24.443,1.6,nan,-0.0,0.1,00:00:00,0.0,0.6,-0.5,204.0
2025-05-27 14:43:25.442,1.5,nan,-0.0,0.1,00:00:00,0.0,0.6,-0.5,204.0
2025-05-27 14:43:26.439,1.5,nan,-0.0,0.1,00:00:00,0.0,0.6,-0.5,204.0
2025-05-27 14:43:27.438,1.3,nan,-0.1,0.1,00:00:00,0.0,0.6,-0.5,204.0
2025-05-27 14:43:28.439,1.3,nan,-0.1,0.0,00:00:00,0.0,0.6,-0.5,204.0
2025-05-27 14:43:29.441,1.3,nan,-0.1,0.0,00:00:00,0.0,0.6,-0.5,204.0
2025-05-27 14:43:30.441,1.2,nan,-0.1,0.1,00:00:00,0.0,0.6,-0.5,204.0
2025-05-27 14:43:31.442,1.3,nan,-0.0,0.1,00:00:00,0.0,0.7,-0.5,204.0
2025-05-27 14:43:32.438,1.3,nan,-0.0,0.1,00:00:00,0.0,0.7,-0.5,204.0
2025-05-27 14:43:33.440,1.3,nan,-0.0,0.1,00:00:00,0.0,0.7,-0.5,204.0
2025-05-27 14:43:34.441,1.4,nan,-0.0,0.0,00:00:00,0.0,0.8,-0.5,204.0
2025-05-27 14:43:35.439,1.3,nan,-0.0,0.1,00:00:00,0.0,0.8,-0.5,204.0
2025-05-27 14:43:36.440,1.3,nan,-0.0,0.1,00:00:00,0.0,0.8,-0.5,204.0
2025-05-27 14:43:37.439,1.4,nan,-0.0,0.1,00:00:00,0.0,0.7,-0.5,204.0
2025-05-27 14:43:38.439,1.5,nan,-0.0,0.0,00:00:00,0.0,0.8,-0.5,204.0
2025-05-27 14:43:39.441,1.5,nan,-0.0,0.0,00:00:00,0.0,0.8,-0.5,204.0
2025-05-27 14:43:40.441,1.4,nan,-0.0,0.1,00:00:00,0.0,0.8,-0.5,204.0
2025-05-27 14:43:41.443,1.5,nan,0.0,0.1,00:00:00,0.0,0.8,-0.4,204.0
2025-05-27 14:43:42.440,1.5,nan,0.0,0.1,00:00:00,0.0,0.8,-0.4,204.0
2025-05-27 14:43:43.440,1.5,nan,0.0,0.1,00:00:00,0.0,0.8,-0.4,204.0
2025-05-27 14:43:44.440,1.5,nan,-0.0,0.1,00:00:00,0.0,0.8,-0.4,204.0
2025-05-27 14:43:45.438,1.5,nan,-0.0,0.2,00:00:00,0.0,0.8,-0.4,204.0
2025-05-27 14:43:46.442,1.6,nan,0.0,0.2,00:00:00,0.0,0.7,-0.5,204.0
2025-05-27 14:43:47.442,1.6,nan,0.0,0.2,00:00:00,0.0,0.8,-0.5,204.0
2025-05-27 14:43:48.440,1.7,nan,0.0,0.2,00:00:00,0.0,0.7,-0.5,204.0
2025-05-27 14:43:49.440,1.7,nan,0.0,0.2,00:00:00,0.0,0.7,-0.5,204.0
2025-05-27 14:43:50.439,1.7,nan,0.0,0.2,00:00:00,0.0,0.7,-0.5,204.0
2025-05-27 14:43:51.440,1.7,nan,0.0,0.1,00:00:00,0.0,0.7,-0.6,204.0
2025-05-27 14:43:52.441,1.7,nan,0.0,0.1,00:00:00,0.0,0.7,-0.6,204.0
2025-05-27 14:43:53.441,1.7,nan,0.0,0.1,00:00:00,0.0,0.7,-0.6,204.0
2025-05-27 14:43:54.439,1.8,nan,0.0,0.1,00:00:00,0.0,0.7,-0.6,204.0
2025-05-27 14:43:55.438,1.8,nan,0.0,0.1,00:00:00,0.0,0.6,-0.6,204.0
2025-05-27 14:43:56.439,1.8,nan,0.0,0.1,00:00:00,0.0,0.6,-0.6,204.0
2025-05-27 14:43:57.439,1.8,nan,0.0,0.1,00:00:00,0.0,0.7,-0.6,204.0
2025-05-27 14:43:58.440,1.8,nan,-0.0,0.1,00:00:00,0.0,0.7,-0.6,204.0
2025-05-27 14:43:59.441,1.8,nan,0.0,0.1,00:00:00,0.0,0.7,-0.6,204.0
2025-05-27 14:44:00.438,1.8,nan,-0.0,0.1,00:00:00,0.0,0.7,-0.6,204.0
2025-05-27 14:44:01.440,1.7,nan,-0.0,0.1,00:00:00,0.0,0.7,-0.6,204.0
2025-05-27 14:44:02.440,1.6,nan,-0.0,0.1,00:00:00,0.0,0.7,-0.6,204.0
2025-05-27 14:44:03.444,1.6,nan,-0.0,0.1,00:00:00,0.0,0.7,-0.6,204.0
2025-05-27 14:44:04.438,1.6,nan,-0.1,0.1,00:00:00,0.0,0.7,-0.6,204.0
2025-05-27 14:44:05.440,1.6,nan,-0.0,0.1,00:00:00,0.0,0.7,-0.6,204.0
2025-05-27 14:44:06.439,1.6,nan,-0.0,0.1,00:00:00,0.0,0.6,-0.5,204.0
2025-05-27 14:44:07.440,1.6,nan,-0.0,0.1,00:00:00,0.0,0.7,-0.5,204.0
2025-05-27 14:44:08.438,1.6,nan,-0.0,0.1,00:00:00,0.0,0.7,-0.5,204.0
2025-05-27 14:44:09.439,1.6,nan,-0.0,0.1,00:00:00,0.0,0.7,-0.5,204.0
2025-05-27 14:44:10.442,1.6,nan,-0.0,0.0,00:00:00,0.0,0.7,-0.4,204.0
2025-05-27 14:44:11.438,1.7,nan,0.0,0.0,00:00:00,0.0,0.8,-0.4,204.0
2025-05-27 14:44:12.439,1.7,nan,0.0,0.0,00:00:00,0.0,0.8,-0.4,204.0
2025-05-27 14:44:13.439,1.7,nan,-0.0,0.0,00:00:00,0.0,0.8,-0.4,204.0
2025-05-27 14:44:14.439,1.7,nan,-0.0,0.1,00:00:00,0.0,0.8,-0.5,204.0
2025-05-27 14:44:15.439,1.6,nan,-0.0,0.1,00:00:00,0.0,0.9,-0.5,204.0
2025-05-27 14:44:16.442,1.6,nan,-0.0,0.1,00:00:00,0.0,0.8,-0.5,204.0
2025-05-27 14:44:17.439,1.5,nan,-0.0,0.0,00:00:00,0.0,0.8,-0.5,204.0
2025-05-27 14:44:18.441,1.5,nan,-0.0,0.0,00:00:00,0.0,0.8,-0.5,204.0
2025-05-27 14:44:19.439,1.5,nan,-0.0,0.0,00:00:00,0.0,0.8,-0.5,204.0
2025-05-27 14:44:20.442,1.5,nan,-0.0,0.0,00:00:00,0.0,0.8,-0.6,204.0
2025-05-27 14:44:21.439,1.5,nan,-0.0,0.1,00:00:00,0.0,0.8,-0.6,204.0
2025-05-27 14:44:22.439,1.4,nan,-0.0,0.1,00:00:00,0.0,0.8,-0.6,204.0
2025-05-27 14:44:23.439,1.4,nan,-0.0,0.1,00:00:00,0.0,0.8,-0.7,204.0
2025-05-27 14:44:24.441,1.4,nan,-0.0,0.1,00:00:00,0.0,0.8,-0.7,204.0
2025-05-27 14:44:25.439,1.4,nan,-0.0,0.1,00:00:00,0.0,0.8,-0.7,204.0
2025-05-27 14:44:26.440,1.5,nan,-0.0,0.1,00:00:00,0.0,0.9,-0.6,204.0
2025-05-27 14:44:27.442,1.4,nan,-0.0,0.1,00:00:00,0.0,0.9,-0.6,204.0
2025-05-27 14:44:28.439,1.5,nan,-0.0,0.1,00:00:00,0.0,0.9,-0.5,204.0
2025-05-27 14:44:29.439,1.5,nan,0.0,0.1,00:00:00,0.0,0.9,-0.5,204.0
2025-05-27 14:44:30.440,1.5,nan,0.0,0.1,00:00:00,0.0,1.0,-0.5,204.0
2025-05-27 14:44:31.439,1.5,nan,0.0,0.1,00:00:00,0.0,0.9,-0.5,204.0
2025-05-27 14:44:32.440,1.6,nan,0.0,0.2,00:00:00,0.0,1.0,-0.4,204.0
2025-05-27 14:44:33.438,1.6,nan,-0.0,0.2,00:00:00,0.0,1.0,-0.4,204.0
2025-05-27 14:44:34.440,1.6,nan,-0.0,0.1,00:00:00,0.0,0.9,-0.4,204.0
2025-05-27 14:44:35.440,1.6,nan,-0.0,0.1,00:00:00,0.0,0.8,-0.4,203.0
2025-05-27 14:44:36.439,1.5,nan,-0.0,0.0,00:00:00,0.0,0.6,-0.5,203.0
2025-05-27 14:44:37.440,1.5,nan,-0.0,0.0,00:00:00,0.0,0.7,-0.4,203.0
2025-05-27 14:44:38.441,1.5,nan,0.0,0.0,00:00:00,0.0,0.6,-0.4,203.0
2025-05-27 14:44:39.440,1.5,nan,-0.0,0.0,00:00:00,0.0,0.7,-0.4,203.0
2025-05-27 14:44:40.440,1.5,nan,0.0,0.1,00:00:00,0.0,0.8,-0.4,203.0
2025-05-27 14:44:41.439,1.5,nan,0.0,0.1,00:00:00,0.0,0.8,-0.4,203.0
2025-05-27 14:44:42.441,1.5,nan,0.0,0.1,00:00:00,0.0,0.9,-0.4,203.0
2025-05-27 14:44:43.441,1.6,nan,0.0,0.2,00:00:00,0.0,0.9,-0.4,203.0
2025-05-27 14:44:44.441,1.5,nan,-0.0,0.1,00:00:00,0.0,0.9,-0.4,203.0
2025-05-27 14:44:45.440,1.5,nan,-0.0,0.1,00:00:00,0.0,0.9,-0.4,204.0
2025-05-27 14:44:46.441,1.5,nan,-0.0,0.1,00:00:00,0.0,0.8,-0.5,203.0
2025-05-27 14:44:47.441,1.4,nan,-0.0,0.1,00:00:00,0.0,0.7,-0.5,203.0
2025-05-27 14:44:48.438,1.4,nan,-0.0,0.0,00:00:00,0.0,0.6,-0.5,203.0
2025-05-27 14:44:49.444,1.4,nan,-0.0,0.0,00:00:00,0.0,0.7,-0.5,203.0
2025-05-27 14:44:50.440,1.4,nan,-0.0,0.1,00:00:00,0.0,0.8,-0.5,203.0
2025-05-27 14:44:51.438,1.4,nan,-0.0,0.2,00:00:00,0.0,0.9,-0.4,203.0
2025-05-27 14:44:52.441,1.4,nan,-0.0,0.2,00:00:00,0.0,0.9,-0.5,204.0
2025-05-27 14:44:53.442,1.5,nan,0.0,0.1,00:00:00,0.0,0.8,-0.5,204.0
2025-05-27 14:44:54.440,1.5,nan,0.0,0.0,00:00:00,0.0,0.8,-0.6,204.0
2025-05-27 14:44:55.438,1.5,nan,0.0,0.1,00:00:00,0.0,0.7,-0.5,204.0
2025-05-27 14:44:56.440,1.6,nan,0.0,0.1,00:00:00,0.0,0.7,-0.5,204.0
2025-05-27 14:44:57.442,1.4,nan,-0.0,0.1,00:00:00,0.0,0.8,-0.5,204.0
2025-05-27 14:44:58.438,1.4,nan,-0.0,0.1,00:00:00,0.0,0.8,-0.5,204.0
2025-05-27 14:44:59.439,1.4,nan,-0.0,0.1,00:00:00,0.0,0.8,-0.6,204.0
2025-05-27 14:45:00.441,1.4,nan,-0.0,0.1,00:00:00,0.0,0.8,-0.5,204.0
2025-05-27 14:45:01.440,1.4,nan,-0.0,0.1,00:00:00,0.0,0.8,-0.5,203.0
2025-05-27 14:45:02.441,1.4,nan,0.0,0.1,00:00:00,0.0,0.8,-0.5,203.0
2025-05-27 14:45:03.439,1.5,nan,0.0,0.1,00:00:00,0.0,0.9,-0.5,203.0
2025-05-27 14:45:04.440,1.5,nan,0.0,0.1,00:00:00,0.0,0.9,-0.5,203.0
2025-05-27 14:45:05.441,1.5,nan,0.0,0.1,00:00:00,0.0,0.9,-0.4,203.0
2025-05-27 14:45:06.438,1.5,nan,0.0,0.0,00:00:00,0.0,0.9,-0.4,203.0
2025-05-27 14:45:07.439,1.6,nan,0.0,0.1,00:00:00,0.0,1.0,-0.4,203.0
2025-05-27 14:45:08.438,1.6,nan,0.0,0.1,00:00:00,0.0,1.0,-0.4,204.0
2025-05-27 14:45:09.441,1.7,nan,0.0,0.1,00:00:00,0.0,0.9,-0.4,204.0
2025-05-27 14:45:10.439,1.6,nan,0.0,0.0,00:00:00,0.0,0.9,-0.5,204.0
2025-05-27 14:45:11.438,1.5,nan,-0.0,0.0,00:00:00,0.0,0.9,-0.5,204.0
2025-05-27 14:45:12.438,1.4,nan,-0.0,0.0,00:00:00,0.0,0.8,-0.5,204.0
2025-05-27 14:45:13.438,1.4,nan,-0.0,0.0,00:00:00,0.0,0.9,-0.5,204.0
2025-05-27 14:45:14.440,1.4,nan,-0.0,0.1,00:00:00,0.0,1.0,-0.5,204.0
2025-05-27 14:45:15.439,1.4,nan,0.0,0.1,00:00:00,0.0,1.0,-0.5,203.0
2025-05-27 14:45:16.442,1.4,nan,0.0,0.1,00:00:00,0.0,1.0,-0.5,203.0
2025-05-27 14:45:17.440,1.5,nan,0.0,0.1,00:00:00,0.0,0.9,-0.6,203.0
2025-05-27 14:45:18.440,1.4,nan,-0.0,0.1,00:00:00,0.0,0.8,-0.7,203.0
2025-05-27 14:45:19.439,1.4,nan,0.0,0.1,00:00:00,0.0,0.8,-0.6,203.0
2025-05-27 14:45:20.440,1.4,nan,-0.0,0.1,00:00:00,0.0,0.9,-0.5,203.0
2025-05-27 14:45:21.438,1.3,nan,-0.0,0.2,00:00:00,0.0,1.0,-0.4,203.0
2025-05-27 14:45:22.441,1.3,nan,-0.0,0.2,00:00:00,0.0,1.0,-0.4,203.0
2025-05-27 14:45:23.438,1.3,nan,-0.0,0.2,00:00:00,0.0,0.9,-0.5,203.0
2025-05-27 14:45:24.439,1.3,nan,-0.0,0.1,00:00:00,0.0,0.9,-0.5,203.0
2025-05-27 14:45:25.440,1.3,nan,-0.0,0.1,00:00:00,0.0,0.8,-0.5,203.0
2025-05-27 14:45:26.439,1.4,nan,0.0,0.2,00:00:00,0.0,0.9,-0.5,203.0
2025-05-27 14:45:27.441,1.4,nan,0.0,0.1,00:00:00,0.0,0.8,-0.5,203.0
2025-05-27 14:45:28.438,1.5,nan,0.0,0.2,00:00:00,0.0,0.8,-0.5,203.0
2025-05-27 14:45:29.441,1.4,nan,0.0,0.1,00:00:00,0.0,0.7,-0.5,203.0
2025-05-27 14:45:30.439,1.5,nan,0.0,0.1,00:00:00,0.0,0.8,-0.5,203.0
2025-05-27 14:45:31.440,1.6,nan,0.0,0.1,00:00:00,0.0,0.7,-0.5,203.0
2025-05-27 14:45:32.442,1.7,nan,0.1,0.2,00:00:00,0.0,0.9,-0.5,203.0
2025-05-27 14:45:33.440,1.7,nan,0.0,0.1,00:00:00,0.0,0.8,-0.5,203.0
2025-05-27 14:45:34.439,1.6,nan,0.0,0.1,00:00:00,0.0,0.7,-0.6,203.0
2025-05-27 14:45:35.439,1.6,nan,-0.0,0.1,00:00:00,0.0,0.7,-0.6,203.0
2025-05-27 14:45:36.441,1.6,nan,0.0,0.0,00:00:00,0.0,0.7,-0.6,203.0
2025-05-27 14:45:37.441,1.6,nan,0.0,0.1,00:00:00,0.0,0.6,-0.6,203.0
2025-05-27 14:45:38.439,1.5,nan,-0.0,0.0,00:00:00,0.0,0.6,-0.5,203.0
2025-05-27 14:45:39.438,1.4,nan,-0.0,0.1,00:00:00,0.0,0.5,-0.5,203.0
2025-05-27 14:45:40.439,1.4,nan,-0.0,0.1,00:00:00,0.0,0.5,-0.5,203.0
2025-05-27 14:45:41.440,1.4,nan,-0.0,0.0,00:00:00,0.0,0.6,-0.5,203.0
2025-05-27 14:45:42.439,1.3,nan,-0.0,0.1,00:00:00,0.0,0.6,-0.5,203.0
2025-05-27 14:45:43.438,1.3,nan,-0.0,0.1,00:00:00,0.0,0.7,-0.5,203.0
2025-05-27 14:45:44.438,1.2,nan,-0.0,0.1,00:00:00,0.0,0.6,-0.5,203.0
2025-05-27 14:45:45.441,1.2,nan,-0.1,0.0,00:00:00,0.0,0.6,-0.5,203.0
2025-05-27 14:45:46.438,1.2,nan,-0.1,0.0,00:00:00,0.0,0.6,-0.5,203.0
2025-05-27 14:45:47.438,1.2,nan,-0.0,0.1,00:00:00,0.0,0.7,-0.5,203.0
2025-05-27 14:45:48.439,1.3,nan,0.0,0.1,00:00:00,0.0,0.7,-0.4,203.0
2025-05-27 14:45:49.440,1.4,nan,0.0,0.1,00:00:00,0.0,0.7,-0.3,203.0
2025-05-27 14:45:50.439,1.3,nan,0.0,0.0,00:00:00,0.0,0.6,-0.4,203.0
2025-05-27 14:45:51.441,1.3,nan,-0.0,0.1,00:00:00,0.0,0.5,-0.4,203.0
2025-05-27 14:45:52.441,1.2,nan,-0.0,0.2,00:00:00,0.0,0.4,-0.4,203.0
2025-05-27 14:45:53.442,1.3,nan,-0.0,0.1,00:00:00,0.0,0.5,-0.5,203.0
2025-05-27 14:45:54.442,1.3,nan,0.0,0.1,00:00:00,0.0,0.6,-0.5,203.0
2025-05-27 14:45:55.442,1.4,nan,0.0,0.2,00:00:00,0.0,0.7,-0.5,203.0
2025-05-27 14:45:56.440,1.3,nan,0.0,0.2,00:00:00,0.0,0.7,-0.5,203.0
2025-05-27 14:45:57.441,1.3,nan,0.0,0.1,00:00:00,0.0,0.6,-0.3,203.0
2025-05-27 14:45:58.440,1.4,nan,0.0,0.1,00:00:00,0.0,0.6,-0.2,203.0
2025-05-27 14:45:59.442,1.4,nan,0.0,0.3,00:00:00,0.0,0.4,-0.2,203.0
2025-05-27 14:46:00.441,1.5,nan,0.0,0.4,00:00:00,0.0,0.4,-0.0,203.0
2025-05-27 14:46:01.440,1.5,nan,0.0,0.4,00:00:00,0.0,0.4,-0.2,203.0
2025-05-27 14:46:02.441,1.5,nan,0.0,0.4,00:00:00,0.0,0.5,-0.2,203.0
2025-05-27 14:46:03.440,1.5,nan,0.0,0.5,00:00:00,0.0,0.6,-0.3,203.0
2025-05-27 14:46:04.438,1.4,nan,-0.0,0.5,00:00:00,0.0,0.8,-0.4,203.0
2025-05-27 14:46:05.442,1.4,nan,0.0,0.4,00:00:00,0.0,1.0,-0.5,203.0
2025-05-27 14:46:06.441,1.5,nan,0.0,0.4,00:00:00,0.0,1.1,-0.6,203.0
2025-05-27 14:46:07.442,1.4,nan,0.0,0.2,00:00:00,0.0,1.2,-0.6,203.0
2025-05-27 14:46:08.440,1.4,nan,0.0,0.1,00:00:00,0.0,1.3,-0.6,203.0
2025-05-27 14:46:09.441,1.3,nan,-0.0,0.0,00:00:00,0.0,1.4,-0.5,203.0
2025-05-27 14:46:10.441,1.3,nan,0.0,0.1,00:00:00,0.0,1.5,-0.5,203.0
2025-05-27 14:46:11.440,1.3,nan,0.0,0.2,00:00:00,0.0,1.5,-0.5,203.0
2025-05-27 14:46:12.439,1.2,nan,-0.0,0.3,00:00:00,0.0,1.5,-0.6,203.0
2025-05-27 14:46:13.441,1.2,nan,-0.0,0.4,00:00:00,0.0,1.5,-0.6,203.0
2025-05-27 14:46:14.442,1.2,nan,-0.0,0.4,00:00:00,0.0,1.5,-0.6,203.0
2025-05-27 14:46:15.438,1.2,nan,-0.0,0.4,00:00:00,0.0,1.3,-0.6,203.0
2025-05-27 14:46:16.438,1.2,nan,-0.0,0.5,00:00:00,0.0,1.3,-0.5,203.0
2025-05-27 14:46:17.438,1.1,nan,-0.1,0.5,00:00:00,0.0,1.2,-0.5,203.0
2025-05-27 14:46:18.441,1.1,nan,-0.1,0.4,00:00:00,0.0,1.0,-0.5,203.0
2025-05-27 14:46:19.439,1.0,nan,-0.1,0.4,00:00:00,0.0,0.9,-0.4,203.0
2025-05-27 14:46:20.442,1.0,nan,-0.1,0.3,00:00:00,0.0,0.8,-0.3,203.0
2025-05-27 14:46:21.442,1.0,nan,-0.1,0.3,00:00:00,0.0,0.7,-0.4,203.0
2025-05-27 14:46:22.438,1.0,nan,-0.1,0.3,00:00:00,0.0,0.7,-0.3,203.0
2025-05-27 14:46:23.440,1.0,nan,-0.1,0.2,00:00:00,0.0,0.6,-0.4,203.0
2025-05-27 14:46:24.440,1.0,nan,-0.1,0.2,00:00:00,0.0,0.6,-0.4,203.0
2025-05-27 14:46:25.438,1.0,nan,-0.0,0.2,00:00:00,0.0,0.7,-0.4,203.0
2025-05-27 14:46:26.441,1.0,nan,-0.0,0.2,00:00:00,0.0,0.7,-0.5,203.0
2025-05-27 14:46:27.438,1.0,nan,-0.0,0.2,00:00:00,0.0,0.7,-0.5,203.0
2025-05-27 14:46:28.441,1.1,nan,-0.0,0.2,00:00:00,0.0,0.6,-0.5,203.0
2025-05-27 14:46:29.440,1.1,nan,-0.0,0.2,00:00:00,0.0,0.6,-0.4,203.0
2025-05-27 14:46:30.438,1.1,nan,-0.0,0.2,00:00:00,0.0,0.6,-0.4,203.0
2025-05-27 14:46:31.442,1.1,nan,-0.0,0.1,00:00:00,0.0,0.5,-0.3,203.0
2025-05-27 14:46:32.440,1.1,nan,0.0,0.0,00:00:00,0.0,0.4,-0.3,203.0
2025-05-27 14:46:33.439,1.2,nan,0.0,0.0,00:00:00,0.0,0.3,-0.3,203.0
2025-05-27 14:46:34.438,1.2,nan,0.0,0.1,00:00:00,0.0,0.4,-0.4,203.0
2025-05-27 14:46:35.438,1.2,nan,0.0,0.1,00:00:00,0.0,0.5,-0.4,203.0
2025-05-27 14:46:36.438,1.2,nan,-0.0,0.1,00:00:00,0.0,0.6,-0.4,203.0
2025-05-27 14:46:37.438,1.2,nan,-0.0,0.2,00:00:00,0.0,0.7,-0.5,203.0
2025-05-27 14:46:38.441,1.1,nan,-0.0,0.2,00:00:00,0.0,0.8,-0.5,203.0
2025-05-27 14:46:39.438,1.1,nan,-0.0,0.2,00:00:00,0.0,0.8,-0.5,203.0
2025-05-27 14:46:40.439,1.1,nan,-0.0,0.0,00:00:00,0.0,0.8,-0.4,203.0
2025-05-27 14:46:41.438,1.2,nan,0.0,0.1,00:00:00,0.0,0.7,-0.3,203.0
2025-05-27 14:46:42.441,1.3,nan,0.0,0.1,00:00:00,0.0,0.7,-0.3,203.0
2025-05-27 14:46:43.442,1.3,nan,0.0,0.1,00:00:00,0.0,0.8,-0.4,203.0
2025-05-27 14:46:44.442,1.3,nan,-0.0,0.1,00:00:00,0.0,0.8,-0.5,203.0
2025-05-27 14:46:45.440,1.2,nan,-0.0,0.1,00:00:00,0.0,0.9,-0.5,203.0
2025-05-27 14:46:46.442,1.2,nan,0.0,0.1,00:00:00,0.0,0.9,-0.6,203.0
2025-05-27 14:46:47.440,1.3,nan,-0.0,0.1,00:00:00,0.0,0.9,-0.6,203.0
2025-05-27 14:46:48.441,1.2,nan,0.0,0.0,00:00:00,0.0,1.0,-0.7,203.0
2025-05-27 14:46:49.441,1.2,nan,-0.0,0.0,00:00:00,0.0,1.1,-0.7,203.0
2025-05-27 14:46:50.439,1.3,nan,0.0,0.0,00:00:00,0.0,1.0,-0.7,203.0
2025-05-27 14:46:51.442,1.3,nan,0.0,0.1,00:00:00,0.0,1.0,-0.8,203.0
2025-05-27 14:46:52.440,1.3,nan,-0.0,0.0,00:00:00,0.0,1.1,-0.7,204.0
2025-05-27 14:46:53.438,1.3,nan,-0.0,0.1,00:00:00,0.0,1.1,-0.7,203.0
2025-05-27 14:46:54.438,1.3,nan,0.0,0.1,00:00:00,0.0,1.1,-0.8,203.0
2025-05-27 14:46:55.438,1.3,nan,-0.0,0.1,00:00:00,0.0,1.0,-0.7,203.0
2025-05-27 14:46:56.441,1.3,nan,-0.0,0.1,00:00:00,0.0,1.0,-0.7,203.0
2025-05-27 14:46:57.441,1.3,nan,-0.0,0.1,00:00:00,0.0,0.9,-0.6,203.0
2025-05-27 14:46:58.439,1.3,nan,-0.0,0.1,00:00:00,0.0,0.9,-0.7,203.0
2025-05-27 14:46:59.440,1.3,nan,-0.0,0.2,00:00:00,0.0,1.0,-0.7,203.0
2025-05-27 14:47:00.439,1.3,nan,-0.0,0.2,00:00:00,0.0,0.9,-0.7,203.0
2025-05-27 14:47:01.442,1.2,nan,-0.0,0.3,00:00:00,0.0,0.9,-0.7,203.0
2025-05-27 14:47:02.441,1.2,nan,-0.0,0.4,00:00:00,0.0,0.9,-0.7,203.0
2025-05-27 14:47:03.439,1.1,nan,-0.0,0.3,00:00:00,0.0,0.9,-0.7,203.0
2025-05-27 14:47:04.438,1.1,nan,-0.0,0.3,00:00:00,0.0,0.9,-0.7,203.0
2025-05-27 14:47:05.441,1.0,nan,-0.0,0.3,00:00:00,0.0,0.9,-0.6,204.0
2025-05-27 14:47:06.438,0.9,nan,-0.1,0.3,00:00:00,0.0,0.8,-0.6,204.0
2025-05-27 14:47:07.440,0.9,nan,-0.0,0.3,00:00:00,0.0,0.8,-0.5,204.0
2025-05-27 14:47:08.441,1.0,nan,-0.0,0.2,00:00:00,0.0,0.7,-0.4,204.0
2025-05-27 14:47:09.442,1.0,nan,-0.0,0.1,00:00:00,0.0,0.6,-0.4,204.0
2025-05-27 14:47:10.440,1.0,nan,-0.0,0.1,00:00:00,0.0,0.6,-0.4,204.0
2025-05-27 14:47:11.439,1.0,nan,-0.0,0.1,00:00:00,0.0,0.7,-0.4,204.0
2025-05-27 14:47:12.441,1.0,nan,-0.0,0.1,00:00:00,0.0,0.7,-0.4,204.0
2025-05-27 14:47:13.441,1.0,nan,-0.0,0.1,00:00:00,0.0,0.7,-0.5,204.0
2025-05-27 14:47:14.442,1.0,nan,-0.0,0.1,00:00:00,0.0,0.7,-0.5,204.0
2025-05-27 14:47:15.439,1.1,nan,-0.0,0.1,00:00:00,0.0,0.6,-0.6,204.0
2025-05-27 14:47:16.441,1.0,nan,-0.0,0.1,00:00:00,0.0,0.7,-0.6,204.0
2025-05-27 14:47:17.441,1.1,nan,-0.0,0.1,00:00:00,0.0,0.7,-0.7,204.0
2025-05-27 14:47:18.441,1.1,nan,-0.0,0.0,00:00:00,0.0,0.7,-0.7,204.0
2025-05-27 14:47:19.440,1.1,nan,-0.0,0.0,00:00:00,0.0,0.7,-0.8,204.0
2025-05-27 14:47:20.441,1.1,nan,-0.0,0.0,00:00:00,0.0,0.7,-0.8,204.0
2025-05-27 14:47:21.442,1.0,nan,-0.0,0.1,00:00:00,0.0,0.7,-0.7,204.0
2025-05-27 14:47:22.438,1.0,nan,-0.0,0.1,00:00:00,0.0,0.8,-0.7,204.0
2025-05-27 14:47:23.440,1.0,nan,-0.0,0.1,00:00:00,0.0,0.7,-0.7,204.0
2025-05-27 14:47:24.441,1.0,nan,0.0,0.1,00:00:00,0.0,0.7,-0.7,204.0
2025-05-27 14:47:25.438,1.0,nan,0.0,0.1,00:00:00,0.0,0.7,-0.7,204.0
2025-05-27 14:47:26.439,1.0,nan,0.0,0.1,00:00:00,0.0,0.7,-0.7,204.0
2025-05-27 14:47:27.439,1.0,nan,0.0,0.1,00:00:00,0.0,0.7,-0.6,204.0
2025-05-27 14:47:28.440,1.0,nan,0.0,0.1,00:00:00,0.0,0.7,-0.6,204.0
2025-05-27 14:47:29.439,0.9,nan,0.0,0.1,00:00:00,0.0,0.7,-0.6,204.0
2025-05-27 14:47:30.440,1.0,nan,0.0,0.0,00:00:00,0.0,0.6,-0.7,204.0
2025-05-27 14:47:31.438,1.0,nan,0.0,0.0,00:00:00,0.0,0.6,-0.7,204.0
2025-05-27 14:47:32.442,1.1,nan,0.0,0.1,00:00:00,0.0,0.6,-0.7,204.0
2025-05-27 14:47:33.440,1.1,nan,0.0,0.1,00:00:00,0.0,0.6,-0.8,204.0
2025-05-27 14:47:34.441,1.1,nan,0.0,0.1,00:00:00,0.0,0.6,-0.7,204.0
2025-05-27 14:47:35.439,1.0,nan,0.0,0.0,00:00:00,0.0,0.6,-0.6,204.0
2025-05-27 14:47:36.438,1.0,nan,0.0,0.0,00:00:00,0.0,0.6,-0.6,204.0
2025-05-27 14:47:37.439,1.0,nan,0.0,0.0,00:00:00,0.0,0.6,-0.6,204.0
2025-05-27 14:47:38.439,1.0,nan,0.0,0.0,00:00:00,0.0,0.7,-0.6,204.0
2025-05-27 14:47:39.440,1.0,nan,-0.0,0.1,00:00:00,0.0,0.8,-0.5,204.0
2025-05-27 14:47:40.440,1.0,nan,0.0,0.1,00:00:00,0.0,0.8,-0.5,204.0
2025-05-27 14:47:41.440,1.0,nan,0.0,0.0,00:00:00,0.0,0.7,-0.5,204.0
2025-05-27 14:47:42.440,1.1,nan,0.0,0.0,00:00:00,0.0,0.7,-0.5,204.0
2025-05-27 14:47:43.439,1.1,nan,0.0,0.0,00:00:00,0.0,0.6,-0.5,204.0
2025-05-27 14:47:44.439,1.1,nan,0.0,0.0,00:00:00,0.0,0.7,-0.5,204.0
2025-05-27 14:47:45.442,1.0,nan,-0.0,0.1,00:00:00,0.0,0.7,-0.5,204.0
2025-05-27 14:47:46.438,1.0,nan,-0.0,0.0,00:00:00,0.0,0.7,-0.4,204.0
2025-05-27 14:47:47.441,1.0,nan,0.0,0.1,00:00:00,0.0,0.8,-0.4,204.0
2025-05-27 14:47:48.440,1.1,nan,0.0,0.1,00:00:00,0.0,0.8,-0.4,204.0
2025-05-27 14:47:49.442,1.2,nan,0.0,0.2,00:00:00,0.0,0.8,-0.4,204.0
2025-05-27 14:47:50.439,1.2,nan,0.0,0.1,00:00:00,0.0,0.8,-0.4,204.0
2025-05-27 14:47:51.439,1.1,nan,0.0,0.1,00:00:00,0.0,0.8,-0.5,204.0
2025-05-27 14:47:52.439,1.1,nan,-0.0,0.1,00:00:00,0.0,0.8,-0.6,204.0
2025-05-27 14:47:53.438,1.1,nan,0.0,0.1,00:00:00,0.0,0.7,-0.6,204.0
2025-05-27 14:47:54.439,1.1,nan,0.0,0.0,00:00:00,0.0,0.6,-0.6,204.0
2025-05-27 14:47:55.438,1.0,nan,-0.0,0.0,00:00:00,0.0,0.7,-0.6,204.0
2025-05-27 14:47:56.440,1.0,nan,-0.0,0.0,00:00:00,0.0,0.7,-0.5,204.0
2025-05-27 14:47:57.440,1.0,nan,-0.0,0.0,00:00:00,0.0,0.6,-0.5,204.0
2025-05-27 14:47:58.442,1.0,nan,-0.0,0.0,00:00:00,0.0,0.7,-0.5,204.0
2025-05-27 14:47:59.439,1.0,nan,-0.0,0.1,00:00:00,0.0,0.7,-0.5,204.0
2025-05-27 14:48:00.438,1.0,nan,0.0,0.1,00:00:00,0.0,0.8,-0.5,204.0
2025-05-27 14:48:01.439,1.0,nan,-0.0,0.1,00:00:00,0.0,0.8,-0.5,204.0
2025-05-27 14:48:02.438,1.0,nan,0.0,0.1,00:00:00,0.0,0.8,-0.5,204.0
2025-05-27 14:48:03.440,0.9,nan,0.0,0.1,00:00:00,0.0,0.8,-0.5,204.0
2025-05-27 14:48:04.442,0.9,nan,-0.0,0.1,00:00:00,0.0,0.9,-0.4,204.0
2025-05-27 14:48:05.440,0.8,nan,-0.0,0.2,00:00:00,0.0,0.9,-0.4,204.0
2025-05-27 14:48:06.438,0.8,nan,-0.0,0.2,00:00:00,0.0,0.8,-0.3,204.0
2025-05-27 14:48:07.438,0.8,nan,0.0,0.2,00:00:00,0.0,0.8,-0.4,204.0
2025-05-27 14:48:08.440,0.8,nan,0.0,0.2,00:00:00,0.0,0.8,-0.4,204.0
2025-05-27 14:48:09.441,0.8,nan,0.0,0.1,00:00:00,0.0,0.7,-0.5,204.0
2025-05-27 14:48:10.438,0.8,nan,0.0,0.1,00:00:00,0.0,0.7,-0.5,204.0
2025-05-27 14:48:11.440,0.8,nan,0.0,0.1,00:00:00,0.0,0.7,-0.5,204.0
2025-05-27 14:48:12.438,0.9,nan,0.0,0.1,00:00:00,0.0,0.7,-0.5,204.0
2025-05-27 14:48:13.441,0.9,nan,-0.0,0.1,00:00:00,0.0,0.7,-0.4,204.0
2025-05-27 14:48:14.440,0.8,nan,-0.0,0.1,00:00:00,0.0,0.7,-0.4,204.0
2025-05-27 14:48:15.442,0.8,nan,-0.0,0.1,00:00:00,0.0,0.7,-0.4,204.0
2025-05-27 14:48:16.441,0.8,nan,-0.0,0.0,00:00:00,0.0,0.6,-0.5,204.0
2025-05-27 14:48:17.441,0.7,nan,-0.0,0.0,00:00:00,0.0,0.6,-0.5,204.0
2025-05-27 14:48:18.441,0.7,nan,-0.0,0.1,00:00:00,0.0,0.6,-0.5,204.0
2025-05-27 14:48:19.439,0.8,nan,-0.0,0.1,00:00:00,0.0,0.5,-0.5,204.0
2025-05-27 14:48:20.441,0.8,nan,-0.0,0.2,00:00:00,0.0,0.6,-0.5,204.0
2025-05-27 14:48:21.441,0.8,nan,-0.0,0.2,00:00:00,0.0,0.6,-0.5,204.0
2025-05-27 14:48:22.439,0.8,nan,-0.0,0.2,00:00:00,0.0,0.7,-0.4,204.0
2025-05-27 14:48:23.439,0.8,nan,-0.0,0.2,00:00:00,0.0,0.8,-0.4,204.0
2025-05-27 14:48:24.438,0.8,nan,0.0,0.2,00:00:00,0.0,0.9,-0.4,204.0
2025-05-27 14:48:25.441,0.9,nan,0.0,0.2,00:00:00,0.0,1.0,-0.3,204.0
2025-05-27 14:48:26.441,0.9,nan,0.0,0.1,00:00:00,0.0,1.0,-0.3,204.0
2025-05-27 14:48:27.438,1.0,nan,0.0,0.1,00:00:00,0.0,1.1,-0.3,204.0
2025-05-27 14:48:28.442,1.0,nan,0.0,0.0,00:00:00,0.0,1.2,-0.3,204.0
2025-05-27 14:48:29.439,0.9,nan,0.0,0.1,00:00:00,0.0,1.1,-0.3,204.0
2025-05-27 14:48:30.442,1.1,nan,0.0,0.1,00:00:00,0.0,1.1,-0.3,204.0
2025-05-27 14:48:31.441,1.1,nan,0.1,0.1,00:00:00,0.0,1.1,-0.4,204.0
2025-05-27 14:48:32.442,1.3,nan,0.1,0.1,00:00:00,0.0,1.0,-0.4,204.0
2025-05-27 14:48:33.441,1.2,nan,0.1,0.1,00:00:00,0.0,1.0,-0.3,204.0
2025-05-27 14:48:34.441,1.2,nan,0.0,0.1,00:00:00,0.0,1.0,-0.3,204.0
2025-05-27 14:48:35.442,1.1,nan,0.0,0.1,00:00:00,0.0,1.0,-0.4,204.0
2025-05-27 14:48:36.438,1.1,nan,-0.0,0.1,00:00:00,0.0,0.9,-0.3,204.0
2025-05-27 14:48:37.442,1.1,nan,0.0,0.2,00:00:00,0.0,0.8,-0.3,204.0
2025-05-27 14:48:38.439,1.1,nan,0.0,0.2,00:00:00,0.0,0.9,-0.3,204.0
2025-05-27 14:48:39.438,1.1,nan,-0.0,0.2,00:00:00,0.0,0.8,-0.3,204.0
2025-05-27 14:48:40.439,1.0,nan,-0.0,0.2,00:00:00,0.0,0.9,-0.3,204.0
2025-05-27 14:48:41.441,0.9,nan,-0.0,0.2,00:00:00,0.0,0.9,-0.3,204.0
2025-05-27 14:48:42.441,0.9,nan,-0.0,0.2,00:00:00,0.0,0.9,-0.4,204.0
2025-05-27 14:48:43.439,1.0,nan,-0.0,0.1,00:00:00,0.0,1.0,-0.4,204.0
2025-05-27 14:48:44.442,1.0,nan,0.0,0.1,00:00:00,0.0,1.0,-0.5,204.0
2025-05-27 14:48:45.440,1.0,nan,0.0,0.2,00:00:00,0.0,1.0,-0.5,204.0
2025-05-27 14:48:46.440,1.1,nan,0.1,0.1,00:00:00,0.0,1.1,-0.5,204.0
2025-05-27 14:48:47.438,1.1,nan,0.0,0.2,00:00:00,0.0,1.1,-0.5,204.0
2025-05-27 14:48:48.440,1.1,nan,0.0,0.1,00:00:00,0.0,1.1,-0.4,204.0
2025-05-27 14:48:49.442,1.0,nan,0.0,0.1,00:00:00,0.0,1.1,-0.3,204.0
2025-05-27 14:48:50.440,1.1,nan,0.0,0.0,00:00:00,0.0,1.1,-0.3,204.0
2025-05-27 14:48:51.439,1.1,nan,0.0,0.1,00:00:00,0.0,1.1,-0.3,204.0
2025-05-27 14:48:52.440,1.1,nan,-0.0,0.1,00:00:00,0.0,1.1,-0.3,204.0
2025-05-27 14:48:53.439,1.0,nan,-0.0,0.1,00:00:00,0.0,1.1,-0.3,204.0
2025-05-27 14:48:54.438,1.0,nan,-0.0,0.1,00:00:00,0.0,1.0,-0.3,204.0
2025-05-27 14:48:55.440,1.0,nan,-0.0,0.1,00:00:00,0.0,1.0,-0.4,204.0
2025-05-27 14:48:56.438,0.9,nan,-0.0,0.2,00:00:00,0.0,1.0,-0.4,204.0
2025-05-27 14:48:57.438,0.9,nan,-0.0,0.1,00:00:00,0.0,0.9,-0.4,204.0
2025-05-27 14:48:58.441,0.9,nan,-0.0,0.1,00:00:00,0.0,0.8,-0.4,204.0
2025-05-27 14:48:59.441,0.8,nan,-0.0,0.1,00:00:00,0.0,0.8,-0.4,204.0
2025-05-27 14:49:00.442,0.8,nan,-0.0,0.0,00:00:00,0.0,0.7,-0.4,204.0
2025-05-27 14:49:01.441,0.9,nan,-0.0,0.1,00:00:00,0.0,0.6,-0.4,204.0
2025-05-27 14:49:02.438,0.9,nan,-0.0,0.1,00:00:00,0.0,0.6,-0.4,204.0
2025-05-27 14:49:03.442,0.9,nan,0.0,0.2,00:00:00,0.0,0.6,-0.4,204.0
2025-05-27 14:49:04.442,1.0,nan,0.0,0.2,00:00:00,0.0,0.6,-0.4,204.0
2025-05-27 14:49:05.439,1.0,nan,0.0,0.2,00:00:00,0.0,0.6,-0.4,204.0
2025-05-27 14:49:06.440,0.9,nan,0.0,0.1,00:00:00,0.0,0.7,-0.4,204.0
2025-05-27 14:49:07.440,0.9,nan,0.0,0.1,00:00:00,0.0,0.7,-0.3,204.0
2025-05-27 14:49:08.440,0.9,nan,0.0,0.1,00:00:00,0.0,0.7,-0.3,204.0
2025-05-27 14:49:09.439,0.9,nan,0.0,0.0,00:00:00,0.0,0.8,-0.4,204.0
