2025-05-27 14:49:12.285,0.7,nan,-0.0,0.1,00:00:00,0.0,1.0,-0.4,204.0
2025-05-27 14:49:13.283,0.7,nan,-0.0,0.1,00:00:00,0.0,1.0,-0.4,204.0
2025-05-27 14:49:14.284,0.7,nan,-0.0,0.1,00:00:00,0.0,0.9,-0.5,204.0
2025-05-27 14:49:15.284,0.6,nan,-0.0,0.1,00:00:00,0.0,0.9,-0.4,204.0
2025-05-27 14:49:16.285,0.6,nan,0.0,0.1,00:00:00,0.0,0.8,-0.5,204.0
2025-05-27 14:49:17.285,0.7,nan,0.0,0.1,00:00:00,0.0,0.8,-0.5,204.0
2025-05-27 14:49:18.281,0.7,nan,0.0,0.0,00:00:00,0.0,0.7,-0.5,204.0
2025-05-27 14:49:19.285,0.8,nan,0.0,0.0,00:00:00,0.0,0.7,-0.5,204.0
2025-05-27 14:49:20.285,0.8,nan,0.0,0.0,00:00:00,0.0,0.7,-0.4,204.0
2025-05-27 14:49:21.282,0.8,nan,0.0,0.0,00:00:00,0.0,0.7,-0.4,204.0
2025-05-27 14:49:22.284,0.8,nan,0.0,0.0,00:00:00,0.0,0.7,-0.4,204.0
2025-05-27 14:49:23.283,0.8,nan,0.0,0.0,00:00:00,0.0,0.8,-0.4,204.0
2025-05-27 14:49:24.285,0.7,nan,0.0,0.0,00:00:00,0.0,0.8,-0.4,204.0
2025-05-27 14:49:25.285,0.8,nan,0.0,0.0,00:00:00,0.0,0.8,-0.5,204.0
2025-05-27 14:49:26.284,0.8,nan,0.0,0.0,00:00:00,0.0,0.8,-0.5,204.0
2025-05-27 14:49:27.285,0.8,nan,0.0,0.1,00:00:00,0.0,0.8,-0.4,204.0
2025-05-27 14:49:28.282,0.8,nan,0.0,0.0,00:00:00,0.0,0.9,-0.4,204.0
2025-05-27 14:49:29.282,0.9,nan,0.0,0.0,00:00:00,0.0,0.9,-0.4,204.0
2025-05-27 14:49:30.282,0.9,nan,0.0,0.1,00:00:00,0.0,1.0,-0.4,204.0
2025-05-27 14:49:31.282,0.7,nan,-0.0,0.1,00:00:00,0.0,1.0,-0.4,204.0
2025-05-27 14:49:32.413,0.7,nan,-0.0,0.1,00:00:00,0.0,1.0,-0.4,204.0
2025-05-27 14:49:33.324,0.7,nan,0.0,0.1,00:00:00,0.0,0.9,-0.5,204.0
2025-05-27 14:49:34.288,0.7,nan,-0.0,0.0,00:00:00,0.0,0.9,-0.5,204.0
2025-05-27 14:49:35.283,0.7,nan,0.0,0.0,00:00:00,0.0,1.0,-0.5,204.0
2025-05-27 14:49:36.283,0.7,nan,-0.0,0.1,00:00:00,0.0,1.0,-0.5,204.0
2025-05-27 14:49:37.282,0.7,nan,-0.0,0.1,00:00:00,0.0,1.0,-0.5,204.0
2025-05-27 14:49:38.283,0.8,nan,0.0,0.1,00:00:00,0.0,1.0,-0.5,204.0
2025-05-27 14:49:39.283,0.8,nan,0.0,0.1,00:00:00,0.0,1.0,-0.4,204.0
2025-05-27 14:49:40.283,0.8,nan,0.0,0.1,00:00:00,0.0,0.9,-0.4,204.0
2025-05-27 14:49:41.283,0.7,nan,0.0,0.1,00:00:00,0.0,0.9,-0.5,204.0
2025-05-27 14:49:42.283,0.7,nan,0.0,0.1,00:00:00,0.0,0.9,-0.4,204.0
2025-05-27 14:49:43.283,0.7,nan,0.0,0.1,00:00:00,0.0,0.9,-0.4,204.0
2025-05-27 14:49:44.283,0.7,nan,-0.0,0.1,00:00:00,0.0,0.9,-0.4,204.0
2025-05-27 14:49:45.283,0.7,nan,-0.0,0.1,00:00:00,0.0,0.9,-0.4,204.0
2025-05-27 14:49:46.283,0.7,nan,0.0,0.0,00:00:00,0.0,0.8,-0.4,204.0
2025-05-27 14:49:47.285,0.8,nan,0.0,0.0,00:00:00,0.0,0.8,-0.4,204.0
2025-05-27 14:49:48.284,0.8,nan,0.0,0.1,00:00:00,0.0,0.8,-0.3,204.0
2025-05-27 14:49:49.282,0.8,nan,0.0,0.0,00:00:00,0.0,0.8,-0.4,204.0
2025-05-27 14:49:50.283,0.8,nan,0.0,0.0,00:00:00,0.0,0.7,-0.4,204.0
2025-05-27 14:49:51.284,0.8,nan,0.0,0.0,00:00:00,0.0,0.7,-0.4,204.0
2025-05-27 14:49:52.283,0.8,nan,0.0,0.1,00:00:00,0.0,0.7,-0.4,204.0
2025-05-27 14:49:53.284,0.9,nan,0.1,0.1,00:00:00,0.0,0.7,-0.4,204.0
2025-05-27 14:49:54.284,1.0,nan,0.1,0.1,00:00:00,0.0,0.7,-0.4,204.0
2025-05-27 14:49:55.284,0.9,nan,0.0,0.1,00:00:00,0.0,0.7,-0.5,204.0
2025-05-27 14:49:56.283,0.9,nan,0.1,0.1,00:00:00,0.0,0.7,-0.5,204.0
2025-05-27 14:49:57.283,0.9,nan,0.0,0.1,00:00:00,0.0,0.6,-0.5,204.0
2025-05-27 14:49:58.285,0.9,nan,0.0,0.1,00:00:00,0.0,0.6,-0.5,204.0
2025-05-27 14:49:59.284,0.8,nan,0.0,0.1,00:00:00,0.0,0.6,-0.5,204.0
2025-05-27 14:50:00.282,0.8,nan,0.0,0.1,00:00:00,0.0,0.6,-0.5,204.0
2025-05-27 14:50:01.284,0.7,nan,0.0,0.1,00:00:00,0.0,0.6,-0.6,204.0
2025-05-27 14:50:02.282,0.7,nan,-0.0,0.1,00:00:00,0.0,0.7,-0.5,204.0
2025-05-27 14:50:03.283,0.6,nan,-0.0,0.1,00:00:00,0.0,0.6,-0.5,204.0
2025-05-27 14:50:04.283,0.5,nan,-0.0,0.1,00:00:00,0.0,0.6,-0.4,204.0
2025-05-27 14:50:05.285,0.5,nan,-0.0,0.0,00:00:00,0.0,0.5,-0.4,204.0
2025-05-27 14:50:06.284,0.5,nan,-0.0,0.0,00:00:00,0.0,0.5,-0.4,204.0
2025-05-27 14:50:07.283,0.4,nan,-0.0,0.1,00:00:00,0.0,0.4,-0.4,204.0
2025-05-27 14:50:08.285,0.5,nan,-0.0,0.1,00:00:00,0.0,0.4,-0.3,204.0
2025-05-27 14:50:09.283,0.5,nan,-0.0,0.1,00:00:00,0.0,0.5,-0.4,204.0
2025-05-27 14:50:10.283,0.5,nan,0.0,0.1,00:00:00,0.0,0.6,-0.4,204.0
2025-05-27 14:50:11.284,0.6,nan,0.0,0.1,00:00:00,0.0,0.6,-0.4,204.0
2025-05-27 14:50:12.286,0.6,nan,0.0,0.1,00:00:00,0.0,0.6,-0.5,204.0
2025-05-27 14:50:13.283,0.7,nan,0.0,0.1,00:00:00,0.0,0.7,-0.5,204.0
2025-05-27 14:50:14.283,0.7,nan,0.0,0.0,00:00:00,0.0,0.8,-0.5,204.0
2025-05-27 14:50:15.285,0.7,nan,0.0,0.1,00:00:00,0.0,0.8,-0.5,204.0
2025-05-27 14:50:16.285,0.7,nan,-0.0,0.1,00:00:00,0.0,0.9,-0.5,204.0
2025-05-27 14:50:17.285,0.6,nan,-0.0,0.1,00:00:00,0.0,0.9,-0.5,204.0
2025-05-27 14:50:18.285,0.6,nan,-0.0,0.1,00:00:00,0.0,0.9,-0.5,204.0
2025-05-27 14:50:19.282,0.6,nan,-0.0,0.1,00:00:00,0.0,0.9,-0.6,204.0
2025-05-27 14:50:20.283,0.8,nan,0.0,0.1,00:00:00,0.0,0.9,-0.5,204.0
2025-05-27 14:50:21.284,0.8,nan,0.0,0.1,00:00:00,0.0,1.0,-0.6,204.0
2025-05-27 14:50:22.283,0.8,nan,0.0,0.1,00:00:00,0.0,1.0,-0.6,204.0
2025-05-27 14:50:23.285,0.8,nan,0.0,0.1,00:00:00,0.0,0.9,-0.5,204.0
2025-05-27 14:50:24.286,0.7,nan,0.0,0.1,00:00:00,0.0,0.9,-0.6,204.0
2025-05-27 14:50:25.285,0.7,nan,0.0,0.1,00:00:00,0.0,0.9,-0.5,204.0
2025-05-27 14:50:26.283,0.8,nan,0.0,0.1,00:00:00,0.0,0.9,-0.5,204.0
2025-05-27 14:50:27.282,0.8,nan,0.0,0.1,00:00:00,0.0,0.8,-0.5,204.0
2025-05-27 14:50:28.282,0.7,nan,-0.0,0.1,00:00:00,0.0,0.7,-0.5,204.0
2025-05-27 14:50:29.282,0.6,nan,-0.0,0.2,00:00:00,0.0,0.7,-0.5,204.0
2025-05-27 14:50:30.283,0.7,nan,0.0,0.1,00:00:00,0.0,0.7,-0.4,204.0
2025-05-27 14:50:31.281,0.7,nan,0.0,0.1,00:00:00,0.0,0.8,-0.4,204.0
2025-05-27 14:50:32.283,0.6,nan,-0.0,0.2,00:00:00,0.0,0.8,-0.4,204.0
2025-05-27 14:50:33.286,0.5,nan,-0.0,0.2,00:00:00,0.0,0.8,-0.4,204.0
2025-05-27 14:50:34.283,0.6,nan,-0.0,0.2,00:00:00,0.0,0.8,-0.4,204.0
2025-05-27 14:50:35.284,0.5,nan,-0.0,0.2,00:00:00,0.0,0.9,-0.4,204.0
2025-05-27 14:50:36.284,0.5,nan,-0.0,0.1,00:00:00,0.0,0.9,-0.4,204.0
2025-05-27 14:50:37.284,0.5,nan,-0.0,0.1,00:00:00,0.0,0.9,-0.4,204.0
2025-05-27 14:50:38.285,0.5,nan,-0.0,0.1,00:00:00,0.0,0.9,-0.3,204.0
2025-05-27 14:50:39.285,0.5,nan,-0.0,0.1,00:00:00,0.0,0.9,-0.3,204.0
2025-05-27 14:50:40.283,0.6,nan,-0.0,0.2,00:00:00,0.0,1.0,-0.3,204.0
2025-05-27 14:50:41.284,0.6,nan,0.0,0.2,00:00:00,0.0,1.0,-0.3,204.0
2025-05-27 14:50:42.284,0.6,nan,-0.0,0.2,00:00:00,0.0,0.9,-0.3,204.0
2025-05-27 14:50:43.285,0.7,nan,-0.0,0.2,00:00:00,0.0,0.9,-0.3,204.0
2025-05-27 14:50:44.284,0.7,nan,0.0,0.2,00:00:00,0.0,0.9,-0.3,204.0
2025-05-27 14:50:45.284,0.7,nan,0.0,0.2,00:00:00,0.0,0.8,-0.4,204.0
2025-05-27 14:50:46.286,0.7,nan,-0.0,0.1,00:00:00,0.0,0.8,-0.4,204.0
2025-05-27 14:50:47.282,0.7,nan,-0.0,0.1,00:00:00,0.0,0.8,-0.4,204.0
2025-05-27 14:50:48.285,0.7,nan,-0.0,0.1,00:00:00,0.0,0.8,-0.5,204.0
2025-05-27 14:50:49.285,0.7,nan,-0.0,0.0,00:00:00,0.0,0.7,-0.5,204.0
2025-05-27 14:50:50.284,0.7,nan,-0.0,0.0,00:00:00,0.0,0.8,-0.6,204.0
2025-05-27 14:50:51.285,0.7,nan,-0.0,0.1,00:00:00,0.0,0.8,-0.6,204.0
2025-05-27 14:50:52.283,0.7,nan,-0.0,0.1,00:00:00,0.0,0.8,-0.5,204.0
2025-05-27 14:50:53.285,0.7,nan,-0.0,0.1,00:00:00,0.0,0.7,-0.5,204.0
2025-05-27 14:50:54.284,0.6,nan,-0.0,0.1,00:00:00,0.0,0.7,-0.6,204.0
2025-05-27 14:50:55.285,0.6,nan,-0.1,0.2,00:00:00,0.0,0.6,-0.6,204.0
2025-05-27 14:50:56.282,0.6,nan,-0.1,0.2,00:00:00,0.0,0.6,-0.5,204.0
2025-05-27 14:50:57.283,0.6,nan,-0.0,0.1,00:00:00,0.0,0.6,-0.4,204.0
2025-05-27 14:50:58.282,0.6,nan,-0.0,0.1,00:00:00,0.0,0.6,-0.4,204.0
2025-05-27 14:50:59.286,0.6,nan,-0.0,0.1,00:00:00,0.0,0.7,-0.3,204.0
2025-05-27 14:51:00.285,0.6,nan,-0.0,0.2,00:00:00,0.0,0.8,-0.3,204.0
2025-05-27 14:51:01.284,0.7,nan,0.0,0.3,00:00:00,0.0,0.8,-0.3,204.0
2025-05-27 14:51:02.285,0.7,nan,-0.0,0.3,00:00:00,0.0,0.8,-0.2,204.0
2025-05-27 14:51:03.282,0.7,nan,-0.0,0.3,00:00:00,0.0,0.7,-0.2,204.0
2025-05-27 14:51:04.286,0.6,nan,-0.0,0.2,00:00:00,0.0,0.6,-0.3,204.0
2025-05-27 14:51:05.285,0.7,nan,-0.0,0.2,00:00:00,0.0,0.5,-0.3,204.0
2025-05-27 14:51:06.285,0.8,nan,0.0,0.2,00:00:00,0.0,0.6,-0.3,204.0
2025-05-27 14:51:07.281,0.8,nan,0.0,0.2,00:00:00,0.0,0.6,-0.4,204.0
2025-05-27 14:51:08.285,0.8,nan,0.0,0.2,00:00:00,0.0,0.6,-0.4,204.0
2025-05-27 14:51:09.285,0.9,nan,0.0,0.1,00:00:00,0.0,0.6,-0.5,204.0
2025-05-27 14:51:10.282,0.8,nan,0.0,0.1,00:00:00,0.0,0.6,-0.5,204.0
2025-05-27 14:51:11.281,0.8,nan,0.0,0.1,00:00:00,0.0,0.6,-0.5,204.0
2025-05-27 14:51:12.284,0.8,nan,0.0,0.1,00:00:00,0.0,0.6,-0.5,204.0
2025-05-27 14:51:13.285,0.9,nan,0.0,0.1,00:00:00,0.0,0.5,-0.5,204.0
2025-05-27 14:51:14.283,0.9,nan,0.0,0.1,00:00:00,0.0,0.5,-0.5,204.0
2025-05-27 14:51:15.285,0.8,nan,-0.0,0.1,00:00:00,0.0,0.4,-0.6,204.0
2025-05-27 14:51:16.286,0.7,nan,-0.0,0.0,00:00:00,0.0,0.4,-0.6,204.0
2025-05-27 14:51:17.283,0.6,nan,-0.0,0.1,00:00:00,0.0,0.3,-0.6,204.0
2025-05-27 14:51:18.285,0.6,nan,-0.0,0.1,00:00:00,0.0,0.4,-0.6,204.0
2025-05-27 14:51:19.285,0.6,nan,-0.0,0.1,00:00:00,0.0,0.4,-0.5,204.0
2025-05-27 14:51:20.284,0.6,nan,-0.0,0.2,00:00:00,0.0,0.5,-0.5,204.0
2025-05-27 14:51:21.283,0.5,nan,-0.0,0.2,00:00:00,0.0,0.5,-0.5,204.0
2025-05-27 14:51:22.284,0.5,nan,-0.1,0.2,00:00:00,0.0,0.5,-0.5,204.0
2025-05-27 14:51:23.285,0.5,nan,-0.1,0.2,00:00:00,0.0,0.6,-0.5,204.0
2025-05-27 14:51:24.282,0.5,nan,-0.1,0.1,00:00:00,0.0,0.7,-0.5,204.0
2025-05-27 14:51:25.282,0.4,nan,-0.1,0.1,00:00:00,0.0,0.7,-0.6,204.0
2025-05-27 14:51:26.286,0.5,nan,-0.0,0.1,00:00:00,0.0,0.7,-0.6,204.0
2025-05-27 14:51:27.285,0.5,nan,-0.0,0.2,00:00:00,0.0,0.7,-0.6,204.0
2025-05-27 14:51:28.284,0.4,nan,-0.0,0.2,00:00:00,0.0,0.7,-0.6,204.0
2025-05-27 14:51:29.285,0.5,nan,-0.0,0.2,00:00:00,0.0,0.8,-0.6,204.0
2025-05-27 14:51:30.282,0.6,nan,0.0,0.1,00:00:00,0.0,0.9,-0.5,204.0
2025-05-27 14:51:31.282,0.7,nan,0.1,0.1,00:00:00,0.0,0.9,-0.4,204.0
2025-05-27 14:51:32.285,0.7,nan,0.0,0.1,00:00:00,0.0,0.9,-0.4,204.0
2025-05-27 14:51:33.285,0.7,nan,0.0,0.1,00:00:00,0.0,0.9,-0.3,204.0
2025-05-27 14:51:34.286,0.6,nan,0.0,0.1,00:00:00,0.0,0.9,-0.3,204.0
2025-05-27 14:51:35.284,0.7,nan,0.0,0.2,00:00:00,0.0,1.0,-0.3,204.0
2025-05-27 14:51:36.285,0.7,nan,0.0,0.3,00:00:00,0.0,1.0,-0.3,204.0
2025-05-27 14:51:37.281,0.6,nan,-0.0,0.3,00:00:00,0.0,1.0,-0.4,204.0
2025-05-27 14:51:38.286,0.5,nan,-0.0,0.3,00:00:00,0.0,1.0,-0.4,204.0
2025-05-27 14:51:39.285,0.5,nan,-0.0,0.3,00:00:00,0.0,1.0,-0.4,204.0
2025-05-27 14:51:40.283,0.4,nan,-0.0,0.3,00:00:00,0.0,0.9,-0.5,204.0
2025-05-27 14:51:41.281,0.4,nan,-0.1,0.3,00:00:00,0.0,0.8,-0.5,204.0
2025-05-27 14:51:42.285,0.5,nan,-0.0,0.3,00:00:00,0.0,0.8,-0.5,204.0
2025-05-27 14:51:43.285,0.6,nan,0.0,0.3,00:00:00,0.0,0.8,-0.6,204.0
2025-05-27 14:51:44.285,0.7,nan,0.0,0.3,00:00:00,0.0,0.7,-0.5,204.0
2025-05-27 14:51:45.282,0.7,nan,0.0,0.3,00:00:00,0.0,0.7,-0.6,204.0
2025-05-27 14:51:46.285,0.7,nan,0.0,0.2,00:00:00,0.0,0.6,-0.6,204.0
2025-05-27 14:51:47.282,0.7,nan,0.0,0.1,00:00:00,0.0,0.6,-0.6,204.0
2025-05-27 14:51:48.285,0.7,nan,0.0,0.1,00:00:00,0.0,0.6,-0.6,204.0
2025-05-27 14:51:49.286,0.7,nan,0.0,0.1,00:00:00,0.0,0.6,-0.6,204.0
2025-05-27 14:51:50.282,0.7,nan,0.0,0.0,00:00:00,0.0,0.6,-0.7,204.0
2025-05-27 14:51:51.282,0.7,nan,0.0,0.1,00:00:00,0.0,0.6,-0.7,204.0
2025-05-27 14:51:52.283,0.7,nan,0.0,0.1,00:00:00,0.0,0.6,-0.6,204.0
2025-05-27 14:51:53.285,0.7,nan,0.0,0.1,00:00:00,0.0,0.6,-0.6,204.0
2025-05-27 14:51:54.284,0.7,nan,0.0,0.1,00:00:00,0.0,0.6,-0.6,204.0
2025-05-27 14:51:55.286,0.7,nan,-0.0,0.1,00:00:00,0.0,0.7,-0.6,204.0
2025-05-27 14:51:56.285,0.7,nan,0.0,0.1,00:00:00,0.0,0.7,-0.5,204.0
2025-05-27 14:51:57.285,0.7,nan,-0.0,0.0,00:00:00,0.0,0.8,-0.5,204.0
2025-05-27 14:51:58.281,0.6,nan,-0.0,0.1,00:00:00,0.0,0.9,-0.5,204.0
2025-05-27 14:51:59.285,0.6,nan,0.0,0.1,00:00:00,0.0,1.0,-0.5,204.0
2025-05-27 14:52:00.284,0.6,nan,-0.0,0.1,00:00:00,0.0,0.9,-0.5,204.0
2025-05-27 14:52:01.284,0.5,nan,0.0,0.1,00:00:00,0.0,0.8,-0.6,204.0
2025-05-27 14:52:02.283,0.5,nan,0.0,0.1,00:00:00,0.0,0.8,-0.6,204.0
2025-05-27 14:52:03.285,0.6,nan,0.0,0.1,00:00:00,0.0,0.7,-0.6,204.0
2025-05-27 14:52:04.283,0.6,nan,0.0,0.1,00:00:00,0.0,0.7,-0.5,204.0
2025-05-27 14:52:05.283,0.6,nan,0.0,0.1,00:00:00,0.0,0.7,-0.5,204.0
2025-05-27 14:52:06.284,0.7,nan,0.0,0.1,00:00:00,0.0,0.6,-0.5,204.0
2025-05-27 14:52:07.283,0.7,nan,0.1,0.1,00:00:00,0.0,0.6,-0.5,204.0
2025-05-27 14:52:08.284,0.7,nan,0.1,0.1,00:00:00,0.0,0.6,-0.5,204.0
2025-05-27 14:52:09.285,0.7,nan,0.0,0.1,00:00:00,0.0,0.5,-0.4,204.0
2025-05-27 14:52:10.286,0.7,nan,0.0,0.1,00:00:00,0.0,0.5,-0.4,204.0
2025-05-27 14:52:11.283,0.7,nan,0.0,0.2,00:00:00,0.0,0.5,-0.3,204.0
2025-05-27 14:52:12.286,0.6,nan,0.0,0.2,00:00:00,0.0,0.6,-0.3,204.0
2025-05-27 14:52:13.284,0.7,nan,0.0,0.2,00:00:00,0.0,0.6,-0.3,204.0
2025-05-27 14:52:14.284,0.7,nan,0.0,0.2,00:00:00,0.0,0.6,-0.3,203.0
2025-05-27 14:52:15.284,0.7,nan,0.0,0.2,00:00:00,0.0,0.6,-0.2,203.0
2025-05-27 14:52:16.283,0.7,nan,0.0,0.2,00:00:00,0.0,0.6,-0.2,203.0
2025-05-27 14:52:17.282,0.7,nan,0.0,0.2,00:00:00,0.0,0.6,-0.2,203.0
2025-05-27 14:52:18.283,0.7,nan,0.0,0.2,00:00:00,0.0,0.6,-0.1,203.0
2025-05-27 14:52:19.285,0.8,nan,0.0,0.2,00:00:00,0.0,0.7,-0.1,203.0
2025-05-27 14:52:20.284,0.8,nan,0.0,0.1,00:00:00,0.0,0.8,-0.1,203.0
2025-05-27 14:52:21.286,0.8,nan,0.0,0.1,00:00:00,0.0,0.8,-0.1,203.0
2025-05-27 14:52:22.281,0.9,nan,0.0,0.1,00:00:00,0.0,0.8,-0.2,203.0
2025-05-27 14:52:23.285,0.8,nan,0.0,0.1,00:00:00,0.0,0.8,-0.2,203.0
2025-05-27 14:52:24.286,0.8,nan,0.0,0.1,00:00:00,0.0,0.8,-0.3,203.0
2025-05-27 14:52:25.286,0.9,nan,0.0,0.1,00:00:00,0.0,0.8,-0.4,203.0
2025-05-27 14:52:26.286,0.9,nan,0.0,0.1,00:00:00,0.0,0.8,-0.4,203.0
2025-05-27 14:52:27.282,1.0,nan,0.0,0.1,00:00:00,0.0,0.8,-0.5,203.0
2025-05-27 14:52:28.286,0.9,nan,0.0,0.1,00:00:00,0.0,0.8,-0.5,203.0
2025-05-27 14:52:29.285,0.9,nan,0.0,0.1,00:00:00,0.0,0.8,-0.5,203.0
2025-05-27 14:52:30.286,0.9,nan,0.0,0.1,00:00:00,0.0,0.8,-0.4,203.0
2025-05-27 14:52:31.285,0.9,nan,0.0,0.1,00:00:00,0.0,0.8,-0.4,203.0
2025-05-27 14:52:32.285,0.8,nan,-0.0,0.1,00:00:00,0.0,0.8,-0.5,203.0
2025-05-27 14:52:33.286,0.9,nan,-0.0,0.1,00:00:00,0.0,0.8,-0.5,203.0
2025-05-27 14:52:34.285,0.8,nan,-0.0,0.1,00:00:00,0.0,0.8,-0.5,203.0
2025-05-27 14:52:35.282,0.8,nan,0.0,0.1,00:00:00,0.0,0.8,-0.5,203.0
2025-05-27 14:52:36.282,0.8,nan,-0.0,0.0,00:00:00,0.0,0.8,-0.4,203.0
2025-05-27 14:52:37.286,0.8,nan,-0.0,0.0,00:00:00,0.0,0.8,-0.4,203.0
2025-05-27 14:52:38.286,0.8,nan,-0.0,0.0,00:00:00,0.0,0.8,-0.4,203.0
2025-05-27 14:52:39.288,0.8,nan,-0.0,0.0,00:00:00,0.0,0.7,-0.4,203.0
2025-05-27 14:52:40.284,0.9,nan,0.0,0.1,00:00:00,0.0,0.7,-0.4,203.0
2025-05-27 14:52:41.286,0.9,nan,-0.0,0.1,00:00:00,0.0,0.7,-0.5,203.0
2025-05-27 14:52:42.281,0.9,nan,0.0,0.1,00:00:00,0.0,0.7,-0.5,204.0
2025-05-27 14:52:43.286,0.9,nan,0.0,0.1,00:00:00,0.0,0.7,-0.5,204.0
2025-05-27 14:52:44.285,0.9,nan,0.0,0.0,00:00:00,0.0,0.6,-0.5,203.0
2025-05-27 14:52:45.285,0.9,nan,0.0,0.0,00:00:00,0.0,0.5,-0.5,203.0
2025-05-27 14:52:46.285,0.9,nan,0.0,0.1,00:00:00,0.0,0.5,-0.5,203.0
2025-05-27 14:52:47.281,0.9,nan,0.0,0.1,00:00:00,0.0,0.5,-0.5,203.0
2025-05-27 14:52:48.286,0.8,nan,0.0,0.1,00:00:00,0.0,0.5,-0.5,203.0
2025-05-27 14:52:49.285,0.8,nan,0.0,0.1,00:00:00,0.0,0.6,-0.5,203.0
2025-05-27 14:52:50.282,0.9,nan,0.0,0.1,00:00:00,0.0,0.7,-0.5,203.0
2025-05-27 14:52:51.287,0.9,nan,0.0,0.0,00:00:00,0.0,0.7,-0.4,203.0
2025-05-27 14:52:52.285,0.8,nan,0.0,0.0,00:00:00,0.0,0.7,-0.4,203.0
2025-05-27 14:52:53.282,0.8,nan,0.0,0.0,00:00:00,0.0,0.7,-0.4,203.0
2025-05-27 14:52:54.283,0.8,nan,0.0,0.1,00:00:00,0.0,0.6,-0.5,203.0
2025-05-27 14:52:55.284,0.8,nan,0.0,0.1,00:00:00,0.0,0.5,-0.4,203.0
2025-05-27 14:52:56.283,0.7,nan,-0.0,0.1,00:00:00,0.0,0.6,-0.4,203.0
2025-05-27 14:52:57.285,0.7,nan,-0.0,0.1,00:00:00,0.0,0.6,-0.4,203.0
2025-05-27 14:52:58.284,0.7,nan,-0.0,0.1,00:00:00,0.0,0.6,-0.4,203.0
2025-05-27 14:52:59.283,0.8,nan,0.0,0.0,00:00:00,0.0,0.6,-0.4,203.0
2025-05-27 14:53:00.284,0.8,nan,-0.0,0.0,00:00:00,0.0,0.7,-0.4,203.0
2025-05-27 14:53:01.285,0.8,nan,-0.0,0.0,00:00:00,0.0,0.7,-0.4,203.0
2025-05-27 14:53:02.283,0.8,nan,0.0,0.0,00:00:00,0.0,0.6,-0.4,203.0
2025-05-27 14:53:03.283,0.8,nan,0.0,0.1,00:00:00,0.0,0.6,-0.3,203.0
2025-05-27 14:53:04.286,0.9,nan,0.0,0.1,00:00:00,0.0,0.6,-0.4,203.0
2025-05-27 14:53:05.285,0.9,nan,0.0,0.1,00:00:00,0.0,0.7,-0.3,203.0
2025-05-27 14:53:06.286,0.8,nan,0.0,0.1,00:00:00,0.0,0.7,-0.3,203.0
2025-05-27 14:53:07.282,0.8,nan,0.0,0.1,00:00:00,0.0,0.7,-0.4,203.0
2025-05-27 14:53:08.283,0.8,nan,0.0,0.1,00:00:00,0.0,0.7,-0.4,203.0
2025-05-27 14:53:09.284,0.9,nan,0.0,0.0,00:00:00,0.0,0.7,-0.4,203.0
2025-05-27 14:53:10.282,0.9,nan,0.0,0.0,00:00:00,0.0,0.7,-0.3,203.0
2025-05-27 14:53:11.283,0.9,nan,0.0,0.1,00:00:00,0.0,0.6,-0.4,203.0
2025-05-27 14:53:12.284,1.0,nan,0.0,0.1,00:00:00,0.0,0.6,-0.4,203.0
2025-05-27 14:53:13.285,1.0,nan,0.0,0.1,00:00:00,0.0,0.5,-0.4,203.0
2025-05-27 14:53:14.284,1.0,nan,0.0,0.1,00:00:00,0.0,0.6,-0.4,203.0
2025-05-27 14:53:15.283,1.0,nan,-0.0,0.1,00:00:00,0.0,0.6,-0.4,203.0
2025-05-27 14:53:16.283,0.9,nan,-0.0,0.1,00:00:00,0.0,0.6,-0.4,203.0
2025-05-27 14:53:17.284,0.9,nan,-0.0,0.1,00:00:00,0.0,0.6,-0.3,203.0
2025-05-27 14:53:18.287,0.9,nan,-0.0,0.1,00:00:00,0.0,0.6,-0.3,203.0
2025-05-27 14:53:19.282,0.9,nan,-0.0,0.1,00:00:00,0.0,0.6,-0.3,203.0
2025-05-27 14:53:20.283,1.0,nan,-0.0,0.1,00:00:00,0.0,0.6,-0.3,203.0
2025-05-27 14:53:21.283,1.0,nan,-0.0,0.0,00:00:00,0.0,0.6,-0.3,203.0
2025-05-27 14:53:22.284,1.0,nan,0.0,0.1,00:00:00,0.0,0.6,-0.2,203.0
2025-05-27 14:53:23.281,1.1,nan,0.0,0.1,00:00:00,0.0,0.6,-0.2,203.0
2025-05-27 14:53:24.286,1.1,nan,0.0,0.1,00:00:00,0.0,0.5,-0.3,203.0
2025-05-27 14:53:25.284,1.2,nan,0.0,0.1,00:00:00,0.0,0.5,-0.3,203.0
2025-05-27 14:53:26.284,1.2,nan,0.0,0.1,00:00:00,0.0,0.5,-0.3,203.0
2025-05-27 14:53:27.286,1.2,nan,0.0,0.1,00:00:00,0.0,0.5,-0.3,203.0
2025-05-27 14:53:28.282,1.1,nan,0.0,0.1,00:00:00,0.0,0.6,-0.4,203.0
2025-05-27 14:53:29.282,1.2,nan,0.0,0.1,00:00:00,0.0,0.6,-0.4,203.0
2025-05-27 14:53:30.282,1.2,nan,-0.0,0.0,00:00:00,0.0,0.6,-0.4,203.0
2025-05-27 14:53:31.282,1.2,nan,0.0,0.0,00:00:00,0.0,0.5,-0.5,203.0
2025-05-27 14:53:32.286,1.2,nan,0.0,0.0,00:00:00,0.0,0.6,-0.4,203.0
2025-05-27 14:53:33.284,1.2,nan,0.0,0.0,00:00:00,0.0,0.6,-0.5,203.0
2025-05-27 14:53:34.282,1.1,nan,0.0,0.0,00:00:00,0.0,0.6,-0.5,203.0
2025-05-27 14:53:35.284,1.2,nan,0.0,0.1,00:00:00,0.0,0.6,-0.5,203.0
2025-05-27 14:53:36.282,1.1,nan,0.0,0.0,00:00:00,0.0,0.7,-0.5,202.0
2025-05-27 14:53:37.282,1.1,nan,0.0,0.0,00:00:00,0.0,0.7,-0.5,203.0
2025-05-27 14:53:38.282,1.1,nan,0.0,0.0,00:00:00,0.0,0.7,-0.5,203.0
2025-05-27 14:53:39.286,1.1,nan,0.0,0.0,00:00:00,0.0,0.6,-0.6,202.0
2025-05-27 14:53:40.283,1.1,nan,0.0,0.0,00:00:00,0.0,0.6,-0.5,203.0
2025-05-27 14:53:41.285,1.0,nan,0.0,0.0,00:00:00,0.0,0.5,-0.5,203.0
2025-05-27 14:53:42.285,1.0,nan,0.0,0.0,00:00:00,0.0,0.5,-0.5,203.0
2025-05-27 14:53:43.282,1.0,nan,0.0,0.0,00:00:00,0.0,0.5,-0.5,203.0
2025-05-27 14:53:44.281,1.1,nan,0.0,0.0,00:00:00,0.0,0.6,-0.5,203.0
2025-05-27 14:53:45.282,1.1,nan,0.0,0.0,00:00:00,0.0,0.6,-0.5,203.0
2025-05-27 14:53:46.282,1.1,nan,-0.0,0.1,00:00:00,0.0,0.5,-0.5,203.0
2025-05-27 14:53:47.282,1.1,nan,0.0,0.1,00:00:00,0.0,0.6,-0.5,203.0
2025-05-27 14:53:48.283,1.2,nan,0.0,0.1,00:00:00,0.0,0.6,-0.5,203.0
2025-05-27 14:53:49.282,1.2,nan,0.0,0.1,00:00:00,0.0,0.6,-0.5,203.0
2025-05-27 14:53:50.286,1.2,nan,0.0,0.1,00:00:00,0.0,0.6,-0.5,203.0
2025-05-27 14:53:51.285,1.3,nan,0.0,0.1,00:00:00,0.0,0.5,-0.4,203.0
2025-05-27 14:53:52.288,1.3,nan,0.0,0.1,00:00:00,0.0,0.5,-0.4,203.0
2025-05-27 14:53:53.285,1.3,nan,0.0,0.1,00:00:00,0.0,0.5,-0.4,203.0
2025-05-27 14:53:54.282,1.3,nan,0.0,0.1,00:00:00,0.0,0.5,-0.3,203.0
2025-05-27 14:53:55.283,1.2,nan,0.0,0.1,00:00:00,0.0,0.5,-0.3,203.0
2025-05-27 14:53:56.287,1.2,nan,0.0,0.1,00:00:00,0.0,0.6,-0.3,203.0
2025-05-27 14:53:57.284,1.2,nan,-0.0,0.1,00:00:00,0.0,0.5,-0.3,203.0
2025-05-27 14:53:58.285,1.2,nan,-0.0,0.1,00:00:00,0.0,0.5,-0.3,203.0
2025-05-27 14:53:59.285,1.2,nan,-0.0,0.1,00:00:00,0.0,0.5,-0.4,203.0
2025-05-27 14:54:00.283,1.2,nan,-0.0,0.1,00:00:00,0.0,0.5,-0.4,203.0
2025-05-27 14:54:01.285,1.2,nan,-0.0,0.1,00:00:00,0.0,0.6,-0.4,203.0
2025-05-27 14:54:02.283,1.1,nan,-0.0,0.1,00:00:00,0.0,0.6,-0.4,203.0
2025-05-27 14:54:03.285,1.2,nan,-0.0,0.1,00:00:00,0.0,0.6,-0.4,203.0
2025-05-27 14:54:04.282,1.1,nan,-0.0,0.1,00:00:00,0.0,0.7,-0.4,203.0
2025-05-27 14:54:05.282,1.2,nan,-0.0,0.1,00:00:00,0.0,0.7,-0.5,203.0
2025-05-27 14:54:06.286,1.1,nan,-0.0,0.1,00:00:00,0.0,0.8,-0.4,203.0
2025-05-27 14:54:07.283,1.0,nan,-0.0,0.1,00:00:00,0.0,0.6,-0.4,203.0
2025-05-27 14:54:08.283,1.0,nan,-0.0,0.1,00:00:00,0.0,0.6,-0.4,203.0
2025-05-27 14:54:09.284,1.1,nan,-0.0,0.1,00:00:00,0.0,0.7,-0.4,203.0
2025-05-27 14:54:10.283,1.0,nan,-0.0,0.1,00:00:00,0.0,0.6,-0.3,203.0
2025-05-27 14:54:11.282,1.0,nan,-0.0,0.0,00:00:00,0.0,0.6,-0.2,203.0
2025-05-27 14:54:12.285,1.0,nan,-0.0,0.0,00:00:00,0.0,0.6,-0.3,203.0
2025-05-27 14:54:13.282,0.9,nan,-0.0,0.1,00:00:00,0.0,0.6,-0.2,203.0
2025-05-27 14:54:14.284,0.9,nan,-0.0,0.1,00:00:00,0.0,0.6,-0.3,203.0
2025-05-27 14:54:15.286,0.9,nan,-0.0,0.1,00:00:00,0.0,0.6,-0.3,203.0
2025-05-27 14:54:16.285,0.9,nan,-0.0,0.1,00:00:00,0.0,0.6,-0.3,203.0
2025-05-27 14:54:17.284,0.9,nan,-0.0,0.1,00:00:00,0.0,0.6,-0.4,203.0
2025-05-27 14:54:18.285,1.0,nan,-0.0,0.1,00:00:00,0.0,0.6,-0.4,203.0
2025-05-27 14:54:19.285,1.0,nan,-0.0,0.1,00:00:00,0.0,0.6,-0.4,203.0
2025-05-27 14:54:20.282,1.0,nan,-0.0,0.1,00:00:00,0.0,0.6,-0.4,203.0
2025-05-27 14:54:21.285,1.0,nan,-0.0,0.0,00:00:00,0.0,0.7,-0.4,203.0
2025-05-27 14:54:22.286,1.0,nan,-0.0,0.1,00:00:00,0.0,0.7,-0.5,203.0
2025-05-27 14:54:23.285,1.0,nan,-0.0,0.1,00:00:00,0.0,0.7,-0.4,203.0
2025-05-27 14:54:24.283,1.0,nan,0.0,0.0,00:00:00,0.0,0.7,-0.5,203.0
2025-05-27 14:54:25.286,1.1,nan,0.0,0.0,00:00:00,0.0,0.7,-0.4,203.0
2025-05-27 14:54:26.283,1.1,nan,0.0,0.0,00:00:00,0.0,0.7,-0.4,203.0
2025-05-27 14:54:27.285,1.1,nan,-0.0,0.0,00:00:00,0.0,0.7,-0.4,203.0
2025-05-27 14:54:28.282,1.1,nan,-0.0,0.1,00:00:00,0.0,0.7,-0.4,203.0
2025-05-27 14:54:29.283,1.1,nan,-0.0,0.1,00:00:00,0.0,0.6,-0.4,203.0
2025-05-27 14:54:30.285,1.1,nan,-0.0,0.0,00:00:00,0.0,0.7,-0.4,203.0
2025-05-27 14:54:31.283,1.1,nan,-0.0,0.0,00:00:00,0.0,0.6,-0.4,203.0
2025-05-27 14:54:32.283,1.1,nan,-0.0,0.1,00:00:00,0.0,0.6,-0.4,203.0
2025-05-27 14:54:33.281,1.0,nan,-0.0,0.1,00:00:00,0.0,0.6,-0.4,203.0
2025-05-27 14:54:34.285,1.0,nan,-0.0,0.1,00:00:00,0.0,0.6,-0.4,203.0
2025-05-27 14:54:35.285,1.0,nan,-0.0,0.0,00:00:00,0.0,0.7,-0.5,203.0
2025-05-27 14:54:36.286,1.0,nan,-0.0,0.0,00:00:00,0.0,0.7,-0.4,203.0
2025-05-27 14:54:37.281,1.0,nan,-0.0,0.0,00:00:00,0.0,0.8,-0.4,203.0
2025-05-27 14:54:38.281,1.0,nan,-0.0,0.0,00:00:00,0.0,0.6,-0.5,203.0
2025-05-27 14:54:39.287,1.0,nan,-0.0,0.1,00:00:00,0.0,0.6,-0.5,203.0
2025-05-27 14:54:40.286,1.0,nan,0.0,0.1,00:00:00,0.0,0.6,-0.4,203.0
2025-05-27 14:54:41.285,1.0,nan,-0.0,0.1,00:00:00,0.0,0.6,-0.4,203.0
2025-05-27 14:54:42.287,1.0,nan,-0.0,0.1,00:00:00,0.0,0.6,-0.4,203.0
2025-05-27 14:54:43.284,1.0,nan,-0.0,0.0,00:00:00,0.0,0.5,-0.3,203.0
2025-05-27 14:54:44.285,1.0,nan,-0.0,0.1,00:00:00,0.0,0.5,-0.3,203.0
2025-05-27 14:54:45.281,1.0,nan,-0.0,0.1,00:00:00,0.0,0.5,-0.3,203.0
2025-05-27 14:54:46.286,1.0,nan,-0.0,0.1,00:00:00,0.0,0.5,-0.3,203.0
2025-05-27 14:54:47.281,1.0,nan,-0.0,0.1,00:00:00,0.0,0.5,-0.3,203.0
2025-05-27 14:54:48.283,1.0,nan,0.0,0.1,00:00:00,0.0,0.6,-0.3,203.0
2025-05-27 14:54:49.284,1.0,nan,0.0,0.1,00:00:00,0.0,0.6,-0.3,203.0
2025-05-27 14:54:50.285,1.0,nan,0.0,0.1,00:00:00,0.0,0.6,-0.3,203.0
2025-05-27 14:54:51.285,1.0,nan,-0.0,0.1,00:00:00,0.0,0.7,-0.3,203.0
2025-05-27 14:54:52.285,1.0,nan,-0.0,0.1,00:00:00,0.0,0.6,-0.3,203.0
2025-05-27 14:54:53.284,1.0,nan,-0.0,0.1,00:00:00,0.0,0.7,-0.3,203.0
2025-05-27 14:54:54.285,1.1,nan,0.0,0.1,00:00:00,0.0,0.6,-0.3,203.0
2025-05-27 14:54:55.284,1.1,nan,0.0,0.1,00:00:00,0.0,0.7,-0.3,203.0
2025-05-27 14:54:56.283,1.1,nan,0.0,0.1,00:00:00,0.0,0.7,-0.2,202.0
2025-05-27 14:54:57.281,1.2,nan,0.0,0.1,00:00:00,0.0,0.7,-0.2,202.0
2025-05-27 14:54:58.285,1.2,nan,0.0,0.1,00:00:00,0.0,0.6,-0.3,203.0
2025-05-27 14:54:59.282,1.3,nan,0.0,0.1,00:00:00,0.0,0.6,-0.3,203.0
2025-05-27 14:55:00.285,1.3,nan,0.0,0.1,00:00:00,0.0,0.7,-0.3,203.0
2025-05-27 14:55:01.285,1.2,nan,0.0,0.1,00:00:00,0.0,0.6,-0.3,203.0
2025-05-27 14:55:02.282,1.2,nan,0.0,0.1,00:00:00,0.0,0.6,-0.3,202.0
2025-05-27 14:55:03.285,1.2,nan,0.0,0.1,00:00:00,0.0,0.6,-0.3,203.0
2025-05-27 14:55:04.285,1.2,nan,0.0,0.1,00:00:00,0.0,0.6,-0.3,202.0
2025-05-27 14:55:05.285,1.2,nan,-0.0,0.1,00:00:00,0.0,0.6,-0.4,202.0
2025-05-27 14:55:06.286,1.1,nan,-0.0,0.1,00:00:00,0.0,0.6,-0.4,202.0
2025-05-27 14:55:07.284,1.1,nan,-0.0,0.0,00:00:00,0.0,0.6,-0.4,202.0
2025-05-27 14:55:08.282,1.1,nan,-0.0,0.0,00:00:00,0.0,0.6,-0.5,202.0
2025-05-27 14:55:09.285,1.0,nan,-0.0,0.0,00:00:00,0.0,0.6,-0.5,202.0
2025-05-27 14:55:10.282,1.0,nan,-0.0,0.0,00:00:00,0.0,0.7,-0.5,202.0
2025-05-27 14:55:11.283,1.0,nan,-0.0,0.0,00:00:00,0.0,0.7,-0.5,202.0
2025-05-27 14:55:12.284,1.0,nan,-0.0,0.0,00:00:00,0.0,0.7,-0.5,203.0
2025-05-27 14:55:13.282,1.0,nan,-0.0,0.0,00:00:00,0.0,0.7,-0.5,203.0
2025-05-27 14:55:14.283,1.0,nan,-0.0,0.0,00:00:00,0.0,0.7,-0.5,202.0
2025-05-27 14:55:15.282,1.0,nan,0.0,0.0,00:00:00,0.0,0.7,-0.5,202.0
2025-05-27 14:55:16.286,1.1,nan,0.0,0.0,00:00:00,0.0,0.6,-0.5,202.0
2025-05-27 14:55:17.285,1.1,nan,0.0,0.0,00:00:00,0.0,0.5,-0.7,202.0
2025-05-27 14:55:18.282,1.1,nan,0.0,0.1,00:00:00,0.0,0.5,-0.6,202.0
2025-05-27 14:55:19.285,1.2,nan,0.0,0.1,00:00:00,0.0,0.6,-0.5,202.0
2025-05-27 14:55:20.282,1.2,nan,0.0,0.1,00:00:00,0.0,0.6,-0.5,202.0
2025-05-27 14:55:21.284,1.2,nan,0.0,0.0,00:00:00,0.0,0.6,-0.5,202.0
2025-05-27 14:55:22.283,1.2,nan,0.0,0.0,00:00:00,0.0,0.5,-0.5,202.0
2025-05-27 14:55:23.285,1.2,nan,0.0,0.1,00:00:00,0.0,0.6,-0.5,202.0
2025-05-27 14:55:24.282,1.3,nan,0.0,0.1,00:00:00,0.0,0.5,-0.5,202.0
2025-05-27 14:55:25.282,1.3,nan,0.0,0.1,00:00:00,0.0,0.6,-0.5,202.0
2025-05-27 14:55:26.285,1.3,nan,0.0,0.1,00:00:00,0.0,0.6,-0.5,202.0
2025-05-27 14:55:27.283,1.3,nan,-0.0,0.1,00:00:00,0.0,0.6,-0.5,202.0
2025-05-27 14:55:28.283,1.3,nan,-0.0,0.1,00:00:00,0.0,0.7,-0.5,202.0
2025-05-27 14:55:29.285,1.3,nan,-0.0,0.1,00:00:00,0.0,0.7,-0.5,202.0
2025-05-27 14:55:30.283,1.3,nan,-0.0,0.1,00:00:00,0.0,0.7,-0.5,202.0
2025-05-27 14:55:31.285,1.3,nan,-0.0,0.1,00:00:00,0.0,0.7,-0.4,202.0
2025-05-27 14:55:32.283,1.3,nan,-0.0,0.1,00:00:00,0.0,0.6,-0.3,202.0
2025-05-27 14:55:33.286,1.3,nan,-0.0,0.1,00:00:00,0.0,0.6,-0.3,202.0
2025-05-27 14:55:34.286,1.3,nan,-0.0,0.1,00:00:00,0.0,0.6,-0.3,202.0
2025-05-27 14:55:35.285,1.2,nan,-0.0,0.1,00:00:00,0.0,0.6,-0.3,202.0
2025-05-27 14:55:36.282,1.2,nan,-0.0,0.1,00:00:00,0.0,0.6,-0.2,202.0
2025-05-27 14:55:37.283,1.2,nan,-0.0,0.1,00:00:00,0.0,0.6,-0.3,202.0
2025-05-27 14:55:38.283,1.2,nan,-0.0,0.1,00:00:00,0.0,0.6,-0.3,202.0
2025-05-27 14:55:39.286,1.1,nan,-0.0,0.1,00:00:00,0.0,0.6,-0.3,202.0
2025-05-27 14:55:40.283,1.1,nan,-0.0,0.1,00:00:00,0.0,0.6,-0.3,202.0
2025-05-27 14:55:41.284,1.1,nan,-0.0,0.1,00:00:00,0.0,0.6,-0.4,202.0
2025-05-27 14:55:42.285,1.1,nan,-0.0,0.1,00:00:00,0.0,0.7,-0.5,202.0
2025-05-27 14:55:43.283,1.2,nan,0.0,0.0,00:00:00,0.0,0.8,-0.4,202.0
2025-05-27 14:55:44.283,1.3,nan,0.0,0.0,00:00:00,0.0,0.8,-0.4,202.0
2025-05-27 14:55:45.283,1.3,nan,0.0,0.0,00:00:00,0.0,0.9,-0.4,202.0
2025-05-27 14:55:46.282,1.3,nan,0.0,0.0,00:00:00,0.0,0.8,-0.4,202.0
2025-05-27 14:55:47.282,1.3,nan,-0.0,0.0,00:00:00,0.0,0.8,-0.4,202.0
2025-05-27 14:55:48.286,1.2,nan,-0.0,0.0,00:00:00,0.0,0.9,-0.4,202.0
2025-05-27 14:55:49.286,1.1,nan,-0.0,0.0,00:00:00,0.0,0.8,-0.4,202.0
2025-05-27 14:55:50.285,1.1,nan,-0.0,0.0,00:00:00,0.0,0.8,-0.4,202.0
2025-05-27 14:55:51.285,1.1,nan,-0.0,0.0,00:00:00,0.0,0.8,-0.4,202.0
2025-05-27 14:55:52.283,1.0,nan,-0.0,0.0,00:00:00,0.0,0.7,-0.4,202.0
2025-05-27 14:55:53.281,1.1,nan,-0.0,0.0,00:00:00,0.0,0.7,-0.4,202.0
2025-05-27 14:55:54.283,1.1,nan,0.0,0.0,00:00:00,0.0,0.8,-0.4,202.0
2025-05-27 14:55:55.286,1.2,nan,0.0,0.1,00:00:00,0.0,0.9,-0.4,203.0
2025-05-27 14:55:56.282,1.1,nan,-0.0,0.0,00:00:00,0.0,0.8,-0.4,203.0
2025-05-27 14:55:57.285,1.1,nan,-0.0,0.0,00:00:00,0.0,0.7,-0.5,203.0
2025-05-27 14:55:58.284,1.2,nan,-0.0,0.1,00:00:00,0.0,0.7,-0.4,203.0
2025-05-27 14:55:59.286,1.2,nan,-0.0,0.1,00:00:00,0.0,0.7,-0.5,203.0
2025-05-27 14:56:00.282,1.2,nan,0.0,0.0,00:00:00,0.0,0.8,-0.5,203.0
2025-05-27 14:56:01.283,1.3,nan,0.0,0.0,00:00:00,0.0,0.8,-0.5,203.0
2025-05-27 14:56:02.283,1.4,nan,0.0,0.0,00:00:00,0.0,0.8,-0.5,203.0
2025-05-27 14:56:03.283,1.5,nan,0.0,0.0,00:00:00,0.0,0.8,-0.4,203.0
2025-05-27 14:56:04.282,1.5,nan,0.1,0.0,00:00:00,0.0,0.9,-0.4,203.0
2025-05-27 14:56:05.282,1.5,nan,0.0,0.0,00:00:00,0.0,0.8,-0.4,203.0
2025-05-27 14:56:06.285,1.5,nan,0.0,0.0,00:00:00,0.0,0.8,-0.4,203.0
2025-05-27 14:56:07.285,1.5,nan,0.0,0.0,00:00:00,0.0,0.8,-0.5,203.0
2025-05-27 14:56:08.284,1.5,nan,0.0,0.0,00:00:00,0.0,0.8,-0.5,203.0
2025-05-27 14:56:09.285,1.4,nan,-0.0,0.0,00:00:00,0.0,0.8,-0.4,203.0
2025-05-27 14:56:10.285,1.4,nan,-0.0,0.0,00:00:00,0.0,0.8,-0.4,203.0
2025-05-27 14:56:11.286,1.4,nan,0.0,0.1,00:00:00,0.0,0.9,-0.4,203.0
2025-05-27 14:56:12.283,1.3,nan,0.0,0.1,00:00:00,0.0,0.8,-0.4,203.0
2025-05-27 14:56:13.282,1.3,nan,0.0,0.1,00:00:00,0.0,0.8,-0.4,203.0
2025-05-27 14:56:14.283,1.4,nan,0.0,0.1,00:00:00,0.0,0.9,-0.4,203.0
2025-05-27 14:56:15.285,1.3,nan,0.0,0.1,00:00:00,0.0,0.8,-0.4,203.0
2025-05-27 14:56:16.283,1.3,nan,0.0,0.0,00:00:00,0.0,0.8,-0.4,203.0
2025-05-27 14:56:17.286,1.3,nan,0.0,0.0,00:00:00,0.0,0.8,-0.4,203.0
2025-05-27 14:56:18.284,1.3,nan,0.0,0.0,00:00:00,0.0,0.8,-0.4,203.0
2025-05-27 14:56:19.285,1.2,nan,-0.0,0.1,00:00:00,0.0,0.8,-0.5,203.0
2025-05-27 14:56:20.284,1.2,nan,-0.0,0.1,00:00:00,0.0,0.8,-0.4,203.0
2025-05-27 14:56:21.286,1.1,nan,-0.0,0.1,00:00:00,0.0,0.8,-0.5,203.0
2025-05-27 14:56:22.285,1.1,nan,-0.0,0.1,00:00:00,0.0,0.8,-0.4,203.0
2025-05-27 14:56:23.285,1.0,nan,-0.0,0.1,00:00:00,0.0,0.7,-0.5,203.0
2025-05-27 14:56:24.282,1.1,nan,-0.0,0.1,00:00:00,0.0,0.7,-0.4,203.0
2025-05-27 14:56:25.285,1.1,nan,-0.0,0.0,00:00:00,0.0,0.7,-0.4,203.0
2025-05-27 14:56:26.286,1.1,nan,-0.0,0.0,00:00:00,0.0,0.8,-0.3,203.0
2025-05-27 14:56:27.281,1.1,nan,-0.0,0.0,00:00:00,0.0,0.8,-0.3,203.0
2025-05-27 14:56:28.282,1.1,nan,-0.0,0.1,00:00:00,0.0,0.9,-0.3,203.0
2025-05-27 14:56:29.283,1.1,nan,-0.0,0.0,00:00:00,0.0,0.7,-0.3,203.0
2025-05-27 14:56:30.285,1.1,nan,-0.0,0.0,00:00:00,0.0,0.7,-0.4,203.0
2025-05-27 14:56:31.285,1.1,nan,-0.0,0.0,00:00:00,0.0,0.7,-0.3,203.0
2025-05-27 14:56:32.283,1.1,nan,-0.0,0.0,00:00:00,0.0,0.6,-0.3,203.0
2025-05-27 14:56:33.285,1.2,nan,-0.0,0.1,00:00:00,0.0,0.6,-0.3,203.0
2025-05-27 14:56:34.283,1.2,nan,0.0,0.1,00:00:00,0.0,0.6,-0.4,203.0
2025-05-27 14:56:35.285,1.2,nan,0.0,0.1,00:00:00,0.0,0.6,-0.4,203.0
2025-05-27 14:56:36.283,1.2,nan,0.0,0.0,00:00:00,0.0,0.7,-0.4,203.0
2025-05-27 14:56:37.286,1.2,nan,0.0,0.0,00:00:00,0.0,0.7,-0.3,203.0
2025-05-27 14:56:38.285,1.2,nan,0.0,0.0,00:00:00,0.0,0.8,-0.3,203.0
2025-05-27 14:56:39.285,1.3,nan,0.0,0.0,00:00:00,0.0,0.8,-0.4,203.0
2025-05-27 14:56:40.283,1.3,nan,0.0,0.0,00:00:00,0.0,0.8,-0.4,203.0
2025-05-27 14:56:41.285,1.2,nan,0.0,0.0,00:00:00,0.0,0.8,-0.4,203.0
2025-05-27 14:56:42.283,1.2,nan,-0.0,0.0,00:00:00,0.0,0.7,-0.5,203.0
2025-05-27 14:56:43.281,1.1,nan,-0.0,0.0,00:00:00,0.0,0.7,-0.5,203.0
2025-05-27 14:56:44.285,1.1,nan,-0.0,0.1,00:00:00,0.0,0.7,-0.5,203.0
2025-05-27 14:56:45.283,1.0,nan,-0.0,0.1,00:00:00,0.0,0.7,-0.6,203.0
2025-05-27 14:56:46.285,1.0,nan,-0.0,0.0,00:00:00,0.0,0.8,-0.5,203.0
2025-05-27 14:56:47.285,1.0,nan,-0.0,0.0,00:00:00,0.0,0.8,-0.5,203.0
2025-05-27 14:56:48.282,1.0,nan,-0.0,0.1,00:00:00,0.0,0.8,-0.5,203.0
2025-05-27 14:56:49.283,1.1,nan,-0.0,0.1,00:00:00,0.0,0.8,-0.5,203.0
2025-05-27 14:56:50.284,1.1,nan,-0.0,0.1,00:00:00,0.0,0.7,-0.5,203.0
2025-05-27 14:56:51.283,1.1,nan,-0.0,0.1,00:00:00,0.0,0.6,-0.5,203.0
2025-05-27 14:56:52.285,1.1,nan,-0.0,0.1,00:00:00,0.0,0.6,-0.4,203.0
2025-05-27 14:56:53.283,1.1,nan,-0.0,0.0,00:00:00,0.0,0.6,-0.5,203.0
2025-05-27 14:56:54.285,1.2,nan,0.0,0.0,00:00:00,0.0,0.6,-0.4,203.0
2025-05-27 14:56:55.287,1.2,nan,0.0,0.1,00:00:00,0.0,0.5,-0.4,203.0
2025-05-27 14:56:56.283,1.2,nan,0.0,0.1,00:00:00,0.0,0.6,-0.5,203.0
2025-05-27 14:56:57.285,1.3,nan,0.0,0.0,00:00:00,0.0,0.7,-0.4,203.0
2025-05-27 14:56:58.283,1.2,nan,0.0,0.0,00:00:00,0.0,0.7,-0.5,203.0
2025-05-27 14:56:59.286,1.3,nan,0.0,0.0,00:00:00,0.0,0.7,-0.5,203.0
2025-05-27 14:57:00.285,1.2,nan,0.0,0.0,00:00:00,0.0,0.7,-0.5,203.0
2025-05-27 14:57:01.289,1.2,nan,-0.0,0.0,00:00:00,0.0,0.8,-0.5,203.0
2025-05-27 14:57:02.283,1.2,nan,-0.0,0.1,00:00:00,0.0,0.9,-0.5,203.0
2025-05-27 14:57:03.283,1.3,nan,0.0,0.1,00:00:00,0.0,0.9,-0.4,203.0
2025-05-27 14:57:04.285,1.3,nan,-0.0,0.0,00:00:00,0.0,0.8,-0.5,203.0
2025-05-27 14:57:05.283,1.2,nan,-0.0,0.0,00:00:00,0.0,0.8,-0.4,203.0
2025-05-27 14:57:06.283,1.2,nan,-0.0,0.1,00:00:00,0.0,0.9,-0.5,203.0
2025-05-27 14:57:07.286,1.1,nan,-0.0,0.1,00:00:00,0.0,0.9,-0.5,203.0
2025-05-27 14:57:08.283,1.2,nan,-0.0,0.1,00:00:00,0.0,0.8,-0.4,203.0
2025-05-27 14:57:09.285,1.2,nan,-0.0,0.0,00:00:00,0.0,0.8,-0.5,203.0
2025-05-27 14:57:10.282,1.2,nan,-0.0,0.0,00:00:00,0.0,0.8,-0.4,203.0
2025-05-27 14:57:11.283,1.2,nan,0.0,0.0,00:00:00,0.0,0.8,-0.4,203.0
2025-05-27 14:57:12.282,1.2,nan,-0.0,0.1,00:00:00,0.0,0.8,-0.4,203.0
2025-05-27 14:57:13.282,1.2,nan,0.0,0.1,00:00:00,0.0,0.8,-0.4,203.0
2025-05-27 14:57:14.286,1.2,nan,0.0,0.1,00:00:00,0.0,0.8,-0.4,203.0
2025-05-27 14:57:15.285,1.3,nan,0.0,0.1,00:00:00,0.0,0.8,-0.4,203.0
2025-05-27 14:57:16.286,1.2,nan,-0.0,0.1,00:00:00,0.0,0.7,-0.5,203.0
2025-05-27 14:57:17.286,1.3,nan,0.0,0.1,00:00:00,0.0,0.7,-0.5,203.0
2025-05-27 14:57:18.281,1.2,nan,0.0,0.0,00:00:00,0.0,0.7,-0.5,203.0
2025-05-27 14:57:19.285,1.2,nan,-0.0,0.0,00:00:00,0.0,0.6,-0.5,203.0
2025-05-27 14:57:20.282,1.2,nan,-0.0,0.0,00:00:00,0.0,0.6,-0.5,203.0
2025-05-27 14:57:21.283,1.2,nan,-0.0,0.1,00:00:00,0.0,0.6,-0.5,203.0
2025-05-27 14:57:22.283,1.2,nan,-0.0,0.1,00:00:00,0.0,0.6,-0.5,203.0
2025-05-27 14:57:23.285,1.2,nan,-0.0,0.1,00:00:00,0.0,0.6,-0.4,203.0
2025-05-27 14:57:24.286,1.2,nan,-0.0,0.1,00:00:00,0.0,0.6,-0.4,203.0
2025-05-27 14:57:25.287,1.2,nan,0.0,0.1,00:00:00,0.0,0.6,-0.4,203.0
2025-05-27 14:57:26.287,1.3,nan,0.0,0.0,00:00:00,0.0,0.6,-0.4,203.0
2025-05-27 14:57:27.285,1.3,nan,0.0,0.0,00:00:00,0.0,0.6,-0.3,203.0
2025-05-27 14:57:28.285,1.3,nan,0.0,0.0,00:00:00,0.0,0.6,-0.3,203.0
2025-05-27 14:57:29.284,1.4,nan,0.0,0.0,00:00:00,0.0,0.6,-0.2,203.0
2025-05-27 14:57:30.284,1.4,nan,0.0,0.0,00:00:00,0.0,0.6,-0.2,203.0
2025-05-27 14:57:31.287,1.4,nan,0.0,0.1,00:00:00,0.0,0.6,-0.2,203.0
2025-05-27 14:57:32.285,1.3,nan,0.0,0.1,00:00:00,0.0,0.6,-0.1,203.0
2025-05-27 14:57:33.285,1.3,nan,0.0,0.1,00:00:00,0.0,0.6,-0.2,203.0
2025-05-27 14:57:34.284,1.3,nan,0.0,0.1,00:00:00,0.0,0.5,-0.2,203.0
2025-05-27 14:57:35.282,1.4,nan,0.0,0.1,00:00:00,0.0,0.5,-0.3,203.0
2025-05-27 14:57:36.284,1.4,nan,0.0,0.1,00:00:00,0.0,0.5,-0.3,203.0
2025-05-27 14:57:37.284,1.4,nan,0.0,0.1,00:00:00,0.0,0.6,-0.2,203.0
2025-05-27 14:57:38.288,1.4,nan,0.0,0.1,00:00:00,0.0,0.6,-0.3,203.0
2025-05-27 14:57:39.285,1.4,nan,0.0,0.1,00:00:00,0.0,0.6,-0.3,203.0
2025-05-27 14:57:40.286,1.4,nan,-0.0,0.0,00:00:00,0.0,0.6,-0.4,203.0
2025-05-27 14:57:41.285,1.4,nan,-0.0,0.0,00:00:00,0.0,0.6,-0.4,203.0
2025-05-27 14:57:42.283,1.4,nan,0.0,0.0,00:00:00,0.0,0.6,-0.3,203.0
2025-05-27 14:57:43.283,1.4,nan,0.0,0.0,00:00:00,0.0,0.6,-0.4,203.0
2025-05-27 14:57:44.283,1.4,nan,0.0,0.1,00:00:00,0.0,0.7,-0.3,203.0
2025-05-27 14:57:45.287,1.4,nan,0.0,0.0,00:00:00,0.0,0.6,-0.4,203.0
2025-05-27 14:57:46.284,1.4,nan,0.0,0.0,00:00:00,0.0,0.6,-0.4,203.0
2025-05-27 14:57:47.284,1.4,nan,0.0,0.0,00:00:00,0.0,0.6,-0.4,203.0
2025-05-27 14:57:48.300,1.4,nan,0.0,0.0,00:00:00,0.0,0.6,-0.4,203.0
2025-05-27 14:57:49.285,1.4,nan,0.0,0.1,00:00:00,0.0,0.6,-0.3,203.0
2025-05-27 14:57:50.288,1.4,nan,0.0,0.1,00:00:00,0.0,0.6,-0.4,203.0
2025-05-27 14:57:51.289,1.4,nan,0.0,0.0,00:00:00,0.0,0.6,-0.4,203.0
2025-05-27 14:57:52.283,1.4,nan,0.0,0.1,00:00:00,0.0,0.6,-0.3,203.0
2025-05-27 14:57:53.286,1.4,nan,-0.0,0.1,00:00:00,0.0,0.6,-0.4,203.0
2025-05-27 14:57:54.281,1.3,nan,-0.0,0.1,00:00:00,0.0,0.6,-0.5,203.0
2025-05-27 14:57:55.285,1.3,nan,-0.0,0.0,00:00:00,0.0,0.7,-0.5,203.0
2025-05-27 14:57:56.285,1.3,nan,-0.0,0.0,00:00:00,0.0,0.7,-0.5,203.0
2025-05-27 14:57:57.281,1.2,nan,-0.0,0.0,00:00:00,0.0,0.7,-0.5,203.0
2025-05-27 14:57:58.282,1.2,nan,-0.0,0.0,00:00:00,0.0,0.7,-0.5,203.0
2025-05-27 14:57:59.282,1.2,nan,-0.0,0.0,00:00:00,0.0,0.7,-0.5,203.0
2025-05-27 14:58:00.284,1.3,nan,-0.0,0.0,00:00:00,0.0,0.8,-0.5,203.0
2025-05-27 14:58:01.283,1.3,nan,-0.0,0.0,00:00:00,0.0,0.7,-0.5,203.0
2025-05-27 14:58:02.286,1.3,nan,0.0,0.0,00:00:00,0.0,0.7,-0.5,204.0
2025-05-27 14:58:03.283,1.3,nan,0.0,0.0,00:00:00,0.0,0.7,-0.5,203.0
2025-05-27 14:58:04.283,1.3,nan,0.0,0.1,00:00:00,0.0,0.7,-0.5,204.0
2025-05-27 14:58:05.283,1.2,nan,0.0,0.1,00:00:00,0.0,0.8,-0.5,204.0
2025-05-27 14:58:06.283,1.3,nan,0.0,0.1,00:00:00,0.0,0.7,-0.4,203.0
2025-05-27 14:58:07.282,1.3,nan,0.0,0.1,00:00:00,0.0,0.7,-0.4,203.0
2025-05-27 14:58:08.283,1.3,nan,0.0,0.1,00:00:00,0.0,0.7,-0.3,203.0
2025-05-27 14:58:09.283,1.3,nan,0.0,0.1,00:00:00,0.0,0.7,-0.3,204.0
2025-05-27 14:58:10.284,1.3,nan,0.0,0.1,00:00:00,0.0,0.7,-0.4,204.0
2025-05-27 14:58:11.285,1.3,nan,0.0,0.1,00:00:00,0.0,0.8,-0.4,204.0
2025-05-27 14:58:12.286,1.2,nan,0.0,0.1,00:00:00,0.0,0.8,-0.3,204.0
2025-05-27 14:58:13.282,1.2,nan,0.0,0.0,00:00:00,0.0,0.8,-0.3,204.0
2025-05-27 14:58:14.285,1.2,nan,0.0,0.0,00:00:00,0.0,0.8,-0.3,203.0
2025-05-27 14:58:15.284,1.2,nan,0.0,0.0,00:00:00,0.0,0.7,-0.3,204.0
2025-05-27 14:58:16.283,1.1,nan,0.0,0.0,00:00:00,0.0,0.7,-0.4,203.0
2025-05-27 14:58:17.285,1.1,nan,0.0,0.0,00:00:00,0.0,0.7,-0.3,203.0
2025-05-27 14:58:18.285,1.1,nan,0.0,0.0,00:00:00,0.0,0.7,-0.3,203.0
2025-05-27 14:58:19.281,1.1,nan,0.0,0.1,00:00:00,0.0,0.7,-0.3,203.0
2025-05-27 14:58:20.286,1.1,nan,0.0,0.1,00:00:00,0.0,0.7,-0.3,203.0
2025-05-27 14:58:21.286,1.0,nan,-0.0,0.1,00:00:00,0.0,0.7,-0.3,203.0
2025-05-27 14:58:22.283,1.0,nan,-0.0,0.1,00:00:00,0.0,0.7,-0.4,203.0
2025-05-27 14:58:23.285,1.0,nan,0.0,0.1,00:00:00,0.0,0.8,-0.4,203.0
2025-05-27 14:58:24.285,1.0,nan,0.0,0.1,00:00:00,0.0,0.8,-0.4,204.0
2025-05-27 14:58:25.283,1.0,nan,0.0,0.1,00:00:00,0.0,0.8,-0.4,204.0
2025-05-27 14:58:26.288,1.0,nan,-0.0,0.1,00:00:00,0.0,0.8,-0.5,204.0
2025-05-27 14:58:27.286,1.0,nan,-0.0,0.1,00:00:00,0.0,0.8,-0.5,204.0
2025-05-27 14:58:28.285,1.0,nan,-0.0,0.1,00:00:00,0.0,0.8,-0.5,204.0
2025-05-27 14:58:29.286,0.9,nan,-0.0,0.1,00:00:00,0.0,0.8,-0.5,204.0
2025-05-27 14:58:30.286,0.9,nan,-0.0,0.1,00:00:00,0.0,0.8,-0.5,204.0
2025-05-27 14:58:31.282,0.9,nan,0.0,0.1,00:00:00,0.0,0.7,-0.5,204.0
2025-05-27 14:58:32.285,1.0,nan,0.0,0.0,00:00:00,0.0,0.7,-0.5,204.0
2025-05-27 14:58:33.284,1.1,nan,0.0,0.0,00:00:00,0.0,0.7,-0.5,204.0
2025-05-27 14:58:34.282,1.1,nan,0.0,0.0,00:00:00,0.0,0.7,-0.5,204.0
2025-05-27 14:58:35.286,1.1,nan,0.0,0.0,00:00:00,0.0,0.8,-0.6,204.0
2025-05-27 14:58:36.284,1.1,nan,0.0,0.1,00:00:00,0.0,0.8,-0.6,204.0
2025-05-27 14:58:37.284,1.1,nan,0.0,0.1,00:00:00,0.0,0.7,-0.5,204.0
2025-05-27 14:58:38.287,1.1,nan,0.0,0.0,00:00:00,0.0,0.7,-0.5,204.0
2025-05-27 14:58:39.287,1.1,nan,0.0,0.0,00:00:00,0.0,0.7,-0.5,204.0
2025-05-27 14:58:40.299,1.2,nan,0.0,0.0,00:00:00,0.0,0.8,-0.5,204.0
2025-05-27 14:58:41.288,1.1,nan,0.0,0.0,00:00:00,0.0,0.8,-0.4,204.0
2025-05-27 14:58:42.284,1.1,nan,-0.0,0.0,00:00:00,0.0,0.8,-0.4,204.0
2025-05-27 14:58:43.286,1.0,nan,-0.0,0.0,00:00:00,0.0,0.8,-0.4,204.0
2025-05-27 14:58:44.285,1.0,nan,-0.0,0.0,00:00:00,0.0,0.8,-0.4,204.0
2025-05-27 14:58:45.285,1.0,nan,0.0,0.0,00:00:00,0.0,0.8,-0.4,204.0
2025-05-27 14:58:46.285,1.0,nan,0.0,0.0,00:00:00,0.0,0.9,-0.3,204.0
2025-05-27 14:58:47.284,1.0,nan,0.0,0.0,00:00:00,0.0,0.9,-0.3,204.0
2025-05-27 14:58:48.284,1.0,nan,0.0,0.0,00:00:00,0.0,0.8,-0.3,204.0
2025-05-27 14:58:49.284,1.0,nan,0.0,0.0,00:00:00,0.0,0.8,-0.3,204.0
2025-05-27 14:58:50.284,1.0,nan,0.0,0.1,00:00:00,0.0,0.8,-0.3,204.0
2025-05-27 14:58:51.287,1.0,nan,0.0,0.1,00:00:00,0.0,0.8,-0.3,204.0
2025-05-27 14:58:52.290,1.0,nan,0.0,0.0,00:00:00,0.0,0.8,-0.4,204.0
2025-05-27 14:58:53.286,1.0,nan,0.0,0.0,00:00:00,0.0,0.8,-0.4,204.0
2025-05-27 14:58:54.282,1.0,nan,0.0,0.0,00:00:00,0.0,0.8,-0.4,204.0
2025-05-27 14:58:55.286,1.0,nan,0.0,0.0,00:00:00,0.0,0.8,-0.4,204.0
2025-05-27 14:58:56.284,1.0,nan,0.0,0.0,00:00:00,0.0,0.8,-0.4,204.0
2025-05-27 14:58:57.285,1.0,nan,0.0,0.1,00:00:00,0.0,0.8,-0.3,204.0
2025-05-27 14:58:58.285,1.0,nan,0.0,0.0,00:00:00,0.0,0.8,-0.3,204.0
2025-05-27 14:58:59.286,1.0,nan,0.0,0.1,00:00:00,0.0,0.8,-0.3,204.0
2025-05-27 14:59:00.284,1.0,nan,0.0,0.1,00:00:00,0.0,0.7,-0.3,204.0
2025-05-27 14:59:01.284,1.0,nan,0.0,0.1,00:00:00,0.0,0.7,-0.3,204.0
2025-05-27 14:59:02.284,1.0,nan,-0.0,0.1,00:00:00,0.0,0.6,-0.4,204.0
2025-05-27 14:59:03.285,1.0,nan,0.0,0.1,00:00:00,0.0,0.7,-0.4,204.0
2025-05-27 14:59:04.285,1.0,nan,0.0,0.1,00:00:00,0.0,0.7,-0.3,204.0
2025-05-27 14:59:05.287,1.0,nan,0.0,0.0,00:00:00,0.0,0.7,-0.4,204.0
2025-05-27 14:59:06.284,1.0,nan,0.0,0.0,00:00:00,0.0,0.6,-0.4,204.0
2025-05-27 14:59:07.287,1.0,nan,0.0,0.1,00:00:00,0.0,0.7,-0.4,204.0
2025-05-27 14:59:08.293,1.0,nan,0.0,0.0,00:00:00,0.0,0.7,-0.4,204.0
2025-05-27 14:59:09.286,1.1,nan,0.0,0.0,00:00:00,0.0,0.8,-0.4,204.0
2025-05-27 14:59:10.285,1.1,nan,0.0,0.1,00:00:00,0.0,0.9,-0.4,204.0
2025-05-27 14:59:11.283,1.1,nan,0.0,0.1,00:00:00,0.0,0.9,-0.4,204.0
2025-05-27 14:59:12.284,1.0,nan,0.0,0.1,00:00:00,0.0,0.8,-0.4,204.0
2025-05-27 14:59:13.287,1.0,nan,0.0,0.1,00:00:00,0.0,0.8,-0.4,204.0
2025-05-27 14:59:14.286,1.1,nan,0.0,0.0,00:00:00,0.0,0.8,-0.4,204.0
2025-05-27 14:59:15.283,1.0,nan,-0.0,0.0,00:00:00,0.0,0.8,-0.4,204.0
2025-05-27 14:59:16.283,1.0,nan,-0.0,0.0,00:00:00,0.0,0.8,-0.4,204.0
2025-05-27 14:59:17.282,1.0,nan,-0.0,0.1,00:00:00,0.0,0.8,-0.4,204.0
2025-05-27 14:59:18.287,1.0,nan,0.0,0.1,00:00:00,0.0,0.9,-0.3,204.0
2025-05-27 14:59:19.284,1.0,nan,0.0,0.1,00:00:00,0.0,0.8,-0.3,204.0
2025-05-27 14:59:20.287,1.0,nan,0.0,0.2,00:00:00,0.0,0.8,-0.3,204.0
2025-05-27 14:59:21.286,1.1,nan,0.0,0.2,00:00:00,0.0,0.8,-0.3,204.0
2025-05-27 14:59:22.286,1.0,nan,0.0,0.2,00:00:00,0.0,0.8,-0.3,204.0
2025-05-27 14:59:23.284,1.0,nan,0.0,0.1,00:00:00,0.0,0.7,-0.4,204.0
2025-05-27 14:59:24.283,1.0,nan,0.0,0.0,00:00:00,0.0,0.6,-0.4,204.0
2025-05-27 14:59:25.284,1.0,nan,0.0,0.1,00:00:00,0.0,0.6,-0.4,204.0
2025-05-27 14:59:26.289,0.9,nan,-0.0,0.0,00:00:00,0.0,0.6,-0.3,204.0
2025-05-27 14:59:27.285,0.8,nan,-0.0,0.1,00:00:00,0.0,0.5,-0.3,204.0
2025-05-27 14:59:28.283,0.8,nan,-0.0,0.1,00:00:00,0.0,0.5,-0.4,204.0
2025-05-27 14:59:29.286,0.8,nan,-0.0,0.1,00:00:00,0.0,0.5,-0.3,204.0
2025-05-27 14:59:30.286,0.8,nan,-0.0,0.1,00:00:00,0.0,0.6,-0.3,204.0
2025-05-27 14:59:31.287,0.8,nan,-0.0,0.1,00:00:00,0.0,0.7,-0.4,204.0
2025-05-27 14:59:32.286,0.7,nan,-0.0,0.0,00:00:00,0.0,0.7,-0.4,204.0
2025-05-27 14:59:33.284,0.7,nan,-0.0,0.0,00:00:00,0.0,0.6,-0.4,204.0
2025-05-27 14:59:34.283,0.7,nan,-0.0,0.0,00:00:00,0.0,0.6,-0.4,204.0
2025-05-27 14:59:35.283,0.7,nan,-0.0,0.0,00:00:00,0.0,0.6,-0.4,204.0
2025-05-27 14:59:36.284,0.6,nan,-0.0,0.0,00:00:00,0.0,0.7,-0.3,204.0
2025-05-27 14:59:37.284,0.6,nan,-0.0,0.1,00:00:00,0.0,0.7,-0.3,204.0
2025-05-27 14:59:38.285,0.6,nan,-0.0,0.1,00:00:00,0.0,0.7,-0.3,204.0
2025-05-27 14:59:39.285,0.7,nan,-0.0,0.1,00:00:00,0.0,0.8,-0.3,204.0
2025-05-27 14:59:40.285,0.7,nan,-0.0,0.1,00:00:00,0.0,0.8,-0.3,204.0
2025-05-27 14:59:41.285,0.7,nan,-0.0,0.1,00:00:00,0.0,0.8,-0.4,204.0
2025-05-27 14:59:42.285,0.7,nan,0.0,0.1,00:00:00,0.0,0.8,-0.4,204.0
2025-05-27 14:59:43.284,0.7,nan,-0.0,0.1,00:00:00,0.0,0.8,-0.4,204.0
2025-05-27 14:59:44.282,0.6,nan,-0.0,0.1,00:00:00,0.0,0.8,-0.4,204.0
2025-05-27 14:59:45.285,0.6,nan,-0.0,0.1,00:00:00,0.0,0.8,-0.4,204.0
2025-05-27 14:59:46.286,0.6,nan,-0.0,0.1,00:00:00,0.0,0.8,-0.4,204.0
2025-05-27 14:59:47.286,0.6,nan,-0.0,0.1,00:00:00,0.0,0.8,-0.5,204.0
2025-05-27 14:59:48.283,0.6,nan,-0.0,0.1,00:00:00,0.0,0.8,-0.5,204.0
2025-05-27 14:59:49.283,0.6,nan,-0.0,0.1,00:00:00,0.0,0.7,-0.5,204.0
2025-05-27 14:59:50.283,0.5,nan,-0.0,0.0,00:00:00,0.0,0.7,-0.5,204.0
2025-05-27 14:59:51.283,0.5,nan,-0.0,0.0,00:00:00,0.0,0.6,-0.4,204.0
2025-05-27 14:59:52.287,0.5,nan,-0.0,0.0,00:00:00,0.0,0.6,-0.4,204.0
2025-05-27 14:59:53.284,0.5,nan,-0.0,0.0,00:00:00,0.0,0.7,-0.5,204.0
2025-05-27 14:59:54.286,0.6,nan,-0.0,0.0,00:00:00,0.0,0.7,-0.5,204.0
2025-05-27 14:59:55.283,0.6,nan,0.0,0.1,00:00:00,0.0,0.7,-0.5,204.0
2025-05-27 14:59:56.285,0.6,nan,0.0,0.0,00:00:00,0.0,0.7,-0.5,204.0
2025-05-27 14:59:57.285,0.6,nan,0.0,0.0,00:00:00,0.0,0.7,-0.5,204.0
2025-05-27 14:59:58.285,0.6,nan,0.0,0.0,00:00:00,0.0,0.7,-0.5,204.0
2025-05-27 14:59:59.286,0.6,nan,0.0,0.0,00:00:00,0.0,0.7,-0.5,204.0
2025-05-27 15:00:00.284,0.7,nan,0.0,0.0,00:00:00,0.0,0.7,-0.5,204.0
2025-05-27 15:00:01.285,0.7,nan,0.0,0.0,00:00:00,0.0,0.7,-0.5,204.0
2025-05-27 15:00:02.284,0.7,nan,0.0,0.1,00:00:00,0.0,0.8,-0.5,204.0
2025-05-27 15:00:03.284,0.7,nan,0.0,0.1,00:00:00,0.0,0.8,-0.5,204.0
2025-05-27 15:00:04.285,0.7,nan,0.0,0.1,00:00:00,0.0,0.8,-0.4,204.0
2025-05-27 15:00:05.284,0.7,nan,0.0,0.0,00:00:00,0.0,0.7,-0.4,204.0
2025-05-27 15:00:06.284,0.7,nan,0.0,0.0,00:00:00,0.0,0.7,-0.4,204.0
2025-05-27 15:00:07.287,0.7,nan,0.0,0.0,00:00:00,0.0,0.7,-0.4,204.0
2025-05-27 15:00:08.285,0.7,nan,0.0,0.0,00:00:00,0.0,0.7,-0.4,204.0
2025-05-27 15:00:09.284,0.7,nan,0.0,0.0,00:00:00,0.0,0.8,-0.4,204.0
2025-05-27 15:00:10.286,0.7,nan,-0.0,0.0,00:00:00,0.0,0.8,-0.4,204.0
2025-05-27 15:00:11.283,0.6,nan,-0.0,0.1,00:00:00,0.0,0.9,-0.4,204.0
2025-05-27 15:00:12.285,0.6,nan,-0.0,0.1,00:00:00,0.0,0.9,-0.4,204.0
2025-05-27 15:00:13.285,0.7,nan,-0.0,0.1,00:00:00,0.0,0.9,-0.4,204.0
2025-05-27 15:00:14.286,0.7,nan,-0.0,0.1,00:00:00,0.0,0.9,-0.4,204.0
2025-05-27 15:00:15.286,0.7,nan,-0.0,0.1,00:00:00,0.0,0.9,-0.4,204.0
2025-05-27 15:00:16.287,0.7,nan,-0.0,0.1,00:00:00,0.0,0.9,-0.4,204.0
2025-05-27 15:00:17.286,0.7,nan,-0.0,0.1,00:00:00,0.0,0.8,-0.4,204.0
2025-05-27 15:00:18.284,0.7,nan,0.0,0.1,00:00:00,0.0,0.9,-0.4,204.0
2025-05-27 15:00:19.284,0.7,nan,0.0,0.1,00:00:00,0.0,0.9,-0.4,204.0
2025-05-27 15:00:20.284,0.7,nan,0.0,0.1,00:00:00,0.0,0.9,-0.4,204.0
2025-05-27 15:00:21.286,0.6,nan,-0.0,0.1,00:00:00,0.0,0.9,-0.5,204.0
2025-05-27 15:00:22.283,0.6,nan,-0.0,0.1,00:00:00,0.0,0.9,-0.5,204.0
2025-05-27 15:00:23.284,0.6,nan,-0.0,0.1,00:00:00,0.0,0.9,-0.5,204.0
2025-05-27 15:00:24.285,0.7,nan,-0.0,0.0,00:00:00,0.0,0.8,-0.4,204.0
2025-05-27 15:00:25.286,0.7,nan,-0.0,0.0,00:00:00,0.0,0.8,-0.5,204.0
2025-05-27 15:00:26.284,0.6,nan,-0.0,0.0,00:00:00,0.0,0.8,-0.5,204.0
2025-05-27 15:00:27.285,0.6,nan,-0.0,0.0,00:00:00,0.0,0.8,-0.5,204.0
2025-05-27 15:00:28.286,0.6,nan,-0.0,0.0,00:00:00,0.0,0.8,-0.5,204.0
2025-05-27 15:00:29.285,0.7,nan,0.0,0.0,00:00:00,0.0,0.8,-0.5,204.0
2025-05-27 15:00:30.284,0.7,nan,0.0,0.0,00:00:00,0.0,0.9,-0.6,204.0
2025-05-27 15:00:31.286,0.7,nan,-0.0,0.1,00:00:00,0.0,0.9,-0.6,204.0
2025-05-27 15:00:32.285,0.7,nan,0.0,0.1,00:00:00,0.0,0.9,-0.5,204.0
2025-05-27 15:00:33.284,0.7,nan,0.0,0.1,00:00:00,0.0,0.8,-0.5,204.0
2025-05-27 15:00:34.284,0.7,nan,0.0,0.1,00:00:00,0.0,0.8,-0.4,204.0
2025-05-27 15:00:35.283,0.7,nan,0.0,0.0,00:00:00,0.0,0.8,-0.4,204.0
2025-05-27 15:00:36.286,0.7,nan,0.0,0.0,00:00:00,0.0,0.8,-0.4,204.0
2025-05-27 15:00:37.286,0.7,nan,0.0,0.0,00:00:00,0.0,0.8,-0.4,204.0
2025-05-27 15:00:38.284,0.7,nan,0.0,0.1,00:00:00,0.0,0.8,-0.4,204.0
2025-05-27 15:00:39.283,0.7,nan,0.0,0.1,00:00:00,0.0,0.8,-0.3,204.0
2025-05-27 15:00:40.282,0.7,nan,0.0,0.1,00:00:00,0.0,0.8,-0.4,204.0
2025-05-27 15:00:41.283,0.7,nan,0.0,0.0,00:00:00,0.0,0.7,-0.4,204.0
2025-05-27 15:00:42.285,0.7,nan,-0.0,0.0,00:00:00,0.0,0.7,-0.4,204.0
2025-05-27 15:00:43.285,0.6,nan,-0.0,0.0,00:00:00,0.0,0.8,-0.4,204.0
2025-05-27 15:00:44.286,0.6,nan,-0.0,0.0,00:00:00,0.0,0.9,-0.4,204.0
2025-05-27 15:00:45.283,0.6,nan,-0.0,0.0,00:00:00,0.0,0.8,-0.4,204.0
2025-05-27 15:00:46.286,0.6,nan,-0.0,0.0,00:00:00,0.0,0.8,-0.4,204.0
2025-05-27 15:00:47.285,0.5,nan,-0.0,0.0,00:00:00,0.0,0.7,-0.4,204.0
2025-05-27 15:00:48.284,0.5,nan,-0.0,0.1,00:00:00,0.0,0.7,-0.4,204.0
2025-05-27 15:00:49.283,0.6,nan,-0.0,0.0,00:00:00,0.0,0.7,-0.4,204.0
2025-05-27 15:00:50.285,0.5,nan,-0.0,0.0,00:00:00,0.0,0.7,-0.4,204.0
2025-05-27 15:00:51.286,0.5,nan,-0.0,0.0,00:00:00,0.0,0.7,-0.4,204.0
2025-05-27 15:00:52.286,0.5,nan,0.0,0.0,00:00:00,0.0,0.8,-0.4,204.0
2025-05-27 15:00:53.285,0.5,nan,0.0,0.0,00:00:00,0.0,0.8,-0.4,204.0
2025-05-27 15:00:54.283,0.5,nan,0.0,0.0,00:00:00,0.0,0.8,-0.5,204.0
2025-05-27 15:00:55.287,0.6,nan,0.0,0.0,00:00:00,0.0,0.8,-0.5,204.0
2025-05-27 15:00:56.284,0.5,nan,0.0,0.0,00:00:00,0.0,0.8,-0.6,204.0
2025-05-27 15:00:57.285,0.5,nan,0.0,0.0,00:00:00,0.0,0.8,-0.5,204.0
2025-05-27 15:00:58.284,0.4,nan,0.0,0.0,00:00:00,0.0,0.9,-0.5,204.0
2025-05-27 15:00:59.286,0.5,nan,0.0,0.1,00:00:00,0.0,0.9,-0.4,204.0
2025-05-27 15:01:00.287,0.4,nan,-0.0,0.1,00:00:00,0.0,0.9,-0.5,204.0
2025-05-27 15:01:01.283,0.4,nan,-0.0,0.1,00:00:00,0.0,0.9,-0.4,204.0
2025-05-27 15:01:02.283,0.3,nan,-0.0,0.0,00:00:00,0.0,1.0,-0.3,204.0
2025-05-27 15:01:03.284,0.4,nan,0.0,0.0,00:00:00,0.0,0.9,-0.3,204.0
2025-05-27 15:01:04.283,0.5,nan,0.0,0.0,00:00:00,0.0,1.0,-0.3,204.0
2025-05-27 15:01:05.284,0.5,nan,0.0,0.0,00:00:00,0.0,0.9,-0.3,204.0
2025-05-27 15:01:06.286,0.5,nan,0.0,0.0,00:00:00,0.0,0.9,-0.3,204.0
2025-05-27 15:01:07.282,0.5,nan,0.0,0.0,00:00:00,0.0,0.8,-0.3,204.0
2025-05-27 15:01:08.285,0.5,nan,0.0,0.0,00:00:00,0.0,0.8,-0.4,204.0
2025-05-27 15:01:09.283,0.5,nan,0.0,0.1,00:00:00,0.0,0.8,-0.3,204.0
2025-05-27 15:01:10.284,0.5,nan,0.0,0.1,00:00:00,0.0,0.7,-0.4,204.0
2025-05-27 15:01:11.285,0.5,nan,0.0,0.0,00:00:00,0.0,0.7,-0.4,204.0
2025-05-27 15:01:12.285,0.6,nan,0.0,0.0,00:00:00,0.0,0.8,-0.4,204.0
2025-05-27 15:01:13.285,0.7,nan,0.1,0.1,00:00:00,0.0,0.8,-0.3,204.0
2025-05-27 15:01:14.284,0.7,nan,0.1,0.1,00:00:00,0.0,0.8,-0.4,204.0
2025-05-27 15:01:15.283,0.7,nan,0.0,0.1,00:00:00,0.0,0.7,-0.4,204.0
2025-05-27 15:01:16.287,0.6,nan,0.0,0.0,00:00:00,0.0,0.7,-0.4,204.0
2025-05-27 15:01:17.285,0.5,nan,-0.0,0.0,00:00:00,0.0,0.6,-0.4,204.0
2025-05-27 15:01:18.285,0.5,nan,-0.0,0.0,00:00:00,0.0,0.6,-0.4,204.0
2025-05-27 15:01:19.284,0.4,nan,-0.0,0.1,00:00:00,0.0,0.6,-0.4,204.0
2025-05-27 15:01:20.282,0.4,nan,-0.0,0.1,00:00:00,0.0,0.7,-0.4,204.0
2025-05-27 15:01:21.285,0.4,nan,-0.0,0.1,00:00:00,0.0,0.7,-0.4,204.0
2025-05-27 15:01:22.284,0.4,nan,-0.0,0.1,00:00:00,0.0,0.7,-0.4,204.0
2025-05-27 15:01:23.286,0.4,nan,-0.0,0.1,00:00:00,0.0,0.7,-0.4,204.0
2025-05-27 15:01:24.285,0.4,nan,0.0,0.1,00:00:00,0.0,0.8,-0.4,204.0
2025-05-27 15:01:25.285,0.5,nan,0.0,0.1,00:00:00,0.0,0.8,-0.3,204.0
2025-05-27 15:01:26.283,0.5,nan,-0.0,0.1,00:00:00,0.0,0.8,-0.3,204.0
2025-05-27 15:01:27.286,0.5,nan,0.0,0.1,00:00:00,0.0,0.9,-0.3,204.0
2025-05-27 15:01:28.284,0.5,nan,0.0,0.1,00:00:00,0.0,0.9,-0.2,204.0
2025-05-27 15:01:29.285,0.5,nan,0.0,0.1,00:00:00,0.0,0.8,-0.2,204.0
2025-05-27 15:01:30.283,0.5,nan,0.0,0.1,00:00:00,0.0,0.9,-0.3,204.0
2025-05-27 15:01:31.284,0.5,nan,0.0,0.1,00:00:00,0.0,0.9,-0.3,204.0
2025-05-27 15:01:32.285,0.6,nan,0.0,0.1,00:00:00,0.0,0.8,-0.3,204.0
2025-05-27 15:01:33.285,0.6,nan,0.0,0.0,00:00:00,0.0,0.8,-0.3,204.0
2025-05-27 15:01:34.284,0.6,nan,0.0,0.0,00:00:00,0.0,0.9,-0.3,204.0
2025-05-27 15:01:35.284,0.6,nan,0.0,0.0,00:00:00,0.0,0.9,-0.3,204.0
2025-05-27 15:01:36.284,0.5,nan,0.0,0.1,00:00:00,0.0,0.9,-0.3,204.0
2025-05-27 15:01:37.282,0.5,nan,0.0,0.1,00:00:00,0.0,0.9,-0.4,204.0
2025-05-27 15:01:38.282,0.5,nan,-0.0,0.0,00:00:00,0.0,0.9,-0.4,204.0
2025-05-27 15:01:39.282,0.4,nan,-0.0,0.0,00:00:00,0.0,0.9,-0.4,204.0
2025-05-27 15:01:40.285,0.4,nan,-0.0,0.1,00:00:00,0.0,0.8,-0.4,204.0
2025-05-27 15:01:41.284,0.4,nan,-0.0,0.1,00:00:00,0.0,0.9,-0.4,204.0
2025-05-27 15:01:42.286,0.4,nan,0.0,0.1,00:00:00,0.0,0.8,-0.4,204.0
2025-05-27 15:01:43.282,0.5,nan,0.0,0.1,00:00:00,0.0,0.8,-0.4,204.0
2025-05-27 15:01:44.286,0.5,nan,0.0,0.0,00:00:00,0.0,0.8,-0.4,204.0
2025-05-27 15:01:45.283,0.5,nan,-0.0,0.1,00:00:00,0.0,0.7,-0.4,204.0
2025-05-27 15:01:46.285,0.5,nan,-0.0,0.1,00:00:00,0.0,0.6,-0.5,204.0
2025-05-27 15:01:47.285,0.5,nan,0.0,0.1,00:00:00,0.0,0.7,-0.4,204.0
2025-05-27 15:01:48.284,0.5,nan,0.0,0.1,00:00:00,0.0,0.7,-0.5,204.0
2025-05-27 15:01:49.287,0.5,nan,0.0,0.1,00:00:00,0.0,0.7,-0.5,204.0
2025-05-27 15:01:50.286,0.5,nan,0.0,0.1,00:00:00,0.0,0.8,-0.4,204.0
2025-05-27 15:01:51.285,0.6,nan,0.0,0.1,00:00:00,0.0,0.8,-0.4,204.0
2025-05-27 15:01:52.286,0.5,nan,0.0,0.0,00:00:00,0.0,0.9,-0.3,204.0
2025-05-27 15:01:53.284,0.6,nan,0.0,0.0,00:00:00,0.0,0.9,-0.4,204.0
2025-05-27 15:01:54.284,0.5,nan,-0.0,0.0,00:00:00,0.0,1.0,-0.4,204.0
2025-05-27 15:01:55.284,0.5,nan,-0.0,0.0,00:00:00,0.0,0.9,-0.4,204.0
2025-05-27 15:01:56.285,0.5,nan,0.0,0.0,00:00:00,0.0,0.8,-0.4,204.0
2025-05-27 15:01:57.286,0.5,nan,0.0,0.0,00:00:00,0.0,0.8,-0.4,204.0
2025-05-27 15:01:58.283,0.6,nan,0.0,0.0,00:00:00,0.0,0.8,-0.5,204.0
2025-05-27 15:01:59.286,0.6,nan,0.0,0.0,00:00:00,0.0,0.9,-0.5,204.0
2025-05-27 15:02:00.281,0.6,nan,0.0,0.0,00:00:00,0.0,0.9,-0.5,204.0
2025-05-27 15:02:01.283,0.6,nan,0.0,0.0,00:00:00,0.0,0.9,-0.5,204.0
2025-05-27 15:02:02.286,0.6,nan,0.0,0.0,00:00:00,0.0,0.9,-0.6,204.0
2025-05-27 15:02:03.283,0.6,nan,0.0,0.1,00:00:00,0.0,0.9,-0.5,204.0
2025-05-27 15:02:04.284,0.6,nan,0.0,0.1,00:00:00,0.0,0.8,-0.5,204.0
2025-05-27 15:02:05.283,0.6,nan,0.0,0.0,00:00:00,0.0,0.8,-0.5,204.0
2025-05-27 15:02:06.285,0.6,nan,-0.0,0.0,00:00:00,0.0,0.8,-0.5,204.0
2025-05-27 15:02:07.285,0.6,nan,-0.0,0.1,00:00:00,0.0,0.8,-0.5,204.0
2025-05-27 15:02:08.286,0.6,nan,-0.0,0.1,00:00:00,0.0,0.8,-0.5,204.0
2025-05-27 15:02:09.284,0.6,nan,0.0,0.0,00:00:00,0.0,0.8,-0.5,204.0
2025-05-27 15:02:10.284,0.6,nan,-0.0,0.0,00:00:00,0.0,0.8,-0.5,204.0
2025-05-27 15:02:11.286,0.6,nan,-0.0,0.0,00:00:00,0.0,0.8,-0.4,204.0
2025-05-27 15:02:12.283,0.6,nan,0.0,0.1,00:00:00,0.0,0.8,-0.3,204.0
2025-05-27 15:02:13.283,0.6,nan,-0.0,0.1,00:00:00,0.0,0.8,-0.3,204.0
2025-05-27 15:02:14.284,0.5,nan,-0.0,0.1,00:00:00,0.0,0.8,-0.3,204.0
2025-05-27 15:02:15.284,0.5,nan,0.0,0.1,00:00:00,0.0,0.8,-0.4,204.0
2025-05-27 15:02:16.283,0.5,nan,0.0,0.1,00:00:00,0.0,0.9,-0.4,204.0
2025-05-27 15:02:17.284,0.6,nan,0.0,0.2,00:00:00,0.0,0.8,-0.4,204.0
2025-05-27 15:02:18.285,0.7,nan,0.0,0.2,00:00:00,0.0,0.8,-0.4,204.0
2025-05-27 15:02:19.282,0.6,nan,-0.0,0.2,00:00:00,0.0,0.8,-0.4,204.0
2025-05-27 15:02:20.281,0.6,nan,0.0,0.1,00:00:00,0.0,0.8,-0.4,204.0
2025-05-27 15:02:21.285,0.6,nan,0.0,0.1,00:00:00,0.0,0.7,-0.4,204.0
2025-05-27 15:02:22.283,0.6,nan,-0.0,0.1,00:00:00,0.0,0.7,-0.5,204.0
2025-05-27 15:02:23.284,0.6,nan,0.0,0.1,00:00:00,0.0,0.7,-0.5,204.0
2025-05-27 15:02:24.287,0.6,nan,-0.0,0.1,00:00:00,0.0,0.8,-0.5,204.0
2025-05-27 15:02:25.283,0.5,nan,-0.0,0.1,00:00:00,0.0,0.8,-0.6,204.0
2025-05-27 15:02:26.285,0.5,nan,-0.0,0.0,00:00:00,0.0,0.8,-0.6,204.0
2025-05-27 15:02:27.285,0.5,nan,-0.0,0.0,00:00:00,0.0,0.8,-0.5,204.0
2025-05-27 15:02:28.285,0.5,nan,-0.0,0.0,00:00:00,0.0,0.8,-0.5,204.0
2025-05-27 15:02:29.285,0.5,nan,-0.0,0.0,00:00:00,0.0,0.8,-0.5,204.0
2025-05-27 15:02:30.283,0.5,nan,-0.0,0.1,00:00:00,0.0,0.8,-0.4,204.0
2025-05-27 15:02:31.286,0.5,nan,-0.0,0.1,00:00:00,0.0,0.9,-0.4,204.0
2025-05-27 15:02:32.283,0.6,nan,-0.0,0.1,00:00:00,0.0,0.9,-0.5,204.0
2025-05-27 15:02:33.283,0.6,nan,0.0,0.0,00:00:00,0.0,0.9,-0.5,204.0
2025-05-27 15:02:34.285,0.6,nan,0.0,0.0,00:00:00,0.0,0.9,-0.4,204.0
2025-05-27 15:02:35.286,0.7,nan,0.0,0.1,00:00:00,0.0,0.9,-0.4,204.0
2025-05-27 15:02:36.283,0.7,nan,0.0,0.1,00:00:00,0.0,0.9,-0.4,204.0
2025-05-27 15:02:37.284,0.7,nan,0.0,0.0,00:00:00,0.0,1.0,-0.4,204.0
2025-05-27 15:02:38.284,0.7,nan,0.0,0.1,00:00:00,0.0,1.0,-0.4,204.0
2025-05-27 15:02:39.286,0.6,nan,0.0,0.1,00:00:00,0.0,0.9,-0.4,204.0
2025-05-27 15:02:40.284,0.7,nan,0.0,0.1,00:00:00,0.0,1.0,-0.4,204.0
2025-05-27 15:02:41.287,0.6,nan,0.0,0.0,00:00:00,0.0,1.0,-0.4,204.0
2025-05-27 15:02:42.285,0.6,nan,-0.0,0.1,00:00:00,0.0,1.1,-0.5,204.0
2025-05-27 15:02:43.286,0.6,nan,0.0,0.1,00:00:00,0.0,1.1,-0.4,204.0
2025-05-27 15:02:44.283,0.7,nan,0.0,0.1,00:00:00,0.0,1.0,-0.5,204.0
2025-05-27 15:02:45.284,0.7,nan,0.0,0.1,00:00:00,0.0,1.0,-0.5,204.0
2025-05-27 15:02:46.285,0.7,nan,0.0,0.0,00:00:00,0.0,1.0,-0.5,204.0
2025-05-27 15:02:47.285,0.6,nan,0.0,0.0,00:00:00,0.0,0.9,-0.5,204.0
2025-05-27 15:02:48.283,0.6,nan,0.0,0.0,00:00:00,0.0,0.9,-0.6,204.0
2025-05-27 15:02:49.286,0.6,nan,0.0,0.0,00:00:00,0.0,0.9,-0.5,204.0
2025-05-27 15:02:50.284,0.6,nan,-0.0,0.0,00:00:00,0.0,0.9,-0.5,204.0
2025-05-27 15:02:51.283,0.6,nan,0.0,0.0,00:00:00,0.0,0.8,-0.5,204.0
2025-05-27 15:02:52.286,0.6,nan,0.0,0.0,00:00:00,0.0,0.8,-0.5,204.0
2025-05-27 15:02:53.283,0.6,nan,0.0,0.0,00:00:00,0.0,0.8,-0.5,204.0
2025-05-27 15:02:54.286,0.5,nan,0.0,0.0,00:00:00,0.0,0.8,-0.4,204.0
2025-05-27 15:02:55.285,0.5,nan,0.0,0.0,00:00:00,0.0,0.8,-0.4,204.0
2025-05-27 15:02:56.283,0.5,nan,0.0,0.1,00:00:00,0.0,0.8,-0.4,204.0
2025-05-27 15:02:57.287,0.6,nan,0.0,0.1,00:00:00,0.0,0.8,-0.4,204.0
2025-05-27 15:02:58.286,0.5,nan,0.0,0.1,00:00:00,0.0,0.8,-0.4,204.0
2025-05-27 15:02:59.286,0.5,nan,0.0,0.0,00:00:00,0.0,0.9,-0.4,204.0
2025-05-27 15:03:00.287,0.6,nan,0.0,0.0,00:00:00,0.0,0.9,-0.4,204.0
2025-05-27 15:03:01.285,0.6,nan,0.0,0.0,00:00:00,0.0,0.9,-0.4,204.0
2025-05-27 15:03:02.286,0.6,nan,0.1,0.0,00:00:00,0.0,0.9,-0.4,204.0
2025-05-27 15:03:03.286,0.6,nan,0.0,0.1,00:00:00,0.0,1.0,-0.4,204.0
2025-05-27 15:03:04.286,0.6,nan,0.0,0.0,00:00:00,0.0,0.9,-0.4,204.0
2025-05-27 15:03:05.285,0.7,nan,0.1,0.0,00:00:00,0.0,0.9,-0.4,204.0
2025-05-27 15:03:06.285,0.7,nan,0.1,0.0,00:00:00,0.0,0.8,-0.3,204.0
2025-05-27 15:03:07.284,0.7,nan,0.1,0.0,00:00:00,0.0,0.8,-0.3,204.0
2025-05-27 15:03:08.283,0.8,nan,0.1,0.0,00:00:00,0.0,0.8,-0.4,204.0
2025-05-27 15:03:09.286,0.8,nan,0.0,0.0,00:00:00,0.0,0.8,-0.4,204.0
2025-05-27 15:03:10.286,0.7,nan,0.0,0.0,00:00:00,0.0,0.8,-0.4,204.0
2025-05-27 15:03:11.283,0.7,nan,0.0,0.0,00:00:00,0.0,0.9,-0.4,204.0
2025-05-27 15:03:12.284,0.7,nan,0.0,0.0,00:00:00,0.0,0.8,-0.4,204.0
2025-05-27 15:03:13.285,0.6,nan,-0.0,0.1,00:00:00,0.0,0.8,-0.4,204.0
2025-05-27 15:03:14.286,0.6,nan,0.0,0.1,00:00:00,0.0,0.8,-0.5,204.0
2025-05-27 15:03:15.283,0.7,nan,0.0,0.1,00:00:00,0.0,0.7,-0.5,204.0
2025-05-27 15:03:16.286,0.8,nan,0.0,0.1,00:00:00,0.0,0.8,-0.5,204.0
2025-05-27 15:03:17.285,0.7,nan,0.0,0.1,00:00:00,0.0,0.9,-0.4,204.0
2025-05-27 15:03:18.285,0.7,nan,0.0,0.1,00:00:00,0.0,0.8,-0.4,204.0
2025-05-27 15:03:19.284,0.7,nan,0.0,0.1,00:00:00,0.0,0.9,-0.5,204.0
2025-05-27 15:03:20.286,0.8,nan,0.0,0.1,00:00:00,0.0,0.9,-0.4,204.0
2025-05-27 15:03:21.284,0.7,nan,0.0,0.1,00:00:00,0.0,0.9,-0.4,204.0
2025-05-27 15:03:22.282,0.6,nan,-0.0,0.1,00:00:00,0.0,0.9,-0.4,204.0
2025-05-27 15:03:23.285,0.6,nan,0.0,0.0,00:00:00,0.0,0.9,-0.4,204.0
2025-05-27 15:03:24.284,0.6,nan,0.0,0.0,00:00:00,0.0,1.0,-0.4,204.0
2025-05-27 15:03:25.286,0.6,nan,0.0,0.0,00:00:00,0.0,0.9,-0.3,204.0
2025-05-27 15:03:26.284,0.7,nan,0.1,0.1,00:00:00,0.0,0.8,-0.4,204.0
2025-05-27 15:03:27.283,0.8,nan,0.1,0.1,00:00:00,0.0,0.8,-0.4,204.0
2025-05-27 15:03:28.286,0.8,nan,0.1,0.1,00:00:00,0.0,0.8,-0.4,204.0
2025-05-27 15:03:29.283,0.8,nan,0.1,0.0,00:00:00,0.0,0.8,-0.4,204.0
2025-05-27 15:03:30.284,0.8,nan,0.1,0.1,00:00:00,0.0,0.8,-0.4,204.0
2025-05-27 15:03:31.285,0.7,nan,0.0,0.0,00:00:00,0.0,0.8,-0.4,204.0
2025-05-27 15:03:32.283,0.7,nan,0.0,0.0,00:00:00,0.0,0.9,-0.4,204.0
2025-05-27 15:03:33.286,0.7,nan,0.0,0.0,00:00:00,0.0,0.9,-0.5,204.0
2025-05-27 15:03:34.284,0.7,nan,0.0,0.1,00:00:00,0.0,0.9,-0.5,204.0
2025-05-27 15:03:35.283,0.7,nan,0.0,0.1,00:00:00,0.0,0.8,-0.5,204.0
2025-05-27 15:03:36.285,0.6,nan,0.0,0.1,00:00:00,0.0,0.8,-0.4,204.0
2025-05-27 15:03:37.284,0.6,nan,0.0,0.1,00:00:00,0.0,0.9,-0.4,204.0
2025-05-27 15:03:38.285,0.7,nan,0.0,0.1,00:00:00,0.0,1.0,-0.3,204.0
2025-05-27 15:03:39.283,0.7,nan,0.0,0.1,00:00:00,0.0,1.0,-0.3,204.0
2025-05-27 15:03:40.284,0.7,nan,0.0,0.1,00:00:00,0.0,1.0,-0.3,204.0
2025-05-27 15:03:41.283,0.7,nan,0.0,0.1,00:00:00,0.0,0.9,-0.3,204.0
2025-05-27 15:03:42.287,0.6,nan,-0.0,0.1,00:00:00,0.0,0.8,-0.4,204.0
2025-05-27 15:03:43.285,0.5,nan,-0.0,0.1,00:00:00,0.0,0.9,-0.4,204.0
2025-05-27 15:03:44.284,0.4,nan,-0.0,0.1,00:00:00,0.0,0.9,-0.4,204.0
2025-05-27 15:03:45.287,0.4,nan,-0.0,0.1,00:00:00,0.0,0.9,-0.4,204.0
2025-05-27 15:03:46.283,0.4,nan,-0.0,0.1,00:00:00,0.0,0.9,-0.4,204.0
2025-05-27 15:03:47.285,0.4,nan,-0.0,0.1,00:00:00,0.0,0.8,-0.4,204.0
2025-05-27 15:03:48.285,0.2,nan,-0.1,0.2,00:00:00,0.0,0.8,-0.5,204.0
2025-05-27 15:03:49.287,0.2,nan,-0.1,0.1,00:00:00,0.0,0.8,-0.4,204.0
2025-05-27 15:03:50.283,0.2,nan,-0.1,0.1,00:00:00,0.0,0.8,-0.4,204.0
2025-05-27 15:03:51.284,0.2,nan,-0.0,0.1,00:00:00,0.0,0.7,-0.5,204.0
2025-05-27 15:03:52.285,0.2,nan,-0.0,0.1,00:00:00,0.0,0.7,-0.5,204.0
2025-05-27 15:03:53.286,0.3,nan,-0.0,0.1,00:00:00,0.0,0.8,-0.5,204.0
2025-05-27 15:03:54.285,0.3,nan,-0.0,0.1,00:00:00,0.0,0.9,-0.4,204.0
2025-05-27 15:03:55.285,0.4,nan,-0.0,0.1,00:00:00,0.0,0.9,-0.3,204.0
2025-05-27 15:03:56.284,0.3,nan,-0.0,0.1,00:00:00,0.0,0.9,-0.3,204.0
2025-05-27 15:03:57.283,0.3,nan,-0.0,0.2,00:00:00,0.0,0.9,-0.3,204.0
2025-05-27 15:03:58.286,0.3,nan,-0.0,0.2,00:00:00,0.0,0.9,-0.3,204.0
2025-05-27 15:03:59.285,0.3,nan,-0.0,0.1,00:00:00,0.0,0.8,-0.3,204.0
2025-05-27 15:04:00.288,0.2,nan,-0.0,0.1,00:00:00,0.0,0.9,-0.3,204.0
2025-05-27 15:04:01.284,0.2,nan,-0.0,0.2,00:00:00,0.0,0.9,-0.3,204.0
2025-05-27 15:04:02.285,0.2,nan,-0.1,0.2,00:00:00,0.0,0.8,-0.3,204.0
2025-05-27 15:04:03.287,0.1,nan,-0.1,0.2,00:00:00,0.0,0.8,-0.3,204.0
2025-05-27 15:04:04.282,0.0,nan,-0.1,0.2,00:00:00,0.0,0.8,-0.3,204.0
2025-05-27 15:04:05.283,0.0,nan,-0.1,0.2,00:00:00,0.0,0.8,-0.4,204.0
2025-05-27 15:04:06.287,-0.0,nan,-0.1,0.2,00:00:00,0.0,0.8,-0.4,204.0
2025-05-27 15:04:07.283,-0.0,nan,-0.1,0.2,00:00:00,0.0,0.8,-0.4,204.0
2025-05-27 15:04:08.286,0.1,nan,-0.0,0.2,00:00:00,0.0,0.8,-0.3,204.0
2025-05-27 15:04:09.283,0.0,nan,-0.1,0.3,00:00:00,0.0,0.8,-0.4,204.0
2025-05-27 15:04:10.283,-0.1,nan,-0.1,0.4,00:00:00,0.0,0.9,-0.5,204.0
2025-05-27 15:04:11.282,-0.1,nan,-0.1,0.5,00:00:00,0.0,1.0,-0.5,204.0
2025-05-27 15:04:12.287,-0.1,nan,-0.1,0.5,00:00:00,0.0,1.0,-0.5,204.0
2025-05-27 15:04:13.284,-0.1,nan,-0.1,0.5,00:00:00,0.0,1.0,-0.5,205.0
2025-05-27 15:04:14.282,-0.0,nan,-0.1,0.5,00:00:00,0.0,1.0,-0.5,205.0
2025-05-27 15:04:15.283,-0.0,nan,-0.0,0.5,00:00:00,0.0,1.1,-0.4,204.0
2025-05-27 15:04:16.287,0.1,nan,-0.0,0.6,00:00:00,0.0,1.2,-0.2,205.0
2025-05-27 15:04:17.285,0.2,nan,0.0,0.6,00:00:00,0.0,1.2,-0.1,204.0
2025-05-27 15:04:18.286,0.3,nan,0.0,0.7,00:00:00,0.0,1.2,-0.1,204.0
2025-05-27 15:04:19.283,0.3,nan,0.0,0.7,00:00:00,0.0,1.1,-0.2,204.0
2025-05-27 15:04:20.283,0.3,nan,0.0,0.7,00:00:00,0.0,1.1,-0.1,204.0
2025-05-27 15:04:21.285,0.3,nan,0.0,0.7,00:00:00,0.0,1.1,-0.2,204.0
2025-05-27 15:04:22.284,0.2,nan,-0.0,0.6,00:00:00,0.0,1.0,-0.3,204.0
2025-05-27 15:04:23.284,0.2,nan,-0.0,0.6,00:00:00,0.0,0.8,-0.3,204.0
2025-05-27 15:04:24.287,0.2,nan,-0.0,0.6,00:00:00,0.0,0.8,-0.2,204.0
2025-05-27 15:04:25.288,0.3,nan,0.0,0.7,00:00:00,0.0,0.8,-0.2,205.0
2025-05-27 15:04:26.287,0.3,nan,0.0,0.7,00:00:00,0.0,0.8,-0.1,204.0
2025-05-27 15:04:27.289,0.4,nan,0.0,0.6,00:00:00,0.0,0.7,-0.1,204.0
2025-05-27 15:04:28.282,0.4,nan,0.0,0.6,00:00:00,0.0,0.6,-0.2,204.0
2025-05-27 15:04:29.285,0.5,nan,0.0,0.5,00:00:00,0.0,0.5,-0.2,204.0
2025-05-27 15:04:30.282,0.4,nan,0.0,0.5,00:00:00,0.0,0.5,-0.2,204.0
2025-05-27 15:04:31.286,0.5,nan,0.0,0.6,00:00:00,0.0,0.5,-0.2,205.0
2025-05-27 15:04:32.285,0.5,nan,0.0,0.6,00:00:00,0.0,0.5,-0.1,205.0
2025-05-27 15:04:33.282,0.5,nan,-0.0,0.6,00:00:00,0.0,0.4,-0.2,204.0
2025-05-27 15:04:34.286,0.4,nan,-0.0,0.5,00:00:00,0.0,0.3,-0.3,204.0
2025-05-27 15:04:35.284,0.5,nan,-0.0,0.5,00:00:00,0.0,0.3,-0.4,205.0
2025-05-27 15:04:36.285,0.6,nan,0.0,0.5,00:00:00,0.0,0.4,-0.4,205.0
2025-05-27 15:04:37.283,0.6,nan,0.0,0.5,00:00:00,0.0,0.5,-0.5,205.0
2025-05-27 15:04:38.285,0.6,nan,0.0,0.4,00:00:00,0.0,0.6,-0.6,205.0
2025-05-27 15:04:39.283,0.6,nan,0.0,0.3,00:00:00,0.0,0.6,-0.8,205.0
2025-05-27 15:04:40.284,0.6,nan,-0.0,0.1,00:00:00,0.0,0.7,-0.9,205.0
2025-05-27 15:04:41.285,0.5,nan,-0.0,0.1,00:00:00,0.0,0.7,-1.0,205.0
2025-05-27 15:04:42.285,0.5,nan,0.0,0.1,00:00:00,0.0,0.7,-1.0,205.0
2025-05-27 15:04:43.282,0.5,nan,0.0,0.2,00:00:00,0.0,0.7,-1.0,205.0
2025-05-27 15:04:44.283,0.5,nan,0.0,0.4,00:00:00,0.0,0.6,-1.0,205.0
2025-05-27 15:04:45.283,0.5,nan,-0.0,0.5,00:00:00,0.0,0.7,-1.0,205.0
2025-05-27 15:04:46.285,0.5,nan,-0.0,0.5,00:00:00,0.0,0.8,-0.9,205.0
2025-05-27 15:04:47.283,0.5,nan,-0.0,0.4,00:00:00,0.0,0.8,-0.8,205.0
2025-05-27 15:04:48.285,0.5,nan,-0.0,0.4,00:00:00,0.0,1.0,-0.7,205.0
2025-05-27 15:04:49.286,0.5,nan,-0.0,0.4,00:00:00,0.0,1.0,-0.6,205.0
2025-05-27 15:04:50.285,0.5,nan,-0.0,0.3,00:00:00,0.0,1.1,-0.5,205.0
2025-05-27 15:04:51.285,0.4,nan,-0.0,0.3,00:00:00,0.0,1.2,-0.4,205.0
2025-05-27 15:04:52.285,0.4,nan,-0.0,0.3,00:00:00,0.0,1.3,-0.3,205.0
2025-05-27 15:04:53.283,0.4,nan,-0.0,0.3,00:00:00,0.0,1.3,-0.3,205.0
2025-05-27 15:04:54.286,0.4,nan,-0.0,0.3,00:00:00,0.0,1.3,-0.3,205.0
2025-05-27 15:04:55.287,0.4,nan,-0.0,0.2,00:00:00,0.0,1.3,-0.2,205.0
2025-05-27 15:04:56.285,0.4,nan,-0.0,0.2,00:00:00,0.0,1.3,-0.2,205.0
2025-05-27 15:04:57.285,0.4,nan,-0.0,0.2,00:00:00,0.0,1.2,-0.1,205.0
2025-05-27 15:04:58.286,0.4,nan,-0.0,0.3,00:00:00,0.0,1.2,-0.1,205.0
2025-05-27 15:04:59.283,0.3,nan,-0.0,0.3,00:00:00,0.0,1.2,-0.1,205.0
2025-05-27 15:05:00.285,0.4,nan,-0.0,0.3,00:00:00,0.0,1.2,-0.1,205.0
2025-05-27 15:05:01.286,0.4,nan,-0.0,0.3,00:00:00,0.0,1.1,-0.2,205.0
2025-05-27 15:05:02.284,0.4,nan,-0.0,0.3,00:00:00,0.0,1.0,-0.2,205.0
2025-05-27 15:05:03.284,0.4,nan,-0.0,0.3,00:00:00,0.0,1.0,-0.2,205.0
2025-05-27 15:05:04.286,0.4,nan,-0.0,0.3,00:00:00,0.0,1.0,-0.3,205.0
2025-05-27 15:05:05.285,0.4,nan,0.0,0.4,00:00:00,0.0,1.1,-0.3,205.0
2025-05-27 15:05:06.286,0.5,nan,-0.0,0.4,00:00:00,0.0,1.0,-0.3,205.0
2025-05-27 15:05:07.286,0.5,nan,-0.0,0.4,00:00:00,0.0,1.0,-0.4,205.0
2025-05-27 15:05:08.285,0.6,nan,0.0,0.4,00:00:00,0.0,1.0,-0.4,205.0
2025-05-27 15:05:09.283,0.7,nan,0.1,0.4,00:00:00,0.0,0.9,-0.4,205.0
2025-05-27 15:05:10.285,0.7,nan,0.1,0.4,00:00:00,0.0,0.8,-0.5,205.0
2025-05-27 15:05:11.286,0.7,nan,0.0,0.3,00:00:00,0.0,0.8,-0.6,205.0
2025-05-27 15:05:12.285,0.7,nan,0.1,0.3,00:00:00,0.0,0.7,-0.6,205.0
2025-05-27 15:05:13.286,0.8,nan,0.1,0.3,00:00:00,0.0,0.7,-0.6,205.0
2025-05-27 15:05:14.283,0.9,nan,0.1,0.3,00:00:00,0.0,0.7,-0.6,205.0
2025-05-27 15:05:15.288,1.0,nan,0.1,0.3,00:00:00,0.0,0.7,-0.6,205.0
2025-05-27 15:05:16.285,0.9,nan,0.1,0.3,00:00:00,0.0,0.7,-0.7,205.0
2025-05-27 15:05:17.284,0.9,nan,0.1,0.2,00:00:00,0.0,0.8,-0.7,205.0
2025-05-27 15:05:18.283,0.8,nan,0.0,0.1,00:00:00,0.0,0.8,-0.8,205.0
2025-05-27 15:05:19.285,0.7,nan,0.0,0.1,00:00:00,0.0,0.8,-0.8,205.0
2025-05-27 15:05:20.283,0.7,nan,0.0,0.1,00:00:00,0.0,0.8,-0.7,205.0
2025-05-27 15:05:21.285,0.7,nan,0.0,0.1,00:00:00,0.0,0.8,-0.6,205.0
2025-05-27 15:05:22.281,0.7,nan,0.0,0.2,00:00:00,0.0,0.9,-0.6,205.0
2025-05-27 15:05:23.286,0.7,nan,0.0,0.2,00:00:00,0.0,0.9,-0.6,205.0
2025-05-27 15:05:24.285,0.7,nan,0.0,0.2,00:00:00,0.0,0.9,-0.5,205.0
2025-05-27 15:05:25.285,0.7,nan,0.0,0.3,00:00:00,0.0,0.8,-0.5,205.0
2025-05-27 15:05:26.284,0.7,nan,0.1,0.3,00:00:00,0.0,0.8,-0.5,205.0
2025-05-27 15:05:27.283,0.8,nan,0.1,0.3,00:00:00,0.0,0.8,-0.5,204.0
2025-05-27 15:05:28.283,1.0,nan,0.1,0.4,00:00:00,0.0,0.8,-0.4,204.0
2025-05-27 15:05:29.285,1.0,nan,0.1,0.4,00:00:00,0.0,0.7,-0.4,204.0
2025-05-27 15:05:30.285,1.0,nan,0.1,0.4,00:00:00,0.0,0.8,-0.5,204.0
2025-05-27 15:05:31.286,1.0,nan,0.1,0.4,00:00:00,0.0,0.9,-0.5,204.0
2025-05-27 15:05:32.285,1.1,nan,0.1,0.4,00:00:00,0.0,0.9,-0.5,204.0
2025-05-27 15:05:33.284,1.0,nan,0.1,0.3,00:00:00,0.0,0.9,-0.6,204.0
2025-05-27 15:05:34.283,1.0,nan,0.0,0.2,00:00:00,0.0,1.0,-0.6,204.0
2025-05-27 15:05:35.284,1.0,nan,0.0,0.1,00:00:00,0.0,1.0,-0.6,204.0
2025-05-27 15:05:36.282,1.0,nan,0.0,0.1,00:00:00,0.0,1.0,-0.6,204.0
2025-05-27 15:05:37.283,0.8,nan,0.0,0.1,00:00:00,0.0,1.0,-0.6,204.0
2025-05-27 15:05:38.284,0.8,nan,0.0,0.1,00:00:00,0.0,1.0,-0.6,204.0
2025-05-27 15:05:39.282,0.8,nan,0.0,0.0,00:00:00,0.0,1.0,-0.5,204.0
2025-05-27 15:05:40.286,0.7,nan,0.0,0.1,00:00:00,0.0,0.9,-0.5,204.0
2025-05-27 15:05:41.287,0.6,nan,-0.0,0.2,00:00:00,0.0,0.9,-0.6,204.0
2025-05-27 15:05:42.282,0.6,nan,-0.0,0.2,00:00:00,0.0,0.9,-0.6,204.0
2025-05-27 15:05:43.285,0.5,nan,-0.0,0.2,00:00:00,0.0,1.0,-0.5,204.0
2025-05-27 15:05:44.285,0.5,nan,-0.0,0.2,00:00:00,0.0,1.1,-0.5,204.0
2025-05-27 15:05:45.284,0.3,nan,-0.0,0.3,00:00:00,0.0,1.1,-0.6,204.0
2025-05-27 15:05:46.283,0.3,nan,-0.0,0.3,00:00:00,0.0,1.1,-0.5,204.0
2025-05-27 15:05:47.284,0.3,nan,-0.1,0.4,00:00:00,0.0,1.1,-0.6,204.0
2025-05-27 15:05:48.283,0.4,nan,-0.0,0.4,00:00:00,0.0,1.1,-0.5,204.0
2025-05-27 15:05:49.286,0.4,nan,-0.0,0.4,00:00:00,0.0,1.0,-0.5,204.0
2025-05-27 15:05:50.286,0.4,nan,-0.0,0.4,00:00:00,0.0,1.0,-0.5,204.0
2025-05-27 15:05:51.287,0.4,nan,-0.0,0.4,00:00:00,0.0,0.9,-0.5,204.0
2025-05-27 15:05:52.284,0.5,nan,-0.0,0.4,00:00:00,0.0,0.9,-0.5,204.0
2025-05-27 15:05:53.284,0.4,nan,-0.0,0.4,00:00:00,0.0,0.9,-0.6,204.0
2025-05-27 15:05:54.285,0.4,nan,-0.0,0.4,00:00:00,0.0,0.9,-0.6,204.0
2025-05-27 15:05:55.284,0.4,nan,-0.0,0.3,00:00:00,0.0,0.9,-0.5,204.0
2025-05-27 15:05:56.284,0.4,nan,-0.0,0.2,00:00:00,0.0,0.8,-0.5,204.0
2025-05-27 15:05:57.287,0.5,nan,-0.0,0.2,00:00:00,0.0,0.8,-0.4,204.0
2025-05-27 15:05:58.283,0.5,nan,-0.0,0.1,00:00:00,0.0,0.8,-0.4,204.0
2025-05-27 15:05:59.285,0.5,nan,-0.0,0.2,00:00:00,0.0,0.9,-0.4,204.0
2025-05-27 15:06:00.282,0.5,nan,-0.0,0.2,00:00:00,0.0,0.9,-0.5,204.0
2025-05-27 15:06:01.283,0.4,nan,-0.0,0.1,00:00:00,0.0,0.8,-0.7,204.0
2025-05-27 15:06:02.286,0.4,nan,-0.0,0.1,00:00:00,0.0,0.8,-0.6,204.0
2025-05-27 15:06:03.283,0.5,nan,-0.0,0.1,00:00:00,0.0,0.7,-0.7,204.0
2025-05-27 15:06:04.283,0.5,nan,-0.0,0.2,00:00:00,0.0,0.7,-0.7,204.0
2025-05-27 15:06:05.283,0.5,nan,0.0,0.2,00:00:00,0.0,0.7,-0.6,204.0
2025-05-27 15:06:06.285,0.6,nan,0.0,0.1,00:00:00,0.0,0.7,-0.6,204.0
2025-05-27 15:06:07.284,0.8,nan,0.1,0.1,00:00:00,0.0,0.8,-0.5,204.0
2025-05-27 15:06:08.285,0.8,nan,0.1,0.1,00:00:00,0.0,0.7,-0.4,204.0
2025-05-27 15:06:09.286,0.9,nan,0.1,0.1,00:00:00,0.0,0.7,-0.4,204.0
2025-05-27 15:06:10.286,1.0,nan,0.1,0.2,00:00:00,0.0,0.7,-0.4,204.0
2025-05-27 15:06:11.285,0.9,nan,0.1,0.1,00:00:00,0.0,0.8,-0.5,204.0
2025-05-27 15:06:12.281,0.9,nan,0.1,0.1,00:00:00,0.0,0.9,-0.5,204.0
2025-05-27 15:06:13.283,0.9,nan,0.0,0.1,00:00:00,0.0,0.8,-0.5,204.0
2025-05-27 15:06:14.282,0.9,nan,0.0,0.1,00:00:00,0.0,0.8,-0.5,204.0
2025-05-27 15:06:15.286,0.9,nan,0.0,0.2,00:00:00,0.0,0.8,-0.5,204.0
2025-05-27 15:06:16.285,0.9,nan,0.0,0.1,00:00:00,0.0,0.7,-0.5,204.0
2025-05-27 15:06:17.282,0.9,nan,0.0,0.1,00:00:00,0.0,0.7,-0.4,204.0
2025-05-27 15:06:18.286,0.9,nan,0.0,0.1,00:00:00,0.0,0.6,-0.3,204.0
2025-05-27 15:06:19.283,0.9,nan,0.0,0.1,00:00:00,0.0,0.6,-0.3,204.0
2025-05-27 15:06:20.285,1.0,nan,0.1,0.2,00:00:00,0.0,0.6,-0.3,204.0
2025-05-27 15:06:21.282,1.0,nan,0.1,0.3,00:00:00,0.0,0.4,-0.2,204.0
2025-05-27 15:06:22.286,1.0,nan,0.1,0.3,00:00:00,0.0,0.5,-0.3,204.0
2025-05-27 15:06:23.283,1.0,nan,0.1,0.2,00:00:00,0.0,0.7,-0.4,204.0
2025-05-27 15:06:24.286,0.9,nan,0.0,0.1,00:00:00,0.0,0.8,-0.4,204.0
2025-05-27 15:06:25.283,0.8,nan,0.0,0.0,00:00:00,0.0,0.8,-0.4,204.0
2025-05-27 15:06:26.284,0.8,nan,0.0,0.0,00:00:00,0.0,0.8,-0.4,204.0
2025-05-27 15:06:27.286,0.8,nan,0.0,0.0,00:00:00,0.0,0.8,-0.5,204.0
2025-05-27 15:06:28.284,0.9,nan,0.0,0.1,00:00:00,0.0,0.8,-0.6,204.0
2025-05-27 15:06:29.282,0.9,nan,0.0,0.1,00:00:00,0.0,0.8,-0.5,204.0
2025-05-27 15:06:30.286,0.8,nan,0.0,0.1,00:00:00,0.0,0.7,-0.5,204.0
2025-05-27 15:06:31.284,0.8,nan,0.0,0.1,00:00:00,0.0,0.7,-0.4,204.0
2025-05-27 15:06:32.285,0.8,nan,0.0,0.1,00:00:00,0.0,0.7,-0.4,204.0
2025-05-27 15:06:33.283,0.8,nan,0.0,0.0,00:00:00,0.0,0.8,-0.3,204.0
2025-05-27 15:06:34.282,0.8,nan,-0.0,0.0,00:00:00,0.0,0.8,-0.3,204.0
2025-05-27 15:06:35.284,0.7,nan,-0.0,0.1,00:00:00,0.0,0.8,-0.2,204.0
2025-05-27 15:06:36.283,0.7,nan,0.0,0.2,00:00:00,0.0,0.7,-0.3,204.0
2025-05-27 15:06:37.283,0.8,nan,0.0,0.2,00:00:00,0.0,0.7,-0.2,204.0
2025-05-27 15:06:38.284,0.8,nan,0.0,0.2,00:00:00,0.0,0.8,-0.2,204.0
2025-05-27 15:06:39.286,0.8,nan,0.0,0.1,00:00:00,0.0,0.8,-0.2,204.0
2025-05-27 15:06:40.285,0.8,nan,0.0,0.2,00:00:00,0.0,0.8,-0.3,204.0
2025-05-27 15:06:41.286,0.8,nan,0.0,0.2,00:00:00,0.0,0.7,-0.3,204.0
2025-05-27 15:06:42.283,0.8,nan,0.0,0.2,00:00:00,0.0,0.7,-0.3,204.0
2025-05-27 15:06:43.284,0.8,nan,0.0,0.2,00:00:00,0.0,0.8,-0.2,204.0
2025-05-27 15:06:44.286,0.8,nan,0.0,0.2,00:00:00,0.0,0.9,-0.2,204.0
2025-05-27 15:06:45.286,0.8,nan,0.0,0.1,00:00:00,0.0,1.0,-0.2,204.0
2025-05-27 15:06:46.286,0.8,nan,0.0,0.1,00:00:00,0.0,1.0,-0.2,204.0
2025-05-27 15:06:47.285,0.8,nan,0.0,0.1,00:00:00,0.0,1.1,-0.3,204.0
2025-05-27 15:06:48.284,0.8,nan,0.0,0.1,00:00:00,0.0,1.2,-0.3,204.0
2025-05-27 15:06:49.286,0.8,nan,0.0,0.1,00:00:00,0.0,1.2,-0.3,204.0
2025-05-27 15:06:50.286,0.8,nan,0.0,0.1,00:00:00,0.0,1.2,-0.3,204.0
2025-05-27 15:06:51.284,0.8,nan,0.0,0.2,00:00:00,0.0,1.1,-0.3,204.0
2025-05-27 15:06:52.285,0.9,nan,0.0,0.2,00:00:00,0.0,1.1,-0.4,204.0
2025-05-27 15:06:53.285,0.9,nan,0.1,0.2,00:00:00,0.0,1.1,-0.4,204.0
2025-05-27 15:06:54.283,0.9,nan,0.0,0.1,00:00:00,0.0,1.2,-0.4,204.0
2025-05-27 15:06:55.286,0.9,nan,0.0,0.1,00:00:00,0.0,1.3,-0.4,204.0
2025-05-27 15:06:56.285,0.9,nan,0.0,0.0,00:00:00,0.0,1.3,-0.3,204.0
2025-05-27 15:06:57.284,0.9,nan,0.0,0.1,00:00:00,0.0,1.4,-0.3,204.0
2025-05-27 15:06:58.286,0.8,nan,-0.0,0.1,00:00:00,0.0,1.4,-0.4,204.0
2025-05-27 15:06:59.286,0.9,nan,-0.0,0.1,00:00:00,0.0,1.3,-0.4,204.0
2025-05-27 15:07:00.282,0.9,nan,0.0,0.0,00:00:00,0.0,1.2,-0.4,204.0
2025-05-27 15:07:01.283,1.0,nan,0.1,0.0,00:00:00,0.0,1.1,-0.3,204.0
2025-05-27 15:07:02.286,1.0,nan,0.0,0.0,00:00:00,0.0,1.2,-0.3,204.0
2025-05-27 15:07:03.286,0.9,nan,0.0,0.1,00:00:00,0.0,1.2,-0.4,204.0
2025-05-27 15:07:04.283,1.0,nan,0.0,0.1,00:00:00,0.0,1.2,-0.4,204.0
2025-05-27 15:07:05.285,0.9,nan,0.0,0.1,00:00:00,0.0,1.1,-0.4,204.0
2025-05-27 15:07:06.282,1.0,nan,0.0,0.1,00:00:00,0.0,1.1,-0.4,204.0
2025-05-27 15:07:07.283,1.1,nan,0.1,0.2,00:00:00,0.0,1.0,-0.3,204.0
2025-05-27 15:07:08.289,1.1,nan,0.1,0.3,00:00:00,0.0,1.0,-0.3,204.0
2025-05-27 15:07:09.285,1.1,nan,0.1,0.2,00:00:00,0.0,1.0,-0.4,204.0
2025-05-27 15:07:10.287,1.1,nan,0.1,0.2,00:00:00,0.0,1.0,-0.4,204.0
2025-05-27 15:07:11.286,1.2,nan,0.1,0.3,00:00:00,0.0,0.9,-0.4,204.0
2025-05-27 15:07:12.286,1.2,nan,0.1,0.3,00:00:00,0.0,0.9,-0.4,204.0
2025-05-27 15:07:13.287,1.3,nan,0.1,0.3,00:00:00,0.0,0.8,-0.5,204.0
2025-05-27 15:07:14.283,1.4,nan,0.1,0.4,00:00:00,0.0,0.8,-0.5,204.0
2025-05-27 15:07:15.284,1.5,nan,0.1,0.5,00:00:00,0.0,0.8,-0.5,204.0
2025-05-27 15:07:16.286,1.5,nan,0.1,0.5,00:00:00,0.0,0.8,-0.5,204.0
2025-05-27 15:07:17.286,1.5,nan,0.1,0.5,00:00:00,0.0,0.8,-0.5,204.0
2025-05-27 15:07:18.283,1.4,nan,0.1,0.5,00:00:00,0.0,0.8,-0.5,204.0
2025-05-27 15:07:19.285,1.4,nan,0.1,0.5,00:00:00,0.0,0.8,-0.6,204.0
2025-05-27 15:07:20.284,1.5,nan,0.1,0.5,00:00:00,0.0,0.8,-0.6,204.0
2025-05-27 15:07:21.286,1.5,nan,0.1,0.4,00:00:00,0.0,0.8,-0.7,204.0
2025-05-27 15:07:22.286,1.5,nan,0.1,0.3,00:00:00,0.0,0.9,-0.6,204.0
2025-05-27 15:07:23.282,1.5,nan,0.1,0.2,00:00:00,0.0,0.9,-0.7,204.0
2025-05-27 15:07:24.284,1.4,nan,0.0,0.1,00:00:00,0.0,1.0,-0.9,204.0
2025-05-27 15:07:25.284,1.3,nan,0.0,0.1,00:00:00,0.0,1.1,-0.9,204.0
2025-05-27 15:07:26.283,1.2,nan,0.0,0.2,00:00:00,0.0,1.2,-0.9,204.0
2025-05-27 15:07:27.283,1.2,nan,0.0,0.3,00:00:00,0.0,1.2,-0.9,204.0
2025-05-27 15:07:28.285,1.2,nan,0.0,0.4,00:00:00,0.0,1.2,-0.9,204.0
2025-05-27 15:07:29.283,1.2,nan,-0.0,0.4,00:00:00,0.0,1.2,-0.8,204.0
2025-05-27 15:07:30.286,1.1,nan,-0.0,0.5,00:00:00,0.0,1.2,-0.7,204.0
2025-05-27 15:07:31.283,1.1,nan,-0.0,0.5,00:00:00,0.0,1.1,-0.6,204.0
2025-05-27 15:07:32.284,1.1,nan,-0.0,0.5,00:00:00,0.0,0.9,-0.5,204.0
2025-05-27 15:07:33.287,1.0,nan,-0.0,0.5,00:00:00,0.0,0.9,-0.5,204.0
2025-05-27 15:07:34.285,0.9,nan,-0.1,0.5,00:00:00,0.0,0.9,-0.4,204.0
2025-05-27 15:07:35.284,0.8,nan,-0.1,0.5,00:00:00,0.0,0.9,-0.3,204.0
2025-05-27 15:07:36.284,0.7,nan,-0.1,0.4,00:00:00,0.0,0.9,-0.2,204.0
2025-05-27 15:07:37.288,0.7,nan,-0.1,0.4,00:00:00,0.0,0.9,-0.2,204.0
2025-05-27 15:07:38.282,0.7,nan,-0.1,0.3,00:00:00,0.0,0.9,-0.2,204.0
2025-05-27 15:07:39.286,0.7,nan,-0.1,0.3,00:00:00,0.0,0.9,-0.2,204.0
2025-05-27 15:07:40.287,0.6,nan,-0.1,0.3,00:00:00,0.0,0.9,-0.2,204.0
2025-05-27 15:07:41.288,0.6,nan,-0.1,0.3,00:00:00,0.0,0.9,-0.2,204.0
2025-05-27 15:07:42.284,0.6,nan,-0.1,0.3,00:00:00,0.0,0.8,-0.1,204.0
2025-05-27 15:07:43.284,0.6,nan,-0.1,0.2,00:00:00,0.0,0.8,-0.1,204.0
2025-05-27 15:07:44.285,0.7,nan,-0.0,0.2,00:00:00,0.0,0.7,-0.1,204.0
2025-05-27 15:07:45.283,0.8,nan,0.0,0.2,00:00:00,0.0,0.7,-0.0,204.0
2025-05-27 15:07:46.286,0.9,nan,0.0,0.1,00:00:00,0.0,0.6,-0.0,204.0
2025-05-27 15:07:47.284,1.0,nan,0.0,0.1,00:00:00,0.0,0.5,-0.0,204.0
2025-05-27 15:07:48.285,1.1,nan,0.0,0.1,00:00:00,0.0,0.4,-0.1,204.0
2025-05-27 15:07:49.285,1.2,nan,0.1,0.1,00:00:00,0.0,0.4,-0.1,204.0
2025-05-27 15:07:50.283,1.3,nan,0.1,0.1,00:00:00,0.0,0.5,-0.1,204.0
2025-05-27 15:07:51.287,1.3,nan,0.1,0.1,00:00:00,0.0,0.6,-0.2,204.0
2025-05-27 15:07:52.287,1.3,nan,0.1,0.0,00:00:00,0.0,0.7,-0.3,204.0
2025-05-27 15:07:53.285,1.3,nan,0.0,0.0,00:00:00,0.0,0.7,-0.3,204.0
2025-05-27 15:07:54.286,1.2,nan,0.0,0.1,00:00:00,0.0,0.8,-0.4,204.0
2025-05-27 15:07:55.285,1.2,nan,-0.0,0.1,00:00:00,0.0,0.8,-0.4,204.0
2025-05-27 15:07:56.286,1.1,nan,-0.0,0.1,00:00:00,0.0,0.9,-0.4,204.0
2025-05-27 15:07:57.283,1.2,nan,-0.0,0.1,00:00:00,0.0,0.9,-0.4,204.0
2025-05-27 15:07:58.285,1.1,nan,-0.0,0.1,00:00:00,0.0,0.9,-0.4,204.0
2025-05-27 15:07:59.286,1.2,nan,0.0,0.1,00:00:00,0.0,0.9,-0.4,204.0
2025-05-27 15:08:00.285,1.2,nan,0.0,0.0,00:00:00,0.0,0.9,-0.4,204.0
2025-05-27 15:08:01.283,1.3,nan,0.0,0.0,00:00:00,0.0,0.8,-0.4,204.0
2025-05-27 15:08:02.287,1.3,nan,0.0,0.0,00:00:00,0.0,0.8,-0.3,204.0
2025-05-27 15:08:03.285,1.3,nan,0.0,0.0,00:00:00,0.0,0.9,-0.3,204.0
2025-05-27 15:08:04.282,1.3,nan,0.0,0.0,00:00:00,0.0,0.9,-0.4,204.0
2025-05-27 15:08:05.288,1.4,nan,0.0,0.1,00:00:00,0.0,0.8,-0.4,204.0
2025-05-27 15:08:06.284,1.3,nan,0.0,0.1,00:00:00,0.0,0.9,-0.4,204.0
2025-05-27 15:08:07.282,1.3,nan,0.0,0.1,00:00:00,0.0,0.9,-0.4,204.0
2025-05-27 15:08:08.287,1.4,nan,0.0,0.1,00:00:00,0.0,0.9,-0.5,204.0
2025-05-27 15:08:09.282,1.4,nan,0.0,0.1,00:00:00,0.0,1.0,-0.4,204.0
2025-05-27 15:08:10.283,1.4,nan,0.0,0.1,00:00:00,0.0,1.0,-0.4,204.0
2025-05-27 15:08:11.285,1.4,nan,0.0,0.1,00:00:00,0.0,1.0,-0.4,204.0
2025-05-27 15:08:12.286,1.4,nan,0.0,0.1,00:00:00,0.0,1.0,-0.5,204.0
2025-05-27 15:08:13.286,1.4,nan,0.0,0.1,00:00:00,0.0,1.0,-0.5,204.0
2025-05-27 15:08:14.285,1.4,nan,0.0,0.1,00:00:00,0.0,1.1,-0.5,204.0
2025-05-27 15:08:15.282,1.4,nan,0.0,0.1,00:00:00,0.0,1.1,-0.5,204.0
2025-05-27 15:08:16.285,1.4,nan,0.0,0.1,00:00:00,0.0,1.0,-0.5,204.0
2025-05-27 15:08:17.283,1.4,nan,0.0,0.0,00:00:00,0.0,1.0,-0.5,204.0
2025-05-27 15:08:18.285,1.3,nan,-0.0,0.0,00:00:00,0.0,1.0,-0.5,204.0
2025-05-27 15:08:19.284,1.3,nan,-0.0,0.1,00:00:00,0.0,1.0,-0.5,204.0
2025-05-27 15:08:20.286,1.3,nan,-0.0,0.0,00:00:00,0.0,0.9,-0.5,204.0
2025-05-27 15:08:21.284,1.2,nan,-0.0,0.1,00:00:00,0.0,0.8,-0.5,204.0
2025-05-27 15:08:22.284,1.1,nan,-0.1,0.0,00:00:00,0.0,0.9,-0.4,204.0
2025-05-27 15:08:23.287,1.0,nan,-0.1,0.0,00:00:00,0.0,0.9,-0.4,204.0
2025-05-27 15:08:24.304,1.0,nan,-0.0,0.0,00:00:00,0.0,0.9,-0.4,204.0
2025-05-27 15:08:25.283,1.1,nan,-0.0,0.0,00:00:00,0.0,0.9,-0.4,204.0
2025-05-27 15:08:26.287,1.0,nan,-0.0,0.1,00:00:00,0.0,0.9,-0.4,204.0
2025-05-27 15:08:27.287,0.9,nan,-0.0,0.1,00:00:00,0.0,0.9,-0.3,204.0
2025-05-27 15:08:28.285,0.9,nan,-0.0,0.1,00:00:00,0.0,0.8,-0.3,204.0
2025-05-27 15:08:29.284,0.9,nan,-0.0,0.1,00:00:00,0.0,0.8,-0.4,204.0
2025-05-27 15:08:30.283,0.9,nan,-0.0,0.2,00:00:00,0.0,0.9,-0.4,204.0
2025-05-27 15:08:31.284,0.9,nan,-0.0,0.2,00:00:00,0.0,0.8,-0.4,204.0
2025-05-27 15:08:32.283,1.0,nan,0.0,0.2,00:00:00,0.0,0.8,-0.4,204.0
2025-05-27 15:08:33.282,1.0,nan,0.0,0.2,00:00:00,0.0,0.8,-0.5,204.0
2025-05-27 15:08:34.281,1.0,nan,0.0,0.2,00:00:00,0.0,0.8,-0.6,204.0
2025-05-27 15:08:35.283,1.0,nan,0.0,0.1,00:00:00,0.0,0.7,-0.6,204.0
2025-05-27 15:08:36.283,0.9,nan,-0.0,0.1,00:00:00,0.0,0.6,-0.6,204.0
2025-05-27 15:08:37.285,0.9,nan,0.0,0.2,00:00:00,0.0,0.6,-0.6,204.0
2025-05-27 15:08:38.284,0.9,nan,-0.0,0.1,00:00:00,0.0,0.5,-0.5,204.0
2025-05-27 15:08:39.285,1.0,nan,0.0,0.1,00:00:00,0.0,0.4,-0.5,204.0
2025-05-27 15:08:40.285,1.1,nan,0.0,0.1,00:00:00,0.0,0.4,-0.5,204.0
2025-05-27 15:08:41.284,1.1,nan,0.0,0.1,00:00:00,0.0,0.4,-0.5,204.0
2025-05-27 15:08:42.285,1.0,nan,0.0,0.0,00:00:00,0.0,0.3,-0.5,204.0
2025-05-27 15:08:43.284,1.0,nan,-0.0,0.0,00:00:00,0.0,0.4,-0.5,204.0
2025-05-27 15:08:44.282,1.0,nan,0.0,0.1,00:00:00,0.0,0.4,-0.4,204.0
2025-05-27 15:08:45.287,1.0,nan,-0.0,0.1,00:00:00,0.0,0.5,-0.4,204.0
2025-05-27 15:08:46.283,1.0,nan,-0.0,0.1,00:00:00,0.0,0.5,-0.4,204.0
2025-05-27 15:08:47.286,1.0,nan,-0.0,0.0,00:00:00,0.0,0.4,-0.5,204.0
2025-05-27 15:08:48.285,1.0,nan,-0.0,0.0,00:00:00,0.0,0.5,-0.5,204.0
2025-05-27 15:08:49.283,1.0,nan,-0.0,0.1,00:00:00,0.0,0.5,-0.5,204.0
2025-05-27 15:08:50.285,1.1,nan,0.0,0.0,00:00:00,0.0,0.5,-0.5,204.0
2025-05-27 15:08:51.285,1.1,nan,0.0,0.1,00:00:00,0.0,0.5,-0.4,204.0
2025-05-27 15:08:52.283,1.2,nan,0.0,0.0,00:00:00,0.0,0.6,-0.5,204.0
2025-05-27 15:08:53.287,1.3,nan,0.0,0.1,00:00:00,0.0,0.6,-0.4,204.0
2025-05-27 15:08:54.284,1.3,nan,0.1,0.1,00:00:00,0.0,0.6,-0.4,204.0
2025-05-27 15:08:55.286,1.3,nan,0.1,0.1,00:00:00,0.0,0.5,-0.5,204.0
2025-05-27 15:08:56.286,1.4,nan,0.1,0.1,00:00:00,0.0,0.4,-0.4,204.0
2025-05-27 15:08:57.283,1.4,nan,0.1,0.1,00:00:00,0.0,0.4,-0.5,204.0
2025-05-27 15:08:58.286,1.4,nan,0.1,0.1,00:00:00,0.0,0.4,-0.5,204.0
2025-05-27 15:08:59.282,1.4,nan,0.1,0.1,00:00:00,0.0,0.4,-0.5,204.0
2025-05-27 15:09:00.286,1.4,nan,0.0,0.1,00:00:00,0.0,0.5,-0.5,203.0
2025-05-27 15:09:01.284,1.4,nan,0.0,0.1,00:00:00,0.0,0.5,-0.5,203.0
2025-05-27 15:09:02.286,1.3,nan,0.0,0.1,00:00:00,0.0,0.6,-0.5,203.0
2025-05-27 15:09:03.285,1.3,nan,0.0,0.1,00:00:00,0.0,0.6,-0.6,203.0
2025-05-27 15:09:04.284,1.3,nan,0.0,0.2,00:00:00,0.0,0.7,-0.5,203.0
2025-05-27 15:09:05.283,1.4,nan,0.0,0.2,00:00:00,0.0,0.7,-0.5,203.0
2025-05-27 15:09:06.283,1.4,nan,0.0,0.2,00:00:00,0.0,0.6,-0.5,204.0
2025-05-27 15:09:07.284,1.3,nan,0.0,0.2,00:00:00,0.0,0.7,-0.5,204.0
2025-05-27 15:09:08.282,1.3,nan,0.0,0.2,00:00:00,0.0,0.7,-0.5,204.0
2025-05-27 15:09:09.285,1.3,nan,-0.0,0.2,00:00:00,0.0,0.6,-0.5,204.0
2025-05-27 15:09:10.284,1.3,nan,-0.0,0.2,00:00:00,0.0,0.6,-0.6,203.0
2025-05-27 15:09:11.286,1.3,nan,-0.0,0.1,00:00:00,0.0,0.5,-0.6,203.0
2025-05-27 15:09:12.283,1.3,nan,-0.0,0.0,00:00:00,0.0,0.5,-0.6,203.0
2025-05-27 15:09:13.286,1.3,nan,-0.0,0.0,00:00:00,0.0,0.5,-0.6,203.0
2025-05-27 15:09:14.285,1.3,nan,-0.0,0.0,00:00:00,0.0,0.5,-0.5,203.0
2025-05-27 15:09:15.286,1.3,nan,-0.0,0.1,00:00:00,0.0,0.6,-0.5,203.0
2025-05-27 15:09:16.285,1.3,nan,-0.0,0.0,00:00:00,0.0,0.6,-0.4,203.0
2025-05-27 15:09:17.287,1.3,nan,-0.0,0.1,00:00:00,0.0,0.6,-0.4,203.0
2025-05-27 15:09:18.282,1.2,nan,-0.0,0.1,00:00:00,0.0,0.6,-0.4,203.0
2025-05-27 15:09:19.285,1.3,nan,-0.0,0.0,00:00:00,0.0,0.5,-0.4,203.0
2025-05-27 15:09:20.283,1.3,nan,-0.0,0.0,00:00:00,0.0,0.6,-0.5,203.0
2025-05-27 15:09:21.283,1.3,nan,0.0,0.1,00:00:00,0.0,0.6,-0.4,203.0
2025-05-27 15:09:22.285,1.3,nan,0.0,0.0,00:00:00,0.0,0.6,-0.4,203.0
2025-05-27 15:09:23.285,1.3,nan,0.0,0.0,00:00:00,0.0,0.6,-0.4,203.0
2025-05-27 15:09:24.284,1.3,nan,0.0,0.0,00:00:00,0.0,0.6,-0.4,203.0
2025-05-27 15:09:25.283,1.4,nan,0.0,0.0,00:00:00,0.0,0.7,-0.4,203.0
2025-05-27 15:09:26.285,1.4,nan,0.0,0.0,00:00:00,0.0,0.8,-0.4,203.0
2025-05-27 15:09:27.284,1.3,nan,0.0,0.1,00:00:00,0.0,0.7,-0.4,203.0
2025-05-27 15:09:28.286,1.3,nan,0.0,0.1,00:00:00,0.0,0.8,-0.4,203.0
2025-05-27 15:09:29.284,1.3,nan,0.0,0.2,00:00:00,0.0,0.8,-0.4,204.0
2025-05-27 15:09:30.284,1.3,nan,0.0,0.3,00:00:00,0.0,0.8,-0.4,203.0
2025-05-27 15:09:31.283,1.3,nan,-0.0,0.3,00:00:00,0.0,0.9,-0.5,204.0
2025-05-27 15:09:32.284,1.3,nan,0.0,0.3,00:00:00,0.0,1.0,-0.4,204.0
2025-05-27 15:09:33.284,1.3,nan,0.0,0.3,00:00:00,0.0,1.0,-0.3,204.0
2025-05-27 15:09:34.286,1.3,nan,-0.0,0.2,00:00:00,0.0,1.1,-0.3,204.0
2025-05-27 15:09:35.284,1.2,nan,-0.0,0.2,00:00:00,0.0,1.2,-0.2,204.0
2025-05-27 15:09:36.283,1.2,nan,-0.0,0.1,00:00:00,0.0,1.2,-0.2,204.0
2025-05-27 15:09:37.285,1.2,nan,-0.0,0.2,00:00:00,0.0,1.2,-0.1,204.0
2025-05-27 15:09:38.283,1.2,nan,-0.0,0.2,00:00:00,0.0,1.2,-0.2,204.0
2025-05-27 15:09:39.284,1.2,nan,-0.0,0.1,00:00:00,0.0,1.3,-0.1,204.0
2025-05-27 15:09:40.283,1.3,nan,0.0,0.0,00:00:00,0.0,1.4,-0.2,204.0
2025-05-27 15:09:41.283,1.3,nan,0.0,0.1,00:00:00,0.0,1.4,-0.1,204.0
2025-05-27 15:09:42.286,1.3,nan,0.0,0.1,00:00:00,0.0,1.3,-0.1,204.0
2025-05-27 15:09:43.282,1.4,nan,0.0,0.2,00:00:00,0.0,1.3,-0.1,204.0
2025-05-27 15:09:44.284,1.3,nan,-0.0,0.2,00:00:00,0.0,1.3,-0.1,204.0
2025-05-27 15:09:45.284,1.3,nan,-0.0,0.2,00:00:00,0.0,1.2,-0.2,204.0
2025-05-27 15:09:46.286,1.4,nan,0.0,0.1,00:00:00,0.0,1.1,-0.3,204.0
2025-05-27 15:09:47.286,1.5,nan,0.0,0.1,00:00:00,0.0,1.0,-0.3,204.0
2025-05-27 15:09:48.283,1.5,nan,0.0,0.0,00:00:00,0.0,0.9,-0.4,204.0
2025-05-27 15:09:49.286,1.5,nan,0.0,0.0,00:00:00,0.0,0.8,-0.4,204.0
2025-05-27 15:09:50.283,1.5,nan,0.0,0.0,00:00:00,0.0,0.8,-0.4,204.0
2025-05-27 15:09:51.287,1.6,nan,0.0,0.1,00:00:00,0.0,0.8,-0.4,204.0
2025-05-27 15:09:52.286,1.6,nan,0.0,0.0,00:00:00,0.0,0.7,-0.5,204.0
2025-05-27 15:09:53.285,1.6,nan,-0.0,0.1,00:00:00,0.0,0.6,-0.5,204.0
2025-05-27 15:09:54.285,1.6,nan,-0.0,0.1,00:00:00,0.0,0.7,-0.4,204.0
2025-05-27 15:09:55.289,1.6,nan,-0.0,0.0,00:00:00,0.0,0.7,-0.4,204.0
2025-05-27 15:09:56.285,1.7,nan,0.0,0.0,00:00:00,0.0,0.8,-0.4,204.0
2025-05-27 15:09:57.286,1.7,nan,0.0,0.0,00:00:00,0.0,0.7,-0.4,204.0
2025-05-27 15:09:58.284,1.7,nan,0.0,0.0,00:00:00,0.0,0.7,-0.4,204.0
2025-05-27 15:09:59.284,1.7,nan,0.0,0.1,00:00:00,0.0,0.8,-0.4,203.0
2025-05-27 15:10:00.287,1.6,nan,-0.0,0.0,00:00:00,0.0,0.7,-0.4,204.0
2025-05-27 15:10:01.285,1.6,nan,0.0,0.1,00:00:00,0.0,0.7,-0.4,204.0
2025-05-27 15:10:02.285,1.6,nan,-0.0,0.0,00:00:00,0.0,0.7,-0.4,204.0
2025-05-27 15:10:03.283,1.6,nan,-0.0,0.0,00:00:00,0.0,0.7,-0.4,204.0
2025-05-27 15:10:04.284,1.7,nan,0.0,0.0,00:00:00,0.0,0.7,-0.4,204.0
2025-05-27 15:10:05.286,1.8,nan,0.0,0.0,00:00:00,0.0,0.7,-0.4,204.0
2025-05-27 15:10:06.284,1.8,nan,0.0,0.0,00:00:00,0.0,0.8,-0.4,203.0
2025-05-27 15:10:07.283,1.7,nan,0.0,0.0,00:00:00,0.0,0.8,-0.4,203.0
2025-05-27 15:10:08.284,1.7,nan,0.0,0.0,00:00:00,0.0,0.8,-0.4,204.0
2025-05-27 15:10:09.284,1.6,nan,-0.0,0.1,00:00:00,0.0,0.8,-0.5,204.0
2025-05-27 15:10:10.286,1.6,nan,-0.0,0.1,00:00:00,0.0,0.9,-0.5,204.0
2025-05-27 15:10:11.287,1.6,nan,-0.0,0.0,00:00:00,0.0,0.8,-0.5,204.0
2025-05-27 15:10:12.285,1.6,nan,-0.0,0.1,00:00:00,0.0,0.9,-0.5,204.0
2025-05-27 15:10:13.287,1.6,nan,-0.0,0.0,00:00:00,0.0,0.8,-0.5,204.0
2025-05-27 15:10:14.282,1.5,nan,-0.0,0.0,00:00:00,0.0,0.8,-0.5,204.0
2025-05-27 15:10:15.285,1.5,nan,-0.0,0.0,00:00:00,0.0,0.8,-0.5,204.0
2025-05-27 15:10:16.284,1.5,nan,-0.0,0.0,00:00:00,0.0,0.8,-0.4,204.0
2025-05-27 15:10:17.282,1.4,nan,-0.0,0.1,00:00:00,0.0,0.8,-0.4,204.0
2025-05-27 15:10:18.286,1.4,nan,-0.0,0.1,00:00:00,0.0,0.9,-0.4,204.0
2025-05-27 15:10:19.287,1.4,nan,-0.0,0.1,00:00:00,0.0,0.9,-0.5,204.0
2025-05-27 15:10:20.286,1.5,nan,-0.0,0.1,00:00:00,0.0,0.9,-0.5,204.0
2025-05-27 15:10:21.287,1.5,nan,0.0,0.1,00:00:00,0.0,0.8,-0.5,204.0
2025-05-27 15:10:22.284,1.6,nan,0.0,0.1,00:00:00,0.0,0.9,-0.5,204.0
2025-05-27 15:10:23.284,1.7,nan,0.0,0.1,00:00:00,0.0,0.8,-0.6,204.0
2025-05-27 15:10:24.284,1.7,nan,0.1,0.0,00:00:00,0.0,0.8,-0.5,204.0
2025-05-27 15:10:25.286,1.8,nan,0.1,0.1,00:00:00,0.0,0.8,-0.6,204.0
2025-05-27 15:10:26.286,1.8,nan,0.1,0.1,00:00:00,0.0,0.8,-0.5,204.0
2025-05-27 15:10:27.285,1.8,nan,0.1,0.2,00:00:00,0.0,0.7,-0.5,204.0
2025-05-27 15:10:28.282,1.8,nan,0.0,0.3,00:00:00,0.0,0.7,-0.5,204.0
2025-05-27 15:10:29.284,1.8,nan,0.0,0.3,00:00:00,0.0,0.7,-0.5,204.0
2025-05-27 15:10:30.285,1.8,nan,0.0,0.3,00:00:00,0.0,0.9,-0.5,204.0
2025-05-27 15:10:31.286,1.8,nan,0.0,0.3,00:00:00,0.0,1.5,-0.5,204.0
2025-05-27 15:10:32.284,1.8,nan,-0.0,0.2,00:00:00,0.0,1.2,-0.6,203.0
2025-05-27 15:10:33.283,1.7,nan,-0.0,0.2,00:00:00,0.0,1.2,-0.6,203.0
2025-05-27 15:10:34.285,1.7,nan,-0.0,0.1,00:00:00,0.0,1.1,-0.4,203.0
2025-05-27 15:10:35.286,1.7,nan,0.0,0.1,00:00:00,0.0,1.1,-0.5,203.0
2025-05-27 15:10:36.284,1.8,nan,0.0,0.1,00:00:00,0.0,1.1,-0.5,203.0
2025-05-27 15:10:37.283,1.7,nan,-0.0,0.1,00:00:00,0.0,1.1,-0.5,203.0
2025-05-27 15:10:38.284,1.8,nan,0.0,0.1,00:00:00,0.0,1.1,-0.5,203.0
2025-05-27 15:10:39.283,1.8,nan,0.0,0.1,00:00:00,0.0,1.1,-0.5,203.0
2025-05-27 15:10:40.286,1.8,nan,0.0,0.2,00:00:00,0.0,1.1,-0.5,203.0
2025-05-27 15:10:41.283,1.8,nan,0.0,0.2,00:00:00,0.0,1.0,-0.5,203.0
2025-05-27 15:10:42.286,1.7,nan,0.0,0.3,00:00:00,0.0,1.0,-0.5,203.0
2025-05-27 15:10:43.285,1.7,nan,0.0,0.3,00:00:00,0.0,0.9,-0.5,203.0
2025-05-27 15:10:44.283,1.8,nan,0.0,0.3,00:00:00,0.0,0.8,-0.5,203.0
2025-05-27 15:10:45.285,1.8,nan,0.0,0.2,00:00:00,0.0,0.7,-0.4,203.0
2025-05-27 15:10:46.286,1.9,nan,0.0,0.1,00:00:00,0.0,0.6,-0.3,203.0
2025-05-27 15:10:47.286,2.0,nan,0.0,0.1,00:00:00,0.0,0.6,-0.2,203.0
2025-05-27 15:10:48.286,2.0,nan,0.0,0.2,00:00:00,0.0,0.6,-0.2,203.0
2025-05-27 15:10:49.283,2.0,nan,0.0,0.2,00:00:00,0.0,0.6,-0.3,203.0
2025-05-27 15:10:50.286,2.0,nan,0.0,0.2,00:00:00,0.0,0.6,-0.3,203.0
2025-05-27 15:10:51.285,1.9,nan,0.0,0.2,00:00:00,0.0,0.7,-0.3,203.0
2025-05-27 15:10:52.283,1.8,nan,-0.0,0.1,00:00:00,0.0,0.7,-0.3,203.0
2025-05-27 15:10:53.285,1.9,nan,-0.0,0.2,00:00:00,0.0,0.7,-0.4,203.0
2025-05-27 15:10:54.285,1.9,nan,-0.0,0.1,00:00:00,0.0,0.6,-0.4,203.0
2025-05-27 15:10:55.284,1.9,nan,-0.0,0.1,00:00:00,0.0,0.6,-0.4,203.0
2025-05-27 15:10:56.283,1.9,nan,-0.0,0.1,00:00:00,0.0,0.6,-0.5,203.0
2025-05-27 15:10:57.285,1.9,nan,-0.0,0.2,00:00:00,0.0,0.5,-0.5,203.0
2025-05-27 15:10:58.289,1.9,nan,-0.0,0.1,00:00:00,0.0,0.5,-0.5,203.0
2025-05-27 15:10:59.284,1.9,nan,-0.0,0.1,00:00:00,0.0,0.5,-0.5,203.0
2025-05-27 15:11:00.283,1.8,nan,-0.0,0.1,00:00:00,0.0,0.5,-0.5,203.0
2025-05-27 15:11:01.283,1.8,nan,-0.0,0.1,00:00:00,0.0,0.5,-0.6,203.0
2025-05-27 15:11:02.283,1.8,nan,-0.0,0.1,00:00:00,0.0,0.6,-0.6,203.0
2025-05-27 15:11:03.282,1.8,nan,-0.0,0.2,00:00:00,0.0,0.6,-0.6,203.0
2025-05-27 15:11:04.282,1.8,nan,-0.0,0.1,00:00:00,0.0,0.6,-0.6,203.0
2025-05-27 15:11:05.286,1.8,nan,-0.0,0.1,00:00:00,0.0,0.5,-0.6,203.0
2025-05-27 15:11:06.282,1.9,nan,0.0,0.0,00:00:00,0.0,0.6,-0.6,203.0
2025-05-27 15:11:07.282,1.9,nan,0.0,0.0,00:00:00,0.0,0.5,-0.7,203.0
2025-05-27 15:11:08.286,2.0,nan,0.0,0.1,00:00:00,0.0,0.6,-0.6,203.0
2025-05-27 15:11:09.285,2.0,nan,0.0,0.2,00:00:00,0.0,0.6,-0.7,203.0
2025-05-27 15:11:10.285,2.0,nan,0.0,0.2,00:00:00,0.0,0.6,-0.7,203.0
2025-05-27 15:11:11.284,2.0,nan,0.0,0.2,00:00:00,0.0,0.7,-0.6,203.0
2025-05-27 15:11:12.284,1.9,nan,0.0,0.2,00:00:00,0.0,0.8,-0.5,203.0
2025-05-27 15:11:13.283,1.9,nan,0.0,0.2,00:00:00,0.0,0.8,-0.5,203.0
2025-05-27 15:11:14.284,2.0,nan,0.0,0.2,00:00:00,0.0,0.9,-0.4,203.0
2025-05-27 15:11:15.282,2.0,nan,0.0,0.2,00:00:00,0.0,0.8,-0.4,203.0
2025-05-27 15:11:16.284,2.0,nan,0.0,0.2,00:00:00,0.0,0.8,-0.3,203.0
2025-05-27 15:11:17.285,2.0,nan,0.0,0.2,00:00:00,0.0,0.9,-0.3,203.0
2025-05-27 15:11:18.285,1.9,nan,-0.0,0.2,00:00:00,0.0,0.9,-0.3,203.0
2025-05-27 15:11:19.287,1.9,nan,-0.0,0.2,00:00:00,0.0,1.0,-0.4,202.0
2025-05-27 15:11:20.284,1.8,nan,-0.0,0.2,00:00:00,0.0,1.0,-0.4,202.0
2025-05-27 15:11:21.285,1.8,nan,-0.0,0.1,00:00:00,0.0,0.9,-0.5,202.0
2025-05-27 15:11:22.287,1.8,nan,-0.0,0.1,00:00:00,0.0,0.9,-0.5,202.0
2025-05-27 15:11:23.284,1.8,nan,0.0,0.1,00:00:00,0.0,0.9,-0.5,202.0
2025-05-27 15:11:24.283,1.8,nan,-0.0,0.1,00:00:00,0.0,0.8,-0.5,202.0
2025-05-27 15:11:25.284,1.7,nan,-0.0,0.0,00:00:00,0.0,0.8,-0.5,202.0
2025-05-27 15:11:26.286,1.7,nan,-0.0,0.1,00:00:00,0.0,0.8,-0.5,202.0
2025-05-27 15:11:27.285,1.7,nan,-0.0,0.0,00:00:00,0.0,0.8,-0.5,202.0
2025-05-27 15:11:28.284,1.7,nan,-0.0,0.1,00:00:00,0.0,0.8,-0.6,202.0
2025-05-27 15:11:29.285,1.7,nan,-0.0,0.1,00:00:00,0.0,0.8,-0.6,202.0
2025-05-27 15:11:30.287,1.7,nan,-0.0,0.1,00:00:00,0.0,0.8,-0.6,202.0
2025-05-27 15:11:31.285,1.6,nan,-0.0,0.1,00:00:00,0.0,0.8,-0.6,202.0
2025-05-27 15:11:32.285,1.6,nan,-0.0,0.1,00:00:00,0.0,0.8,-0.6,202.0
2025-05-27 15:11:33.286,1.6,nan,-0.0,0.2,00:00:00,0.0,0.8,-0.5,202.0
2025-05-27 15:11:34.286,1.6,nan,-0.0,0.1,00:00:00,0.0,0.8,-0.5,202.0
2025-05-27 15:11:35.284,1.6,nan,-0.0,0.1,00:00:00,0.0,0.8,-0.5,202.0
2025-05-27 15:11:36.285,1.5,nan,-0.0,0.1,00:00:00,0.0,0.9,-0.4,202.0
2025-05-27 15:11:37.285,1.6,nan,-0.0,0.1,00:00:00,0.0,1.0,-0.4,202.0
2025-05-27 15:11:38.285,1.6,nan,0.0,0.1,00:00:00,0.0,0.9,-0.5,202.0
2025-05-27 15:11:39.283,1.6,nan,0.0,0.1,00:00:00,0.0,0.9,-0.4,202.0
2025-05-27 15:11:40.286,1.6,nan,0.0,0.2,00:00:00,0.0,1.0,-0.4,202.0
2025-05-27 15:11:41.285,1.6,nan,-0.0,0.2,00:00:00,0.0,1.0,-0.4,202.0
2025-05-27 15:11:42.285,1.6,nan,0.0,0.2,00:00:00,0.0,1.0,-0.5,202.0
2025-05-27 15:11:43.285,1.6,nan,0.0,0.2,00:00:00,0.0,0.9,-0.6,202.0
2025-05-27 15:11:44.284,1.6,nan,-0.0,0.2,00:00:00,0.0,0.8,-0.4,202.0
2025-05-27 15:11:45.283,1.5,nan,0.0,0.1,00:00:00,0.0,0.8,-0.4,202.0
2025-05-27 15:11:46.283,1.6,nan,0.0,0.1,00:00:00,0.0,0.8,-0.4,202.0
2025-05-27 15:11:47.284,1.6,nan,0.0,0.1,00:00:00,0.0,0.8,-0.4,202.0
2025-05-27 15:11:48.285,1.6,nan,0.0,0.2,00:00:00,0.0,0.8,-0.5,202.0
2025-05-27 15:11:49.284,1.6,nan,-0.0,0.3,00:00:00,0.0,0.8,-0.6,202.0
2025-05-27 15:11:50.283,1.5,nan,-0.0,0.3,00:00:00,0.0,0.8,-0.6,202.0
2025-05-27 15:11:51.282,1.5,nan,-0.0,0.1,00:00:00,0.0,0.8,-0.4,202.0
2025-05-27 15:11:52.284,1.5,nan,-0.0,0.1,00:00:00,0.0,0.7,-0.3,202.0
2025-05-27 15:11:53.286,1.6,nan,-0.0,0.2,00:00:00,0.0,0.7,-0.3,202.0
2025-05-27 15:11:54.285,1.6,nan,-0.0,0.2,00:00:00,0.0,0.7,-0.4,202.0
2025-05-27 15:11:55.282,1.6,nan,-0.0,0.2,00:00:00,0.0,0.7,-0.3,202.0
2025-05-27 15:11:56.284,1.7,nan,-0.0,0.3,00:00:00,0.0,0.7,-0.3,202.0
2025-05-27 15:11:57.283,1.8,nan,0.0,0.3,00:00:00,0.0,0.7,-0.3,202.0
2025-05-27 15:11:58.284,1.9,nan,0.1,0.3,00:00:00,0.0,0.7,-0.4,202.0
2025-05-27 15:11:59.287,1.9,nan,0.0,0.3,00:00:00,0.0,0.7,-0.3,202.0
2025-05-27 15:12:00.285,1.8,nan,0.0,0.4,00:00:00,0.0,0.9,-0.3,202.0
2025-05-27 15:12:01.283,1.8,nan,0.0,0.4,00:00:00,0.0,0.9,-0.3,202.0
2025-05-27 15:12:02.283,1.9,nan,0.0,0.3,00:00:00,0.0,0.9,-0.5,202.0
2025-05-27 15:12:03.285,1.9,nan,0.0,0.2,00:00:00,0.0,0.9,-0.7,202.0
2025-05-27 15:12:04.283,1.9,nan,0.0,0.2,00:00:00,0.0,0.9,-0.8,202.0
2025-05-27 15:12:05.284,1.9,nan,0.0,0.1,00:00:00,0.0,0.8,-0.8,202.0
2025-05-27 15:12:06.286,1.8,nan,0.0,0.1,00:00:00,0.0,0.8,-0.8,202.0
2025-05-27 15:12:07.282,1.9,nan,0.0,0.1,00:00:00,0.0,0.8,-0.8,202.0
2025-05-27 15:12:08.286,1.8,nan,0.0,0.0,00:00:00,0.0,0.8,-0.8,202.0
2025-05-27 15:12:09.285,1.8,nan,0.0,0.1,00:00:00,0.0,0.8,-0.9,202.0
2025-05-27 15:12:10.285,1.8,nan,0.0,0.1,00:00:00,0.0,0.8,-0.8,202.0
2025-05-27 15:12:11.282,1.8,nan,0.0,0.1,00:00:00,0.0,0.9,-0.7,202.0
2025-05-27 15:12:12.285,1.8,nan,0.0,0.1,00:00:00,0.0,0.8,-0.8,202.0
2025-05-27 15:12:13.283,1.8,nan,0.0,0.0,00:00:00,0.0,0.9,-0.7,202.0
2025-05-27 15:12:14.286,1.7,nan,-0.0,0.1,00:00:00,0.0,0.9,-0.6,202.0
2025-05-27 15:12:15.283,1.7,nan,-0.0,0.1,00:00:00,0.0,0.8,-0.6,202.0
2025-05-27 15:12:16.285,1.6,nan,-0.0,0.1,00:00:00,0.0,0.8,-0.6,202.0
2025-05-27 15:12:17.282,1.6,nan,-0.0,0.1,00:00:00,0.0,0.8,-0.5,202.0
2025-05-27 15:12:18.286,1.6,nan,-0.0,0.2,00:00:00,0.0,0.8,-0.6,202.0
2025-05-27 15:12:19.283,1.6,nan,0.0,0.2,00:00:00,0.0,0.7,-0.5,202.0
2025-05-27 15:12:20.283,1.7,nan,0.0,0.2,00:00:00,0.0,0.7,-0.5,202.0
2025-05-27 15:12:21.282,1.7,nan,0.0,0.1,00:00:00,0.0,0.6,-0.5,202.0
2025-05-27 15:12:22.289,1.7,nan,0.0,0.1,00:00:00,0.0,0.6,-0.6,202.0
2025-05-27 15:12:23.282,1.8,nan,0.0,0.1,00:00:00,0.0,0.6,-0.7,202.0
2025-05-27 15:12:24.285,1.9,nan,0.1,0.1,00:00:00,0.0,0.7,-0.6,202.0
2025-05-27 15:12:25.282,1.9,nan,0.1,0.1,00:00:00,0.0,0.7,-0.6,202.0
2025-05-27 15:12:26.286,1.8,nan,0.0,0.1,00:00:00,0.0,0.7,-0.5,202.0
2025-05-27 15:12:27.285,1.8,nan,0.0,0.1,00:00:00,0.0,0.7,-0.5,202.0
2025-05-27 15:12:28.284,1.9,nan,0.0,0.1,00:00:00,0.0,0.7,-0.5,202.0
2025-05-27 15:12:29.283,2.0,nan,0.0,0.1,00:00:00,0.0,0.7,-0.4,202.0
2025-05-27 15:12:30.283,2.0,nan,0.0,0.1,00:00:00,0.0,0.7,-0.4,202.0
2025-05-27 15:12:31.286,2.0,nan,0.0,0.1,00:00:00,0.0,0.7,-0.3,202.0
2025-05-27 15:12:32.286,2.0,nan,0.0,0.1,00:00:00,0.0,0.7,-0.3,202.0
2025-05-27 15:12:33.287,1.9,nan,-0.0,0.1,00:00:00,0.0,0.7,-0.3,202.0
2025-05-27 15:12:34.286,1.9,nan,-0.0,0.1,00:00:00,0.0,0.7,-0.3,202.0
2025-05-27 15:12:35.281,1.9,nan,0.0,0.1,00:00:00,0.0,0.7,-0.3,202.0
2025-05-27 15:12:36.286,2.0,nan,0.0,0.0,00:00:00,0.0,0.6,-0.3,202.0
2025-05-27 15:12:37.286,2.0,nan,0.0,0.0,00:00:00,0.0,0.7,-0.3,202.0
2025-05-27 15:12:38.284,2.1,nan,0.0,0.0,00:00:00,0.0,0.6,-0.3,202.0
2025-05-27 15:12:39.286,2.1,nan,0.0,0.0,00:00:00,0.0,0.7,-0.3,202.0
2025-05-27 15:12:40.285,2.1,nan,0.0,0.0,00:00:00,0.0,0.6,-0.3,202.0
2025-05-27 15:12:41.286,2.1,nan,0.0,0.0,00:00:00,0.0,0.6,-0.4,202.0
2025-05-27 15:12:42.286,2.1,nan,0.0,0.0,00:00:00,0.0,0.5,-0.4,201.0
2025-05-27 15:12:43.284,2.0,nan,0.0,0.0,00:00:00,0.0,0.6,-0.4,201.0
2025-05-27 15:12:44.285,2.0,nan,0.0,0.1,00:00:00,0.0,0.8,-0.4,201.0
2025-05-27 15:12:45.282,2.1,nan,0.0,0.1,00:00:00,0.0,0.8,-0.3,201.0
2025-05-27 15:12:46.286,2.0,nan,0.0,0.1,00:00:00,0.0,0.7,-0.3,201.0
2025-05-27 15:12:47.285,2.1,nan,0.0,0.1,00:00:00,0.0,0.7,-0.3,201.0
2025-05-27 15:12:48.285,2.0,nan,-0.0,0.1,00:00:00,0.0,0.6,-0.3,201.0
2025-05-27 15:12:49.286,1.9,nan,-0.0,0.1,00:00:00,0.0,0.6,-0.3,201.0
2025-05-27 15:12:50.283,1.9,nan,-0.0,0.0,00:00:00,0.0,0.5,-0.3,201.0
2025-05-27 15:12:51.283,2.1,nan,0.0,0.1,00:00:00,0.0,0.4,-0.4,201.0
2025-05-27 15:12:52.287,2.1,nan,-0.0,0.1,00:00:00,0.0,0.4,-0.4,201.0
2025-05-27 15:12:53.285,2.0,nan,-0.0,0.2,00:00:00,0.0,0.4,-0.4,201.0
2025-05-27 15:12:54.284,2.1,nan,0.0,0.2,00:00:00,0.0,0.4,-0.4,201.0
2025-05-27 15:12:55.283,2.1,nan,0.0,0.2,00:00:00,0.0,0.3,-0.5,201.0
2025-05-27 15:12:56.286,2.0,nan,0.0,0.3,00:00:00,0.0,0.3,-0.5,201.0
2025-05-27 15:12:57.286,2.0,nan,-0.0,0.2,00:00:00,0.0,0.4,-0.4,201.0
2025-05-27 15:12:58.285,1.9,nan,-0.0,0.3,00:00:00,0.0,0.4,-0.5,201.0
2025-05-27 15:12:59.286,1.9,nan,-0.0,0.2,00:00:00,0.0,0.6,-0.5,201.0
2025-05-27 15:13:00.285,2.0,nan,-0.0,0.3,00:00:00,0.0,0.5,-0.5,201.0
2025-05-27 15:13:01.286,2.0,nan,-0.0,0.4,00:00:00,0.0,0.5,-0.5,201.0
2025-05-27 15:13:02.287,1.9,nan,-0.0,0.4,00:00:00,0.0,0.5,-0.5,201.0
2025-05-27 15:13:03.282,1.9,nan,-0.1,0.3,00:00:00,0.0,0.6,-0.4,201.0
2025-05-27 15:13:04.286,1.8,nan,-0.0,0.2,00:00:00,0.0,0.8,-0.4,201.0
2025-05-27 15:13:05.282,1.8,nan,-0.0,0.1,00:00:00,0.0,0.9,-0.2,201.0
2025-05-27 15:13:06.284,1.9,nan,-0.0,0.1,00:00:00,0.0,0.8,-0.2,201.0
2025-05-27 15:13:07.286,1.9,nan,0.0,0.1,00:00:00,0.0,0.9,-0.2,201.0
2025-05-27 15:13:08.283,1.9,nan,0.0,0.1,00:00:00,0.0,0.9,-0.1,201.0
2025-05-27 15:13:09.284,2.0,nan,0.0,0.1,00:00:00,0.0,0.9,-0.2,201.0
2025-05-27 15:13:10.285,2.0,nan,0.0,0.1,00:00:00,0.0,0.9,-0.1,201.0
2025-05-27 15:13:11.284,2.0,nan,0.0,0.1,00:00:00,0.0,0.9,-0.1,201.0
2025-05-27 15:13:12.283,2.1,nan,0.1,0.1,00:00:00,0.0,0.8,-0.1,201.0
2025-05-27 15:13:13.285,2.1,nan,0.0,0.1,00:00:00,0.0,0.8,-0.1,201.0
2025-05-27 15:13:14.285,2.1,nan,0.0,0.1,00:00:00,0.0,0.8,-0.2,201.0
2025-05-27 15:13:15.283,2.1,nan,0.0,0.0,00:00:00,0.0,0.8,-0.2,201.0
2025-05-27 15:13:16.285,2.1,nan,0.0,0.1,00:00:00,0.0,0.8,-0.3,201.0
2025-05-27 15:13:17.284,2.1,nan,0.0,0.1,00:00:00,0.0,0.8,-0.3,201.0
2025-05-27 15:13:18.282,2.0,nan,-0.0,0.1,00:00:00,0.0,0.8,-0.3,201.0
2025-05-27 15:13:19.287,2.0,nan,0.0,0.1,00:00:00,0.0,0.8,-0.4,201.0
2025-05-27 15:13:20.282,2.0,nan,-0.0,0.1,00:00:00,0.0,0.7,-0.3,201.0
2025-05-27 15:13:21.283,2.0,nan,-0.0,0.1,00:00:00,0.0,0.7,-0.4,201.0
2025-05-27 15:13:22.282,1.9,nan,-0.0,0.0,00:00:00,0.0,0.6,-0.4,201.0
2025-05-27 15:13:23.284,2.0,nan,-0.0,0.0,00:00:00,0.0,0.6,-0.4,201.0
2025-05-27 15:13:24.284,2.0,nan,-0.0,0.1,00:00:00,0.0,0.6,-0.4,201.0
2025-05-27 15:13:25.286,2.0,nan,-0.0,0.0,00:00:00,0.0,0.6,-0.4,201.0
2025-05-27 15:13:26.285,2.1,nan,0.0,0.0,00:00:00,0.0,0.6,-0.4,201.0
2025-05-27 15:13:27.287,2.1,nan,0.0,0.0,00:00:00,0.0,0.7,-0.5,201.0
2025-05-27 15:13:28.286,2.1,nan,0.0,0.0,00:00:00,0.0,0.6,-0.4,201.0
2025-05-27 15:13:29.286,2.0,nan,0.0,0.0,00:00:00,0.0,0.6,-0.5,201.0
2025-05-27 15:13:30.287,2.0,nan,0.0,0.1,00:00:00,0.0,0.7,-0.5,201.0
2025-05-27 15:13:31.284,1.9,nan,0.0,0.1,00:00:00,0.0,0.6,-0.5,201.0
2025-05-27 15:13:32.284,2.0,nan,0.0,0.1,00:00:00,0.0,0.7,-0.5,201.0
2025-05-27 15:13:33.285,1.9,nan,0.0,0.1,00:00:00,0.0,0.8,-0.4,201.0
2025-05-27 15:13:34.285,1.8,nan,-0.0,0.2,00:00:00,0.0,0.8,-0.5,201.0
2025-05-27 15:13:35.285,1.7,nan,-0.0,0.2,00:00:00,0.0,0.8,-0.4,201.0
2025-05-27 15:13:36.284,1.8,nan,-0.0,0.2,00:00:00,0.0,0.8,-0.4,201.0
2025-05-27 15:13:37.285,1.9,nan,0.0,0.2,00:00:00,0.0,0.7,-0.4,201.0
2025-05-27 15:13:38.287,1.9,nan,0.0,0.2,00:00:00,0.0,0.7,-0.4,201.0
2025-05-27 15:13:39.284,1.9,nan,0.0,0.1,00:00:00,0.0,0.6,-0.4,201.0
2025-05-27 15:13:40.286,1.9,nan,0.0,0.2,00:00:00,0.0,0.6,-0.4,201.0
2025-05-27 15:13:41.284,1.9,nan,0.0,0.1,00:00:00,0.0,0.5,-0.4,201.0
2025-05-27 15:13:42.286,1.9,nan,0.0,0.2,00:00:00,0.0,0.6,-0.4,201.0
2025-05-27 15:13:43.283,1.9,nan,0.0,0.1,00:00:00,0.0,0.5,-0.3,201.0
2025-05-27 15:13:44.283,1.9,nan,0.0,0.1,00:00:00,0.0,0.6,-0.3,201.0
2025-05-27 15:13:45.283,1.9,nan,0.0,0.1,00:00:00,0.0,0.6,-0.2,201.0
2025-05-27 15:13:46.285,1.9,nan,0.0,0.1,00:00:00,0.0,0.6,-0.2,201.0
2025-05-27 15:13:47.286,1.9,nan,0.0,0.1,00:00:00,0.0,0.6,-0.2,201.0
2025-05-27 15:13:48.283,1.9,nan,-0.0,0.1,00:00:00,0.0,0.6,-0.2,201.0
2025-05-27 15:13:49.281,1.9,nan,-0.0,0.0,00:00:00,0.0,0.6,-0.2,201.0
2025-05-27 15:13:50.284,2.0,nan,0.0,0.0,00:00:00,0.0,0.6,-0.2,201.0
2025-05-27 15:13:51.286,2.0,nan,0.0,0.1,00:00:00,0.0,0.6,-0.2,201.0
2025-05-27 15:13:52.285,2.0,nan,0.0,0.1,00:00:00,0.0,0.6,-0.2,201.0
2025-05-27 15:13:53.287,2.1,nan,0.0,0.1,00:00:00,0.0,0.6,-0.3,201.0
2025-05-27 15:13:54.285,2.1,nan,0.0,0.1,00:00:00,0.0,0.6,-0.3,201.0
2025-05-27 15:13:55.283,2.1,nan,0.0,0.1,00:00:00,0.0,0.7,-0.3,201.0
2025-05-27 15:13:56.283,2.1,nan,0.0,0.1,00:00:00,0.0,0.7,-0.3,201.0
2025-05-27 15:13:57.285,2.1,nan,0.0,0.0,00:00:00,0.0,0.6,-0.3,201.0
2025-05-27 15:13:58.286,2.1,nan,0.0,0.0,00:00:00,0.0,0.6,-0.3,201.0
2025-05-27 15:13:59.285,2.1,nan,0.0,0.1,00:00:00,0.0,0.6,-0.3,201.0
2025-05-27 15:14:00.285,2.1,nan,0.0,0.1,00:00:00,0.0,0.7,-0.3,201.0
2025-05-27 15:14:01.283,2.1,nan,0.0,0.1,00:00:00,0.0,0.7,-0.3,201.0
2025-05-27 15:14:02.283,2.1,nan,0.0,0.1,00:00:00,0.0,0.7,-0.3,202.0
2025-05-27 15:14:03.284,2.1,nan,0.0,0.1,00:00:00,0.0,0.8,-0.4,202.0
2025-05-27 15:14:04.287,2.1,nan,0.0,0.2,00:00:00,0.0,0.8,-0.4,202.0
2025-05-27 15:14:05.284,2.2,nan,0.0,0.2,00:00:00,0.0,0.8,-0.4,202.0
2025-05-27 15:14:06.287,2.2,nan,-0.0,0.1,00:00:00,0.0,0.8,-0.4,202.0
2025-05-27 15:14:07.283,2.1,nan,-0.0,0.1,00:00:00,0.0,0.7,-0.4,202.0
2025-05-27 15:14:08.285,2.1,nan,-0.0,0.1,00:00:00,0.0,0.7,-0.4,202.0
2025-05-27 15:14:09.285,2.1,nan,-0.0,0.1,00:00:00,0.0,0.7,-0.3,202.0
2025-05-27 15:14:10.285,2.1,nan,0.0,0.1,00:00:00,0.0,0.6,-0.3,202.0
2025-05-27 15:14:11.286,2.1,nan,0.0,0.1,00:00:00,0.0,0.5,-0.3,201.0
2025-05-27 15:14:12.285,2.1,nan,0.0,0.1,00:00:00,0.0,0.6,-0.4,201.0
2025-05-27 15:14:13.286,2.1,nan,0.0,0.1,00:00:00,0.0,0.6,-0.4,201.0
2025-05-27 15:14:14.285,2.1,nan,0.0,0.2,00:00:00,0.0,0.7,-0.4,201.0
2025-05-27 15:14:15.286,2.2,nan,0.0,0.2,00:00:00,0.0,0.7,-0.5,201.0
2025-05-27 15:14:16.283,2.3,nan,0.0,0.2,00:00:00,0.0,0.7,-0.5,201.0
2025-05-27 15:14:17.283,2.2,nan,0.0,0.2,00:00:00,0.0,0.7,-0.6,201.0
2025-05-27 15:14:18.287,2.2,nan,0.0,0.2,00:00:00,0.0,0.7,-0.6,201.0
2025-05-27 15:14:19.283,2.2,nan,0.0,0.2,00:00:00,0.0,0.8,-0.7,201.0
2025-05-27 15:14:20.283,2.2,nan,-0.0,0.1,00:00:00,0.0,0.8,-0.7,201.0
2025-05-27 15:14:21.285,2.2,nan,0.0,0.1,00:00:00,0.0,0.7,-0.7,201.0
2025-05-27 15:14:22.283,2.3,nan,0.0,0.1,00:00:00,0.0,0.7,-0.6,201.0
2025-05-27 15:14:23.286,2.2,nan,0.0,0.1,00:00:00,0.0,0.7,-0.6,201.0
2025-05-27 15:14:24.284,2.3,nan,0.0,0.1,00:00:00,0.0,0.7,-0.6,201.0
2025-05-27 15:14:25.285,2.3,nan,0.0,0.1,00:00:00,0.0,0.7,-0.6,201.0
2025-05-27 15:14:26.284,2.3,nan,0.0,0.1,00:00:00,0.0,0.7,-0.6,201.0
2025-05-27 15:14:27.282,2.2,nan,0.0,0.0,00:00:00,0.0,0.7,-0.6,201.0
2025-05-27 15:14:28.283,2.2,nan,-0.0,0.0,00:00:00,0.0,0.8,-0.7,201.0
2025-05-27 15:14:29.284,2.2,nan,-0.0,0.0,00:00:00,0.0,0.8,-0.6,201.0
2025-05-27 15:14:30.286,2.2,nan,0.0,0.0,00:00:00,0.0,0.7,-0.6,201.0
2025-05-27 15:14:31.286,2.2,nan,0.0,0.0,00:00:00,0.0,0.8,-0.6,201.0
2025-05-27 15:14:32.287,2.3,nan,0.0,0.1,00:00:00,0.0,0.8,-0.5,201.0
2025-05-27 15:14:33.283,2.3,nan,0.0,0.1,00:00:00,0.0,0.7,-0.5,201.0
2025-05-27 15:14:34.286,2.3,nan,0.0,0.1,00:00:00,0.0,0.7,-0.4,201.0
2025-05-27 15:14:35.286,2.3,nan,0.0,0.0,00:00:00,0.0,0.7,-0.4,201.0
2025-05-27 15:14:36.286,2.2,nan,-0.0,0.1,00:00:00,0.0,0.7,-0.4,201.0
2025-05-27 15:14:37.283,2.1,nan,-0.0,0.1,00:00:00,0.0,0.7,-0.4,201.0
2025-05-27 15:14:38.285,2.1,nan,-0.0,0.1,00:00:00,0.0,0.7,-0.4,201.0
2025-05-27 15:14:39.286,2.1,nan,-0.0,0.1,00:00:00,0.0,0.7,-0.4,201.0
2025-05-27 15:14:40.286,2.0,nan,-0.0,0.1,00:00:00,0.0,0.8,-0.4,201.0
2025-05-27 15:14:41.283,2.0,nan,-0.0,0.1,00:00:00,0.0,0.8,-0.4,201.0
2025-05-27 15:14:42.283,2.0,nan,-0.0,0.1,00:00:00,0.0,0.8,-0.4,201.0
2025-05-27 15:14:43.282,2.0,nan,-0.0,0.1,00:00:00,0.0,0.7,-0.4,201.0
2025-05-27 15:14:44.285,2.1,nan,0.0,0.0,00:00:00,0.0,0.6,-0.3,201.0
2025-05-27 15:14:45.285,2.2,nan,0.0,0.1,00:00:00,0.0,0.6,-0.3,201.0
2025-05-27 15:14:46.283,2.3,nan,0.1,0.2,00:00:00,0.0,0.5,-0.3,201.0
2025-05-27 15:14:47.283,2.4,nan,0.1,0.2,00:00:00,0.0,0.5,-0.2,201.0
2025-05-27 15:14:48.283,2.3,nan,0.0,0.2,00:00:00,0.0,0.7,-0.3,201.0
2025-05-27 15:14:49.282,2.3,nan,0.0,0.2,00:00:00,0.0,0.7,-0.3,201.0
2025-05-27 15:14:50.284,2.3,nan,0.0,0.3,00:00:00,0.0,0.7,-0.3,201.0
2025-05-27 15:14:51.286,2.4,nan,0.1,0.2,00:00:00,0.0,0.8,-0.3,201.0
2025-05-27 15:14:52.286,2.4,nan,0.1,0.3,00:00:00,0.0,0.8,-0.3,201.0
2025-05-27 15:14:53.285,2.4,nan,0.0,0.2,00:00:00,0.0,0.9,-0.3,201.0
2025-05-27 15:14:54.286,2.4,nan,0.1,0.2,00:00:00,0.0,0.9,-0.3,201.0
2025-05-27 15:14:55.286,2.4,nan,0.1,0.2,00:00:00,0.0,1.0,-0.3,201.0
2025-05-27 15:14:56.285,2.4,nan,0.1,0.1,00:00:00,0.0,1.0,-0.3,201.0
2025-05-27 15:14:57.283,2.4,nan,0.1,0.1,00:00:00,0.0,1.0,-0.4,201.0
2025-05-27 15:14:58.283,2.4,nan,0.0,0.1,00:00:00,0.0,1.0,-0.4,201.0
2025-05-27 15:14:59.283,2.3,nan,0.0,0.0,00:00:00,0.0,1.0,-0.4,201.0
2025-05-27 15:15:00.286,2.3,nan,0.0,0.0,00:00:00,0.0,1.1,-0.4,201.0
2025-05-27 15:15:01.286,2.2,nan,-0.0,0.1,00:00:00,0.0,1.1,-0.4,201.0
2025-05-27 15:15:02.286,2.2,nan,-0.0,0.1,00:00:00,0.0,1.1,-0.5,201.0
2025-05-27 15:15:03.284,2.2,nan,-0.0,0.1,00:00:00,0.0,1.1,-0.5,201.0
2025-05-27 15:15:04.285,2.2,nan,-0.0,0.1,00:00:00,0.0,1.0,-0.5,201.0
2025-05-27 15:15:05.285,2.2,nan,-0.0,0.0,00:00:00,0.0,1.0,-0.4,201.0
2025-05-27 15:15:06.282,2.1,nan,-0.0,0.0,00:00:00,0.0,0.9,-0.4,201.0
2025-05-27 15:15:07.283,2.2,nan,-0.0,0.0,00:00:00,0.0,0.9,-0.4,201.0
2025-05-27 15:15:08.283,2.2,nan,0.0,0.1,00:00:00,0.0,1.0,-0.4,201.0
2025-05-27 15:15:09.283,2.2,nan,-0.0,0.1,00:00:00,0.0,1.0,-0.3,201.0
2025-05-27 15:15:10.285,2.1,nan,-0.0,0.1,00:00:00,0.0,1.0,-0.3,201.0
2025-05-27 15:15:11.283,2.2,nan,0.0,0.0,00:00:00,0.0,0.9,-0.2,201.0
2025-05-27 15:15:12.286,2.2,nan,-0.0,0.0,00:00:00,0.0,0.9,-0.2,201.0
2025-05-27 15:15:13.283,2.3,nan,0.0,0.0,00:00:00,0.0,0.8,-0.3,201.0
2025-05-27 15:15:14.283,2.3,nan,0.0,0.0,00:00:00,0.0,0.9,-0.3,201.0
2025-05-27 15:15:15.284,2.3,nan,0.0,0.0,00:00:00,0.0,0.8,-0.3,201.0
2025-05-27 15:15:16.285,2.3,nan,0.0,0.0,00:00:00,0.0,0.8,-0.3,201.0
2025-05-27 15:15:17.283,2.4,nan,0.0,0.0,00:00:00,0.0,0.8,-0.3,201.0
2025-05-27 15:15:18.284,2.4,nan,0.0,0.0,00:00:00,0.0,0.8,-0.3,201.0
2025-05-27 15:15:19.283,2.4,nan,-0.0,0.1,00:00:00,0.0,0.8,-0.3,201.0
2025-05-27 15:15:20.285,2.4,nan,0.0,0.1,00:00:00,0.0,0.8,-0.3,201.0
2025-05-27 15:15:21.283,2.4,nan,0.0,0.1,00:00:00,0.0,0.7,-0.3,201.0
2025-05-27 15:15:22.283,2.4,nan,0.0,0.1,00:00:00,0.0,0.7,-0.3,201.0
2025-05-27 15:15:23.284,2.4,nan,0.0,0.1,00:00:00,0.0,0.7,-0.4,201.0
2025-05-27 15:15:24.284,2.4,nan,0.0,0.1,00:00:00,0.0,0.8,-0.4,201.0
2025-05-27 15:15:25.283,2.4,nan,0.0,0.1,00:00:00,0.0,0.9,-0.5,201.0
2025-05-27 15:15:26.284,2.4,nan,0.0,0.1,00:00:00,0.0,0.9,-0.5,201.0
2025-05-27 15:15:27.287,2.5,nan,0.0,0.0,00:00:00,0.0,0.9,-0.5,201.0
2025-05-27 15:15:28.286,2.5,nan,0.0,0.0,00:00:00,0.0,0.9,-0.5,201.0
2025-05-27 15:15:29.283,2.6,nan,0.0,0.0,00:00:00,0.0,0.8,-0.4,201.0
2025-05-27 15:15:30.286,2.6,nan,0.0,0.1,00:00:00,0.0,0.8,-0.5,201.0
2025-05-27 15:15:31.281,2.6,nan,0.0,0.1,00:00:00,0.0,0.8,-0.5,201.0
2025-05-27 15:15:32.284,2.6,nan,0.0,0.0,00:00:00,0.0,0.8,-0.5,201.0
2025-05-27 15:15:33.284,2.5,nan,0.0,0.0,00:00:00,0.0,0.8,-0.5,201.0
2025-05-27 15:15:34.285,2.5,nan,-0.0,0.0,00:00:00,0.0,0.8,-0.6,201.0
2025-05-27 15:15:35.283,2.4,nan,-0.0,0.0,00:00:00,0.0,0.8,-0.6,201.0
2025-05-27 15:15:36.286,2.4,nan,-0.0,0.0,00:00:00,0.0,0.8,-0.5,201.0
2025-05-27 15:15:37.282,2.4,nan,-0.0,0.1,00:00:00,0.0,0.8,-0.5,201.0
2025-05-27 15:15:38.282,2.3,nan,-0.0,0.1,00:00:00,0.0,0.8,-0.5,201.0
2025-05-27 15:15:39.286,2.3,nan,-0.0,0.0,00:00:00,0.0,0.8,-0.5,201.0
2025-05-27 15:15:40.284,2.3,nan,-0.0,0.1,00:00:00,0.0,0.7,-0.5,201.0
2025-05-27 15:15:41.286,2.4,nan,0.0,0.1,00:00:00,0.0,0.7,-0.5,201.0
2025-05-27 15:15:42.283,2.5,nan,0.0,0.2,00:00:00,0.0,0.7,-0.5,201.0
2025-05-27 15:15:43.285,2.5,nan,0.0,0.1,00:00:00,0.0,0.8,-0.6,201.0
2025-05-27 15:15:44.285,2.5,nan,0.0,0.0,00:00:00,0.0,0.9,-0.5,201.0
2025-05-27 15:15:45.284,2.5,nan,0.0,0.0,00:00:00,0.0,1.0,-0.5,201.0
2025-05-27 15:15:46.286,2.5,nan,-0.0,0.0,00:00:00,0.0,0.9,-0.5,201.0
2025-05-27 15:15:47.286,2.6,nan,0.0,0.0,00:00:00,0.0,0.8,-0.5,201.0
2025-05-27 15:15:48.286,2.6,nan,0.0,0.0,00:00:00,0.0,0.8,-0.4,201.0
2025-05-27 15:15:49.286,2.6,nan,0.0,0.0,00:00:00,0.0,0.8,-0.4,201.0
2025-05-27 15:15:50.285,2.6,nan,-0.0,0.0,00:00:00,0.0,0.8,-0.4,201.0
2025-05-27 15:15:51.287,2.5,nan,-0.0,0.0,00:00:00,0.0,0.8,-0.4,201.0
2025-05-27 15:15:52.283,2.5,nan,-0.0,0.1,00:00:00,0.0,0.8,-0.4,201.0
2025-05-27 15:15:53.283,2.5,nan,-0.0,0.0,00:00:00,0.0,0.8,-0.4,201.0
2025-05-27 15:15:54.286,2.5,nan,-0.0,0.0,00:00:00,0.0,0.7,-0.4,201.0
2025-05-27 15:15:55.286,2.5,nan,-0.0,0.1,00:00:00,0.0,0.7,-0.5,201.0
2025-05-27 15:15:56.284,2.6,nan,-0.0,0.1,00:00:00,0.0,0.7,-0.4,201.0
2025-05-27 15:15:57.284,2.5,nan,-0.0,0.1,00:00:00,0.0,0.7,-0.4,201.0
2025-05-27 15:15:58.282,2.5,nan,-0.0,0.1,00:00:00,0.0,0.6,-0.4,201.0
2025-05-27 15:15:59.288,2.5,nan,-0.0,0.1,00:00:00,0.0,0.5,-0.4,201.0
2025-05-27 15:16:00.284,2.4,nan,-0.0,0.1,00:00:00,0.0,0.5,-0.4,201.0
2025-05-27 15:16:01.283,2.4,nan,-0.0,0.1,00:00:00,0.0,0.5,-0.4,201.0
2025-05-27 15:16:02.284,2.4,nan,-0.0,0.0,00:00:00,0.0,0.5,-0.4,201.0
2025-05-27 15:16:03.286,2.4,nan,-0.0,0.1,00:00:00,0.0,0.5,-0.4,201.0
2025-05-27 15:16:04.282,2.5,nan,0.0,0.1,00:00:00,0.0,0.5,-0.4,201.0
2025-05-27 15:16:05.285,2.5,nan,0.0,0.1,00:00:00,0.0,0.5,-0.4,201.0
2025-05-27 15:16:06.283,2.5,nan,0.0,0.1,00:00:00,0.0,0.6,-0.5,201.0
2025-05-27 15:16:07.284,2.5,nan,0.0,0.1,00:00:00,0.0,0.6,-0.5,201.0
2025-05-27 15:16:08.285,2.6,nan,0.0,0.1,00:00:00,0.0,0.6,-0.4,201.0
2025-05-27 15:16:09.283,2.6,nan,0.0,0.0,00:00:00,0.0,0.7,-0.4,201.0
2025-05-27 15:16:10.286,2.5,nan,0.0,0.0,00:00:00,0.0,0.7,-0.4,201.0
2025-05-27 15:16:11.285,2.5,nan,-0.0,0.1,00:00:00,0.0,0.8,-0.4,201.0
2025-05-27 15:16:12.283,2.5,nan,-0.0,0.1,00:00:00,0.0,0.8,-0.4,201.0
2025-05-27 15:16:13.283,2.5,nan,-0.0,0.1,00:00:00,0.0,0.7,-0.4,201.0
2025-05-27 15:16:14.283,2.6,nan,0.0,0.1,00:00:00,0.0,0.6,-0.4,201.0
2025-05-27 15:16:15.283,2.5,nan,0.0,0.0,00:00:00,0.0,0.6,-0.4,201.0
2025-05-27 15:16:16.283,2.5,nan,0.0,0.0,00:00:00,0.0,0.5,-0.4,201.0
2025-05-27 15:16:17.285,2.5,nan,0.0,0.1,00:00:00,0.0,0.5,-0.5,201.0
2025-05-27 15:16:18.282,2.4,nan,-0.0,0.0,00:00:00,0.0,0.6,-0.4,201.0
2025-05-27 15:16:19.287,2.3,nan,-0.0,0.0,00:00:00,0.0,0.6,-0.4,201.0
2025-05-27 15:16:20.283,2.3,nan,-0.0,0.0,00:00:00,0.0,0.6,-0.4,201.0
2025-05-27 15:16:21.285,2.4,nan,0.0,0.0,00:00:00,0.0,0.6,-0.4,201.0
2025-05-27 15:16:22.283,2.4,nan,0.0,0.1,00:00:00,0.0,0.6,-0.4,201.0
2025-05-27 15:16:23.281,2.4,nan,-0.0,0.1,00:00:00,0.0,0.6,-0.4,201.0
2025-05-27 15:16:24.282,2.4,nan,-0.0,0.1,00:00:00,0.0,0.6,-0.4,201.0
2025-05-27 15:16:25.287,2.4,nan,0.0,0.1,00:00:00,0.0,0.7,-0.3,201.0
2025-05-27 15:16:26.283,2.4,nan,0.0,0.1,00:00:00,0.0,0.7,-0.4,201.0
2025-05-27 15:16:27.283,2.4,nan,-0.0,0.2,00:00:00,0.0,0.8,-0.4,201.0
2025-05-27 15:16:28.286,2.4,nan,-0.0,0.2,00:00:00,0.0,0.8,-0.4,201.0
2025-05-27 15:16:29.284,2.4,nan,-0.0,0.2,00:00:00,0.0,0.9,-0.4,201.0
2025-05-27 15:16:30.283,2.4,nan,-0.0,0.3,00:00:00,0.0,0.9,-0.4,201.0
2025-05-27 15:16:31.286,2.4,nan,-0.1,0.3,00:00:00,0.0,0.9,-0.3,201.0
2025-05-27 15:16:32.284,2.3,nan,-0.1,0.2,00:00:00,0.0,0.9,-0.3,201.0
2025-05-27 15:16:33.287,2.3,nan,-0.1,0.2,00:00:00,0.0,0.9,-0.2,201.0
2025-05-27 15:16:34.281,2.3,nan,-0.0,0.1,00:00:00,0.0,0.8,-0.2,201.0
2025-05-27 15:16:35.285,2.4,nan,-0.0,0.1,00:00:00,0.0,0.8,-0.1,201.0
2025-05-27 15:16:36.286,2.3,nan,-0.0,0.0,00:00:00,0.0,0.8,-0.1,201.0
2025-05-27 15:16:37.286,2.3,nan,-0.0,0.0,00:00:00,0.0,0.8,-0.1,201.0
2025-05-27 15:16:38.284,2.4,nan,-0.0,0.1,00:00:00,0.0,0.8,-0.1,201.0
2025-05-27 15:16:39.287,2.5,nan,-0.0,0.1,00:00:00,0.0,0.7,-0.2,201.0
2025-05-27 15:16:40.287,2.5,nan,0.0,0.1,00:00:00,0.0,0.7,-0.2,201.0
2025-05-27 15:16:41.283,2.5,nan,0.0,0.1,00:00:00,0.0,0.8,-0.3,201.0
2025-05-27 15:16:42.284,2.5,nan,0.0,0.1,00:00:00,0.0,0.8,-0.3,201.0
2025-05-27 15:16:43.281,2.5,nan,0.0,0.1,00:00:00,0.0,0.8,-0.4,201.0
2025-05-27 15:16:44.284,2.5,nan,0.0,0.1,00:00:00,0.0,0.8,-0.4,201.0
2025-05-27 15:16:45.285,2.5,nan,0.0,0.1,00:00:00,0.0,0.8,-0.5,201.0
2025-05-27 15:16:46.286,2.5,nan,-0.0,0.1,00:00:00,0.0,0.7,-0.5,201.0
2025-05-27 15:16:47.286,2.5,nan,-0.0,0.1,00:00:00,0.0,0.7,-0.6,201.0
2025-05-27 15:16:48.285,2.5,nan,-0.0,0.1,00:00:00,0.0,0.7,-0.6,201.0
2025-05-27 15:16:49.286,2.5,nan,-0.0,0.1,00:00:00,0.0,0.7,-0.6,201.0
2025-05-27 15:16:50.283,2.4,nan,-0.0,0.1,00:00:00,0.0,0.7,-0.6,201.0
2025-05-27 15:16:51.284,2.4,nan,-0.0,0.1,00:00:00,0.0,0.7,-0.5,201.0
2025-05-27 15:16:52.284,2.4,nan,-0.0,0.1,00:00:00,0.0,0.7,-0.4,201.0
2025-05-27 15:16:53.286,2.4,nan,-0.0,0.1,00:00:00,0.0,0.7,-0.4,201.0
2025-05-27 15:16:54.284,2.5,nan,-0.0,0.1,00:00:00,0.0,0.7,-0.4,201.0
2025-05-27 15:16:55.283,2.5,nan,0.0,0.1,00:00:00,0.0,0.7,-0.4,201.0
2025-05-27 15:16:56.283,2.5,nan,0.0,0.1,00:00:00,0.0,0.7,-0.3,201.0
2025-05-27 15:16:57.283,2.6,nan,0.0,0.1,00:00:00,0.0,0.8,-0.2,201.0
2025-05-27 15:16:58.283,2.6,nan,0.0,0.0,00:00:00,0.0,0.8,-0.2,201.0
2025-05-27 15:16:59.286,2.6,nan,0.0,0.0,00:00:00,0.0,0.9,-0.2,201.0
2025-05-27 15:17:00.286,2.5,nan,-0.0,0.0,00:00:00,0.0,0.8,-0.2,201.0
2025-05-27 15:17:01.282,2.5,nan,-0.0,0.0,00:00:00,0.0,0.8,-0.2,201.0
2025-05-27 15:17:02.283,2.5,nan,0.0,0.0,00:00:00,0.0,0.7,-0.3,201.0
2025-05-27 15:17:03.282,2.5,nan,0.0,0.0,00:00:00,0.0,0.7,-0.2,201.0
2025-05-27 15:17:04.285,2.6,nan,0.0,0.0,00:00:00,0.0,0.7,-0.3,201.0
2025-05-27 15:17:05.284,2.6,nan,0.0,0.0,00:00:00,0.0,0.7,-0.3,201.0
2025-05-27 15:17:06.283,2.6,nan,0.0,0.0,00:00:00,0.0,0.7,-0.4,201.0
2025-05-27 15:17:07.282,2.6,nan,0.0,0.1,00:00:00,0.0,0.7,-0.4,201.0
2025-05-27 15:17:08.283,2.6,nan,0.0,0.1,00:00:00,0.0,0.7,-0.4,201.0
2025-05-27 15:17:09.284,2.6,nan,0.0,0.1,00:00:00,0.0,0.7,-0.4,201.0
2025-05-27 15:17:10.286,2.6,nan,0.0,0.1,00:00:00,0.0,0.6,-0.4,201.0
2025-05-27 15:17:11.283,2.6,nan,0.0,0.1,00:00:00,0.0,0.6,-0.4,201.0
2025-05-27 15:17:12.284,2.6,nan,0.0,0.1,00:00:00,0.0,0.6,-0.4,201.0
2025-05-27 15:17:13.286,2.6,nan,0.0,0.1,00:00:00,0.0,0.6,-0.3,201.0
2025-05-27 15:17:14.286,2.6,nan,-0.0,0.0,00:00:00,0.0,0.6,-0.3,201.0
2025-05-27 15:17:15.283,2.6,nan,0.0,0.0,00:00:00,0.0,0.6,-0.3,201.0
2025-05-27 15:17:16.284,2.6,nan,0.0,0.1,00:00:00,0.0,0.6,-0.3,201.0
2025-05-27 15:17:17.286,2.5,nan,0.0,0.1,00:00:00,0.0,0.6,-0.4,201.0
2025-05-27 15:17:18.286,2.5,nan,0.0,0.2,00:00:00,0.0,0.5,-0.4,201.0
2025-05-27 15:17:19.284,2.6,nan,0.0,0.2,00:00:00,0.0,0.5,-0.4,201.0
2025-05-27 15:17:20.284,2.6,nan,0.0,0.2,00:00:00,0.0,0.6,-0.4,201.0
2025-05-27 15:17:21.284,2.7,nan,0.0,0.2,00:00:00,0.0,0.7,-0.4,201.0
2025-05-27 15:17:22.285,2.6,nan,0.0,0.1,00:00:00,0.0,0.7,-0.4,201.0
2025-05-27 15:17:23.284,2.6,nan,-0.0,0.1,00:00:00,0.0,0.8,-0.4,201.0
2025-05-27 15:17:24.285,2.6,nan,-0.0,0.1,00:00:00,0.0,0.9,-0.5,201.0
2025-05-27 15:17:25.284,2.6,nan,-0.0,0.0,00:00:00,0.0,0.9,-0.5,201.0
2025-05-27 15:17:26.285,2.6,nan,0.0,0.0,00:00:00,0.0,0.9,-0.5,201.0
2025-05-27 15:17:27.283,2.6,nan,0.0,0.0,00:00:00,0.0,0.9,-0.5,201.0
2025-05-27 15:17:28.285,2.6,nan,0.0,0.1,00:00:00,0.0,1.0,-0.5,201.0
2025-05-27 15:17:29.286,2.7,nan,0.0,0.1,00:00:00,0.0,0.9,-0.5,201.0
2025-05-27 15:17:30.286,2.7,nan,0.0,0.1,00:00:00,0.0,0.9,-0.5,201.0
2025-05-27 15:17:31.282,2.8,nan,0.0,0.0,00:00:00,0.0,0.8,-0.6,201.0
2025-05-27 15:17:32.284,2.9,nan,0.0,0.0,00:00:00,0.0,0.7,-0.5,201.0
2025-05-27 15:17:33.285,3.0,nan,0.0,0.0,00:00:00,0.0,0.6,-0.5,201.0
2025-05-27 15:17:34.286,3.0,nan,0.1,0.1,00:00:00,0.0,0.6,-0.5,201.0
2025-05-27 15:17:35.284,3.0,nan,0.1,0.1,00:00:00,0.0,0.6,-0.5,201.0
2025-05-27 15:17:36.285,3.0,nan,0.0,0.2,00:00:00,0.0,0.6,-0.5,201.0
2025-05-27 15:17:37.286,3.0,nan,0.0,0.1,00:00:00,0.0,0.7,-0.4,201.0
2025-05-27 15:17:38.286,3.0,nan,0.0,0.1,00:00:00,0.0,0.7,-0.4,201.0
2025-05-27 15:17:39.284,3.0,nan,0.0,0.1,00:00:00,0.0,0.7,-0.4,201.0
2025-05-27 15:17:40.282,3.0,nan,0.0,0.1,00:00:00,0.0,0.7,-0.3,201.0
2025-05-27 15:17:41.283,3.0,nan,0.0,0.1,00:00:00,0.0,0.7,-0.3,201.0
2025-05-27 15:17:42.282,3.1,nan,0.0,0.1,00:00:00,0.0,0.7,-0.3,201.0
2025-05-27 15:17:43.284,3.1,nan,0.0,0.1,00:00:00,0.0,0.7,-0.3,201.0
2025-05-27 15:17:44.284,3.0,nan,0.0,0.1,00:00:00,0.0,0.6,-0.4,201.0
2025-05-27 15:17:45.282,3.0,nan,0.0,0.1,00:00:00,0.0,0.6,-0.3,201.0
2025-05-27 15:17:46.282,3.0,nan,0.0,0.1,00:00:00,0.0,0.6,-0.4,201.0
2025-05-27 15:17:47.284,3.0,nan,0.0,0.1,00:00:00,0.0,0.7,-0.3,201.0
2025-05-27 15:17:48.286,3.0,nan,0.0,0.1,00:00:00,0.0,0.8,-0.3,201.0
2025-05-27 15:17:49.286,3.0,nan,0.0,0.1,00:00:00,0.0,0.8,-0.4,201.0
2025-05-27 15:17:50.285,3.0,nan,0.0,0.1,00:00:00,0.0,0.9,-0.4,201.0
2025-05-27 15:17:51.284,2.9,nan,-0.0,0.1,00:00:00,0.0,0.9,-0.4,201.0
2025-05-27 15:17:52.285,2.9,nan,-0.0,0.1,00:00:00,0.0,1.0,-0.4,201.0
2025-05-27 15:17:53.287,2.9,nan,-0.0,0.1,00:00:00,0.0,1.0,-0.4,201.0
2025-05-27 15:17:54.283,2.8,nan,0.0,0.1,00:00:00,0.0,0.9,-0.5,201.0
2025-05-27 15:17:55.284,2.8,nan,0.0,0.1,00:00:00,0.0,0.8,-0.5,201.0
2025-05-27 15:17:56.283,2.8,nan,0.0,0.1,00:00:00,0.0,0.7,-0.6,201.0
2025-05-27 15:17:57.285,2.8,nan,0.0,0.0,00:00:00,0.0,0.7,-0.6,201.0
2025-05-27 15:17:58.286,2.9,nan,0.0,0.1,00:00:00,0.0,0.7,-0.6,201.0
2025-05-27 15:17:59.287,2.9,nan,0.0,0.1,00:00:00,0.0,0.7,-0.6,201.0
2025-05-27 15:18:00.284,2.9,nan,-0.0,0.0,00:00:00,0.0,0.7,-0.6,201.0
2025-05-27 15:18:01.285,2.9,nan,-0.0,0.0,00:00:00,0.0,0.7,-0.6,201.0
2025-05-27 15:18:02.285,2.8,nan,-0.0,0.0,00:00:00,0.0,0.7,-0.6,201.0
2025-05-27 15:18:03.286,2.8,nan,-0.0,0.0,00:00:00,0.0,0.6,-0.6,201.0
2025-05-27 15:18:04.286,2.8,nan,-0.0,0.1,00:00:00,0.0,0.6,-0.6,201.0
2025-05-27 15:18:05.285,2.8,nan,-0.0,0.1,00:00:00,0.0,0.6,-0.5,200.0
2025-05-27 15:18:06.284,2.8,nan,-0.0,0.1,00:00:00,0.0,0.6,-0.6,201.0
2025-05-27 15:18:07.283,2.8,nan,-0.0,0.1,00:00:00,0.0,0.6,-0.6,201.0
2025-05-27 15:18:08.285,2.7,nan,-0.0,0.1,00:00:00,0.0,0.6,-0.6,200.0
2025-05-27 15:18:09.284,2.7,nan,-0.0,0.0,00:00:00,0.0,0.7,-0.5,200.0
2025-05-27 15:18:10.285,2.7,nan,-0.0,0.0,00:00:00,0.0,0.7,-0.6,200.0
2025-05-27 15:18:11.286,2.7,nan,-0.0,0.1,00:00:00,0.0,0.7,-0.6,201.0
2025-05-27 15:18:12.285,2.7,nan,-0.0,0.0,00:00:00,0.0,0.7,-0.6,200.0
2025-05-27 15:18:13.285,2.7,nan,-0.0,0.1,00:00:00,0.0,0.7,-0.5,200.0
2025-05-27 15:18:14.286,2.7,nan,0.0,0.1,00:00:00,0.0,0.6,-0.5,200.0
2025-05-27 15:18:15.285,2.7,nan,0.0,0.0,00:00:00,0.0,0.6,-0.4,200.0
2025-05-27 15:18:16.285,2.7,nan,0.0,0.0,00:00:00,0.0,0.6,-0.4,200.0
2025-05-27 15:18:17.288,2.7,nan,-0.0,0.0,00:00:00,0.0,0.6,-0.4,200.0
2025-05-27 15:18:18.284,2.7,nan,0.0,0.0,00:00:00,0.0,0.5,-0.5,200.0
2025-05-27 15:18:19.284,2.8,nan,0.0,0.0,00:00:00,0.0,0.6,-0.4,200.0
2025-05-27 15:18:20.285,2.8,nan,0.0,0.0,00:00:00,0.0,0.6,-0.4,200.0
2025-05-27 15:18:21.285,2.8,nan,0.0,0.0,00:00:00,0.0,0.6,-0.4,200.0
2025-05-27 15:18:22.286,2.8,nan,0.0,0.0,00:00:00,0.0,0.6,-0.5,200.0
2025-05-27 15:18:23.286,2.8,nan,0.0,0.0,00:00:00,0.0,0.7,-0.5,200.0
2025-05-27 15:18:24.282,2.8,nan,-0.0,0.0,00:00:00,0.0,0.8,-0.5,200.0
2025-05-27 15:18:25.286,2.8,nan,-0.0,0.0,00:00:00,0.0,0.8,-0.5,200.0
2025-05-27 15:18:26.284,2.7,nan,-0.0,0.1,00:00:00,0.0,0.7,-0.5,200.0
2025-05-27 15:18:27.286,2.7,nan,-0.0,0.1,00:00:00,0.0,0.8,-0.5,200.0
2025-05-27 15:18:28.284,2.7,nan,-0.0,0.1,00:00:00,0.0,0.7,-0.5,201.0
2025-05-27 15:18:29.283,2.7,nan,-0.0,0.1,00:00:00,0.0,0.7,-0.4,201.0
2025-05-27 15:18:30.289,2.7,nan,0.0,0.1,00:00:00,0.0,0.8,-0.4,201.0
2025-05-27 15:18:31.287,2.7,nan,-0.0,0.1,00:00:00,0.0,0.8,-0.4,201.0
2025-05-27 15:18:32.283,2.6,nan,-0.0,0.1,00:00:00,0.0,0.8,-0.3,201.0
2025-05-27 15:18:33.286,2.6,nan,-0.0,0.1,00:00:00,0.0,0.9,-0.3,201.0
2025-05-27 15:18:34.284,2.7,nan,0.0,0.1,00:00:00,0.0,0.9,-0.3,201.0
2025-05-27 15:18:35.286,2.8,nan,0.0,0.1,00:00:00,0.0,0.9,-0.4,201.0
2025-05-27 15:18:36.284,2.9,nan,0.0,0.1,00:00:00,0.0,0.9,-0.4,201.0
2025-05-27 15:18:37.287,2.8,nan,0.0,0.0,00:00:00,0.0,0.8,-0.4,201.0
2025-05-27 15:18:38.287,2.8,nan,0.0,0.0,00:00:00,0.0,0.8,-0.4,201.0
2025-05-27 15:18:39.286,2.7,nan,-0.0,0.0,00:00:00,0.0,0.8,-0.4,201.0
2025-05-27 15:18:40.286,2.8,nan,0.0,0.0,00:00:00,0.0,0.8,-0.5,201.0
2025-05-27 15:18:41.283,2.7,nan,0.0,0.1,00:00:00,0.0,0.8,-0.5,201.0
2025-05-27 15:18:42.285,2.7,nan,0.0,0.1,00:00:00,0.0,0.8,-0.5,201.0
2025-05-27 15:18:43.285,2.7,nan,0.0,0.1,00:00:00,0.0,0.8,-0.4,201.0
2025-05-27 15:18:44.285,2.8,nan,0.0,0.2,00:00:00,0.0,0.7,-0.3,201.0
2025-05-27 15:18:45.283,2.7,nan,0.0,0.1,00:00:00,0.0,0.8,-0.3,201.0
2025-05-27 15:18:46.285,2.7,nan,0.0,0.0,00:00:00,0.0,0.8,-0.5,201.0
2025-05-27 15:18:47.286,2.7,nan,0.0,0.0,00:00:00,0.0,0.9,-0.5,201.0
2025-05-27 15:18:48.284,2.8,nan,0.0,0.1,00:00:00,0.0,0.9,-0.5,201.0
2025-05-27 15:18:49.283,2.8,nan,0.0,0.1,00:00:00,0.0,0.9,-0.5,201.0
2025-05-27 15:18:50.283,2.7,nan,-0.0,0.1,00:00:00,0.0,0.9,-0.6,201.0
2025-05-27 15:18:51.283,2.8,nan,-0.0,0.1,00:00:00,0.0,0.9,-0.6,201.0
2025-05-27 15:18:52.283,2.8,nan,0.0,0.1,00:00:00,0.0,0.9,-0.6,201.0
2025-05-27 15:18:53.285,2.8,nan,0.0,0.2,00:00:00,0.0,0.9,-0.6,201.0
2025-05-27 15:18:54.285,2.8,nan,-0.0,0.1,00:00:00,0.0,0.8,-0.5,201.0
2025-05-27 15:18:55.285,2.8,nan,0.0,0.1,00:00:00,0.0,0.7,-0.6,201.0
2025-05-27 15:18:56.283,2.8,nan,-0.0,0.0,00:00:00,0.0,0.7,-0.6,201.0
2025-05-27 15:18:57.283,2.8,nan,-0.0,0.0,00:00:00,0.0,0.6,-0.6,201.0
2025-05-27 15:18:58.285,2.8,nan,0.0,0.0,00:00:00,0.0,0.7,-0.5,201.0
2025-05-27 15:18:59.286,2.8,nan,-0.0,0.0,00:00:00,0.0,0.7,-0.6,201.0
2025-05-27 15:19:00.283,2.8,nan,-0.0,0.0,00:00:00,0.0,0.7,-0.6,201.0
2025-05-27 15:19:01.285,2.7,nan,-0.0,0.0,00:00:00,0.0,0.7,-0.5,201.0
2025-05-27 15:19:02.282,2.8,nan,0.0,0.0,00:00:00,0.0,0.7,-0.5,201.0
2025-05-27 15:19:03.285,2.8,nan,0.0,0.1,00:00:00,0.0,0.8,-0.4,201.0
2025-05-27 15:19:04.283,2.8,nan,-0.0,0.1,00:00:00,0.0,0.8,-0.5,201.0
2025-05-27 15:19:05.283,2.8,nan,0.0,0.1,00:00:00,0.0,0.7,-0.4,201.0
2025-05-27 15:19:06.285,2.9,nan,0.0,0.2,00:00:00,0.0,0.7,-0.5,201.0
2025-05-27 15:19:07.283,2.8,nan,-0.0,0.2,00:00:00,0.0,0.6,-0.5,201.0
2025-05-27 15:19:08.285,2.8,nan,-0.0,0.1,00:00:00,0.0,0.6,-0.4,201.0
2025-05-27 15:19:09.283,2.7,nan,-0.0,0.1,00:00:00,0.0,0.5,-0.5,201.0
2025-05-27 15:19:10.286,2.7,nan,0.0,0.0,00:00:00,0.0,0.5,-0.5,201.0
2025-05-27 15:19:11.283,2.8,nan,0.0,0.0,00:00:00,0.0,0.5,-0.6,201.0
2025-05-27 15:19:12.285,2.8,nan,0.0,0.1,00:00:00,0.0,0.6,-0.5,201.0
2025-05-27 15:19:13.284,2.8,nan,-0.0,0.1,00:00:00,0.0,0.6,-0.5,201.0
2025-05-27 15:19:14.282,2.8,nan,-0.0,0.1,00:00:00,0.0,0.6,-0.5,201.0
2025-05-27 15:19:15.283,2.8,nan,-0.0,0.0,00:00:00,0.0,0.6,-0.6,201.0
2025-05-27 15:19:16.284,2.8,nan,-0.0,0.0,00:00:00,0.0,0.5,-0.6,201.0
2025-05-27 15:19:17.283,2.8,nan,-0.0,0.0,00:00:00,0.0,0.5,-0.7,201.0
2025-05-27 15:19:18.283,2.8,nan,-0.0,0.0,00:00:00,0.0,0.5,-0.7,201.0
2025-05-27 15:19:19.283,2.8,nan,0.0,0.1,00:00:00,0.0,0.5,-0.7,201.0
2025-05-27 15:19:20.285,2.9,nan,0.0,0.1,00:00:00,0.0,0.5,-0.7,201.0
2025-05-27 15:19:21.285,2.8,nan,0.0,0.1,00:00:00,0.0,0.5,-0.7,201.0
2025-05-27 15:19:22.283,2.9,nan,0.0,0.1,00:00:00,0.0,0.5,-0.6,201.0
2025-05-27 15:19:23.282,2.9,nan,0.0,0.0,00:00:00,0.0,0.6,-0.5,201.0
2025-05-27 15:19:24.283,2.9,nan,0.0,0.0,00:00:00,0.0,0.6,-0.5,201.0
2025-05-27 15:19:25.286,3.0,nan,0.0,0.1,00:00:00,0.0,0.6,-0.5,201.0
2025-05-27 15:19:26.286,3.0,nan,0.0,0.0,00:00:00,0.0,0.7,-0.5,201.0
2025-05-27 15:19:27.285,3.0,nan,0.0,0.0,00:00:00,0.0,0.6,-0.6,201.0
2025-05-27 15:19:28.285,3.1,nan,0.0,0.0,00:00:00,0.0,0.7,-0.5,201.0
2025-05-27 15:19:29.283,3.1,nan,0.0,0.0,00:00:00,0.0,0.7,-0.5,201.0
2025-05-27 15:19:30.283,3.0,nan,0.0,0.0,00:00:00,0.0,0.8,-0.5,201.0
2025-05-27 15:19:31.286,3.1,nan,0.0,0.0,00:00:00,0.0,0.8,-0.5,201.0
2025-05-27 15:19:32.286,3.0,nan,-0.0,0.0,00:00:00,0.0,0.8,-0.5,201.0
2025-05-27 15:19:33.286,3.0,nan,-0.0,0.0,00:00:00,0.0,0.7,-0.5,201.0
2025-05-27 15:19:34.285,2.9,nan,-0.0,0.0,00:00:00,0.0,0.7,-0.5,201.0
2025-05-27 15:19:35.285,2.9,nan,-0.0,0.0,00:00:00,0.0,0.7,-0.4,201.0
2025-05-27 15:19:36.282,2.9,nan,-0.0,0.0,00:00:00,0.0,0.8,-0.4,201.0
2025-05-27 15:19:37.283,2.8,nan,-0.0,0.0,00:00:00,0.0,0.8,-0.4,201.0
2025-05-27 15:19:38.285,2.7,nan,-0.1,0.0,00:00:00,0.0,0.8,-0.4,201.0
2025-05-27 15:19:39.283,2.6,nan,-0.0,0.0,00:00:00,0.0,0.7,-0.4,200.0
2025-05-27 15:19:40.283,2.6,nan,-0.0,0.0,00:00:00,0.0,0.7,-0.5,201.0
2025-05-27 15:19:41.285,2.7,nan,-0.0,0.1,00:00:00,0.0,0.6,-0.6,200.0
2025-05-27 15:19:42.283,2.7,nan,-0.0,0.1,00:00:00,0.0,0.6,-0.6,200.0
2025-05-27 15:19:43.283,2.7,nan,-0.0,0.2,00:00:00,0.0,0.6,-0.5,200.0
2025-05-27 15:19:44.286,2.8,nan,0.0,0.2,00:00:00,0.0,0.6,-0.6,200.0
2025-05-27 15:19:45.286,2.7,nan,0.0,0.2,00:00:00,0.0,0.7,-0.5,200.0
2025-05-27 15:19:46.285,2.7,nan,0.0,0.2,00:00:00,0.0,0.7,-0.5,200.0
2025-05-27 15:19:47.286,2.8,nan,0.0,0.2,00:00:00,0.0,0.7,-0.5,200.0
2025-05-27 15:19:48.286,2.8,nan,0.0,0.2,00:00:00,0.0,0.7,-0.5,200.0
2025-05-27 15:19:49.289,2.9,nan,0.0,0.2,00:00:00,0.0,0.8,-0.4,200.0
2025-05-27 15:19:50.283,2.8,nan,0.0,0.2,00:00:00,0.0,0.8,-0.3,200.0
2025-05-27 15:19:51.286,2.7,nan,-0.0,0.1,00:00:00,0.0,0.8,-0.4,200.0
2025-05-27 15:19:52.284,2.7,nan,-0.0,0.1,00:00:00,0.0,0.8,-0.3,200.0
2025-05-27 15:19:53.284,2.7,nan,0.0,0.1,00:00:00,0.0,0.9,-0.3,200.0
2025-05-27 15:19:54.283,2.7,nan,-0.0,0.0,00:00:00,0.0,0.9,-0.3,200.0
2025-05-27 15:19:55.286,2.6,nan,-0.0,0.0,00:00:00,0.0,0.8,-0.3,200.0
2025-05-27 15:19:56.286,2.5,nan,-0.0,0.0,00:00:00,0.0,0.8,-0.3,200.0
2025-05-27 15:19:57.286,2.6,nan,0.0,0.0,00:00:00,0.0,0.7,-0.3,200.0
2025-05-27 15:19:58.285,2.6,nan,-0.0,0.0,00:00:00,0.0,0.6,-0.3,200.0
2025-05-27 15:19:59.284,2.6,nan,-0.0,0.0,00:00:00,0.0,0.7,-0.3,200.0
2025-05-27 15:20:00.284,2.6,nan,-0.0,0.0,00:00:00,0.0,0.6,-0.4,200.0
2025-05-27 15:20:01.284,2.6,nan,-0.0,0.0,00:00:00,0.0,0.7,-0.4,200.0
2025-05-27 15:20:02.286,2.5,nan,-0.0,0.1,00:00:00,0.0,0.7,-0.4,200.0
2025-05-27 15:20:03.285,2.6,nan,0.0,0.1,00:00:00,0.0,0.7,-0.4,200.0
2025-05-27 15:20:04.283,2.6,nan,0.0,0.1,00:00:00,0.0,0.7,-0.4,200.0
2025-05-27 15:20:05.285,2.7,nan,0.0,0.1,00:00:00,0.0,0.6,-0.4,200.0
2025-05-27 15:20:06.282,2.7,nan,0.0,0.1,00:00:00,0.0,0.6,-0.4,200.0
2025-05-27 15:20:07.282,2.7,nan,0.0,0.1,00:00:00,0.0,0.6,-0.5,200.0
2025-05-27 15:20:08.286,2.7,nan,0.0,0.1,00:00:00,0.0,0.6,-0.4,200.0
2025-05-27 15:20:09.284,2.8,nan,0.0,0.1,00:00:00,0.0,0.6,-0.5,200.0
2025-05-27 15:20:10.283,2.9,nan,0.0,0.2,00:00:00,0.0,0.5,-0.5,200.0
2025-05-27 15:20:11.287,2.9,nan,0.0,0.2,00:00:00,0.0,0.6,-0.5,200.0
2025-05-27 15:20:12.287,2.9,nan,0.0,0.2,00:00:00,0.0,0.6,-0.5,200.0
2025-05-27 15:20:13.287,2.9,nan,-0.0,0.2,00:00:00,0.0,0.6,-0.5,200.0
2025-05-27 15:20:14.286,2.9,nan,-0.0,0.2,00:00:00,0.0,0.6,-0.4,200.0
2025-05-27 15:20:15.286,2.9,nan,0.0,0.2,00:00:00,0.0,0.6,-0.4,200.0
2025-05-27 15:20:16.283,2.9,nan,-0.0,0.1,00:00:00,0.0,0.6,-0.4,200.0
2025-05-27 15:20:17.284,2.9,nan,-0.0,0.1,00:00:00,0.0,0.7,-0.3,200.0
2025-05-27 15:20:18.282,2.9,nan,-0.0,0.1,00:00:00,0.0,0.8,-0.3,200.0
2025-05-27 15:20:19.282,2.9,nan,-0.0,0.1,00:00:00,0.0,0.8,-0.3,200.0
2025-05-27 15:20:20.284,2.9,nan,0.0,0.1,00:00:00,0.0,0.8,-0.3,200.0
2025-05-27 15:20:21.283,2.8,nan,0.0,0.1,00:00:00,0.0,0.9,-0.4,200.0
2025-05-27 15:20:22.283,2.8,nan,0.0,0.1,00:00:00,0.0,1.0,-0.4,200.0
2025-05-27 15:20:23.284,2.8,nan,0.0,0.1,00:00:00,0.0,1.0,-0.5,200.0
2025-05-27 15:20:24.287,2.7,nan,-0.0,0.1,00:00:00,0.0,0.9,-0.5,200.0
2025-05-27 15:20:25.285,2.7,nan,-0.0,0.0,00:00:00,0.0,1.0,-0.5,200.0
2025-05-27 15:20:26.284,2.8,nan,0.0,0.1,00:00:00,0.0,0.9,-0.5,200.0
2025-05-27 15:20:27.283,2.7,nan,0.0,0.0,00:00:00,0.0,0.9,-0.5,200.0
2025-05-27 15:20:28.286,2.7,nan,0.0,0.0,00:00:00,0.0,0.8,-0.5,200.0
2025-05-27 15:20:29.284,2.8,nan,0.0,0.0,00:00:00,0.0,0.8,-0.4,200.0
2025-05-27 15:20:30.285,2.8,nan,-0.0,0.0,00:00:00,0.0,0.8,-0.4,200.0
2025-05-27 15:20:31.285,2.8,nan,0.0,0.0,00:00:00,0.0,0.7,-0.4,200.0
2025-05-27 15:20:32.283,2.9,nan,0.0,0.1,00:00:00,0.0,0.7,-0.4,200.0
2025-05-27 15:20:33.285,3.0,nan,0.0,0.1,00:00:00,0.0,0.7,-0.4,200.0
2025-05-27 15:20:34.283,3.1,nan,0.0,0.1,00:00:00,0.0,0.7,-0.4,200.0
2025-05-27 15:20:35.285,3.1,nan,0.0,0.1,00:00:00,0.0,0.7,-0.5,200.0
2025-05-27 15:20:36.282,3.2,nan,0.0,0.1,00:00:00,0.0,0.7,-0.4,200.0
2025-05-27 15:20:37.284,3.2,nan,0.0,0.1,00:00:00,0.0,0.7,-0.4,200.0
2025-05-27 15:20:38.285,3.1,nan,-0.0,0.1,00:00:00,0.0,0.6,-0.4,200.0
2025-05-27 15:20:39.284,3.0,nan,-0.0,0.0,00:00:00,0.0,0.6,-0.5,200.0
2025-05-27 15:20:40.283,2.9,nan,-0.0,0.1,00:00:00,0.0,0.5,-0.5,200.0
2025-05-27 15:20:41.283,2.9,nan,-0.0,0.1,00:00:00,0.0,0.6,-0.5,200.0
2025-05-27 15:20:42.286,2.9,nan,-0.0,0.1,00:00:00,0.0,0.6,-0.5,200.0
2025-05-27 15:20:43.284,2.8,nan,-0.0,0.1,00:00:00,0.0,0.7,-0.6,200.0
2025-05-27 15:20:44.286,2.8,nan,-0.0,0.1,00:00:00,0.0,0.7,-0.5,200.0
2025-05-27 15:20:45.283,2.8,nan,-0.0,0.1,00:00:00,0.0,0.7,-0.5,200.0
2025-05-27 15:20:46.283,2.8,nan,-0.0,0.1,00:00:00,0.0,0.7,-0.5,200.0
2025-05-27 15:20:47.282,2.8,nan,-0.0,0.1,00:00:00,0.0,0.7,-0.4,200.0
2025-05-27 15:20:48.285,2.8,nan,-0.0,0.1,00:00:00,0.0,0.6,-0.4,200.0
2025-05-27 15:20:49.285,2.9,nan,-0.0,0.1,00:00:00,0.0,0.7,-0.4,200.0
2025-05-27 15:20:50.286,2.9,nan,0.0,0.1,00:00:00,0.0,0.7,-0.4,200.0
2025-05-27 15:20:51.287,2.9,nan,-0.0,0.0,00:00:00,0.0,0.8,-0.3,200.0
2025-05-27 15:20:52.284,3.0,nan,0.0,0.0,00:00:00,0.0,0.7,-0.4,200.0
2025-05-27 15:20:53.283,3.0,nan,0.0,0.0,00:00:00,0.0,0.7,-0.3,200.0
2025-05-27 15:20:54.285,3.0,nan,0.0,0.0,00:00:00,0.0,0.6,-0.4,200.0
2025-05-27 15:20:55.286,3.0,nan,0.0,0.0,00:00:00,0.0,0.7,-0.4,200.0
2025-05-27 15:20:56.285,3.0,nan,-0.0,0.1,00:00:00,0.0,0.6,-0.4,200.0
2025-05-27 15:20:57.286,2.9,nan,-0.0,0.1,00:00:00,0.0,0.6,-0.4,200.0
2025-05-27 15:20:58.284,2.9,nan,-0.0,0.1,00:00:00,0.0,0.6,-0.4,200.0
2025-05-27 15:20:59.284,2.8,nan,-0.0,0.0,00:00:00,0.0,0.7,-0.3,200.0
2025-05-27 15:21:00.282,2.9,nan,-0.0,0.0,00:00:00,0.0,0.7,-0.3,200.0
2025-05-27 15:21:01.286,2.8,nan,-0.0,0.0,00:00:00,0.0,0.7,-0.2,200.0
2025-05-27 15:21:02.285,2.7,nan,-0.0,0.0,00:00:00,0.0,0.6,-0.3,200.0
2025-05-27 15:21:03.284,2.7,nan,-0.0,0.0,00:00:00,0.0,0.7,-0.3,200.0
2025-05-27 15:21:04.284,2.8,nan,-0.0,0.1,00:00:00,0.0,0.7,-0.3,199.0
2025-05-27 15:21:05.286,2.8,nan,-0.0,0.0,00:00:00,0.0,0.7,-0.4,199.0
2025-05-27 15:21:06.286,2.9,nan,-0.0,0.1,00:00:00,0.0,0.7,-0.4,199.0
2025-05-27 15:21:07.287,2.9,nan,-0.0,0.0,00:00:00,0.0,0.6,-0.4,199.0
2025-05-27 15:21:08.285,2.9,nan,0.0,0.0,00:00:00,0.0,0.7,-0.3,199.0
2025-05-27 15:21:09.283,3.0,nan,0.0,0.0,00:00:00,0.0,0.7,-0.3,199.0
2025-05-27 15:21:10.286,3.0,nan,0.0,0.1,00:00:00,0.0,0.7,-0.3,199.0
2025-05-27 15:21:11.284,2.9,nan,-0.0,0.1,00:00:00,0.0,0.7,-0.3,199.0
2025-05-27 15:21:12.283,2.9,nan,-0.0,0.1,00:00:00,0.0,0.7,-0.4,199.0
2025-05-27 15:21:13.286,2.8,nan,-0.0,0.1,00:00:00,0.0,0.6,-0.4,199.0
2025-05-27 15:21:14.285,2.7,nan,-0.1,0.1,00:00:00,0.0,0.6,-0.4,199.0
2025-05-27 15:21:15.285,2.7,nan,-0.1,0.1,00:00:00,0.0,0.6,-0.5,199.0
2025-05-27 15:21:16.284,2.7,nan,-0.0,0.0,00:00:00,0.0,0.6,-0.5,199.0
2025-05-27 15:21:17.283,2.7,nan,-0.0,0.1,00:00:00,0.0,0.6,-0.6,199.0
2025-05-27 15:21:18.284,2.8,nan,-0.0,0.1,00:00:00,0.0,0.7,-0.6,199.0
2025-05-27 15:21:19.286,2.8,nan,-0.0,0.1,00:00:00,0.0,0.6,-0.6,199.0
2025-05-27 15:21:20.283,2.9,nan,-0.0,0.1,00:00:00,0.0,0.7,-0.6,199.0
2025-05-27 15:21:21.284,2.9,nan,-0.1,0.2,00:00:00,0.0,0.7,-0.6,199.0
2025-05-27 15:21:22.283,2.8,nan,-0.1,0.2,00:00:00,0.0,0.7,-0.6,199.0
2025-05-27 15:21:23.285,2.8,nan,-0.1,0.3,00:00:00,0.0,0.7,-0.6,199.0
2025-05-27 15:21:24.285,2.8,nan,-0.1,0.3,00:00:00,0.0,0.8,-0.6,199.0
2025-05-27 15:21:25.282,2.7,nan,-0.0,0.3,00:00:00,0.0,0.8,-0.5,199.0
2025-05-27 15:21:26.285,2.8,nan,-0.0,0.2,00:00:00,0.0,0.8,-0.5,199.0
2025-05-27 15:21:27.283,2.8,nan,-0.0,0.2,00:00:00,0.0,0.8,-0.4,199.0
2025-05-27 15:21:28.283,2.8,nan,-0.0,0.2,00:00:00,0.0,0.8,-0.4,199.0
2025-05-27 15:21:29.281,2.8,nan,-0.0,0.1,00:00:00,0.0,0.9,-0.4,199.0
2025-05-27 15:21:30.283,2.8,nan,-0.0,0.1,00:00:00,0.0,0.9,-0.3,199.0
2025-05-27 15:21:31.285,2.7,nan,-0.0,0.0,00:00:00,0.0,1.0,-0.3,199.0
2025-05-27 15:21:32.284,2.7,nan,-0.0,0.1,00:00:00,0.0,0.9,-0.4,199.0
2025-05-27 15:21:33.285,2.7,nan,-0.0,0.0,00:00:00,0.0,1.0,-0.3,199.0
2025-05-27 15:21:34.284,2.8,nan,-0.0,0.0,00:00:00,0.0,1.0,-0.3,199.0
2025-05-27 15:21:35.284,2.8,nan,-0.0,0.1,00:00:00,0.0,1.0,-0.3,199.0
2025-05-27 15:21:36.282,2.8,nan,-0.0,0.2,00:00:00,0.0,1.1,-0.3,199.0
2025-05-27 15:21:37.283,2.8,nan,-0.0,0.1,00:00:00,0.0,1.0,-0.4,199.0
2025-05-27 15:21:38.283,2.9,nan,-0.0,0.1,00:00:00,0.0,0.9,-0.4,199.0
2025-05-27 15:21:39.286,2.9,nan,-0.0,0.1,00:00:00,0.0,0.9,-0.4,199.0
2025-05-27 15:21:40.286,2.8,nan,-0.0,0.1,00:00:00,0.0,0.8,-0.5,199.0
2025-05-27 15:21:41.286,2.8,nan,-0.0,0.1,00:00:00,0.0,0.8,-0.5,199.0
2025-05-27 15:21:42.287,2.8,nan,-0.0,0.1,00:00:00,0.0,0.7,-0.4,199.0
2025-05-27 15:21:43.286,2.7,nan,-0.0,0.1,00:00:00,0.0,0.7,-0.4,199.0
2025-05-27 15:21:44.283,2.7,nan,-0.0,0.1,00:00:00,0.0,0.7,-0.5,199.0
2025-05-27 15:21:45.283,2.6,nan,-0.0,0.2,00:00:00,0.0,0.7,-0.4,199.0
2025-05-27 15:21:46.285,2.7,nan,-0.0,0.1,00:00:00,0.0,0.8,-0.3,199.0
2025-05-27 15:21:47.283,2.7,nan,0.0,0.0,00:00:00,0.0,0.8,-0.3,199.0
2025-05-27 15:21:48.284,2.8,nan,0.0,0.0,00:00:00,0.0,0.8,-0.4,199.0
2025-05-27 15:21:49.285,2.8,nan,0.0,0.0,00:00:00,0.0,0.8,-0.4,199.0
2025-05-27 15:21:50.286,2.9,nan,0.0,0.0,00:00:00,0.0,0.8,-0.4,199.0
2025-05-27 15:21:51.283,2.9,nan,0.0,0.1,00:00:00,0.0,0.8,-0.4,199.0
2025-05-27 15:21:52.285,2.9,nan,0.0,0.0,00:00:00,0.0,0.8,-0.4,199.0
2025-05-27 15:21:53.286,2.9,nan,0.0,0.0,00:00:00,0.0,0.8,-0.4,199.0
2025-05-27 15:21:54.283,2.9,nan,0.0,0.0,00:00:00,0.0,0.8,-0.4,199.0
2025-05-27 15:21:55.284,3.0,nan,0.0,0.0,00:00:00,0.0,0.8,-0.4,199.0
2025-05-27 15:21:56.283,2.9,nan,0.0,0.0,00:00:00,0.0,0.7,-0.4,199.0
2025-05-27 15:21:57.282,2.9,nan,0.0,0.1,00:00:00,0.0,0.7,-0.4,199.0
2025-05-27 15:21:58.285,2.9,nan,-0.0,0.1,00:00:00,0.0,0.7,-0.4,199.0
2025-05-27 15:21:59.285,2.8,nan,-0.0,0.1,00:00:00,0.0,0.7,-0.4,199.0
2025-05-27 15:22:00.283,2.9,nan,-0.0,0.0,00:00:00,0.0,0.8,-0.4,199.0
2025-05-27 15:22:01.285,2.8,nan,-0.0,0.0,00:00:00,0.0,0.7,-0.3,199.0
2025-05-27 15:22:02.285,2.8,nan,-0.0,0.1,00:00:00,0.0,0.8,-0.4,200.0
2025-05-27 15:22:03.283,2.9,nan,0.0,0.1,00:00:00,0.0,0.8,-0.3,200.0
2025-05-27 15:22:04.283,2.9,nan,-0.0,0.0,00:00:00,0.0,0.7,-0.4,199.0
2025-05-27 15:22:05.284,2.9,nan,-0.0,0.1,00:00:00,0.0,0.7,-0.4,199.0
2025-05-27 15:22:06.286,2.9,nan,0.0,0.0,00:00:00,0.0,0.8,-0.4,199.0
2025-05-27 15:22:07.284,2.9,nan,-0.0,0.0,00:00:00,0.0,0.7,-0.4,199.0
2025-05-27 15:22:08.283,2.8,nan,-0.0,0.1,00:00:00,0.0,0.7,-0.4,199.0
2025-05-27 15:22:09.281,2.8,nan,-0.0,0.1,00:00:00,0.0,0.7,-0.4,199.0
2025-05-27 15:22:10.286,2.8,nan,-0.0,0.0,00:00:00,0.0,0.7,-0.4,199.0
2025-05-27 15:22:11.285,2.8,nan,-0.0,0.0,00:00:00,0.0,0.7,-0.4,199.0
2025-05-27 15:22:12.283,2.9,nan,0.0,0.1,00:00:00,0.0,0.8,-0.4,199.0
2025-05-27 15:22:13.285,2.9,nan,0.0,0.1,00:00:00,0.0,0.9,-0.4,199.0
2025-05-27 15:22:14.285,2.9,nan,0.0,0.1,00:00:00,0.0,0.8,-0.5,199.0
2025-05-27 15:22:15.285,2.9,nan,0.0,0.1,00:00:00,0.0,0.9,-0.4,199.0
2025-05-27 15:22:16.286,2.9,nan,0.0,0.1,00:00:00,0.0,0.8,-0.5,199.0
2025-05-27 15:22:17.283,2.9,nan,0.0,0.1,00:00:00,0.0,0.8,-0.5,199.0
2025-05-27 15:22:18.285,2.9,nan,-0.0,0.1,00:00:00,0.0,0.7,-0.6,199.0
2025-05-27 15:22:19.283,2.8,nan,-0.0,0.1,00:00:00,0.0,0.7,-0.6,199.0
2025-05-27 15:22:20.285,2.8,nan,-0.0,0.0,00:00:00,0.0,0.6,-0.6,199.0
2025-05-27 15:22:21.285,2.8,nan,-0.0,0.0,00:00:00,0.0,0.6,-0.6,199.0
2025-05-27 15:22:22.285,2.8,nan,-0.0,0.0,00:00:00,0.0,0.6,-0.6,199.0
2025-05-27 15:22:23.283,2.8,nan,-0.0,0.0,00:00:00,0.0,0.6,-0.5,199.0
2025-05-27 15:22:24.282,2.8,nan,-0.0,0.1,00:00:00,0.0,0.5,-0.5,199.0
2025-05-27 15:22:25.285,2.8,nan,-0.0,0.1,00:00:00,0.0,0.5,-0.5,199.0
2025-05-27 15:22:26.284,2.8,nan,-0.0,0.1,00:00:00,0.0,0.5,-0.5,199.0
2025-05-27 15:22:27.285,2.7,nan,-0.0,0.1,00:00:00,0.0,0.5,-0.5,199.0
2025-05-27 15:22:28.285,2.7,nan,-0.0,0.1,00:00:00,0.0,0.5,-0.5,199.0
2025-05-27 15:22:29.287,2.7,nan,-0.0,0.1,00:00:00,0.0,0.4,-0.5,199.0
2025-05-27 15:22:30.281,2.7,nan,-0.0,0.0,00:00:00,0.0,0.4,-0.5,199.0
2025-05-27 15:22:31.286,2.7,nan,-0.0,0.1,00:00:00,0.0,0.5,-0.5,199.0
2025-05-27 15:22:32.285,2.6,nan,-0.0,0.1,00:00:00,0.0,0.4,-0.5,199.0
2025-05-27 15:22:33.287,2.6,nan,-0.0,0.1,00:00:00,0.0,0.4,-0.5,199.0
2025-05-27 15:22:34.285,2.7,nan,-0.0,0.1,00:00:00,0.0,0.4,-0.5,199.0
2025-05-27 15:22:35.286,2.7,nan,-0.0,0.1,00:00:00,0.0,0.4,-0.6,199.0
2025-05-27 15:22:36.285,2.7,nan,-0.0,0.1,00:00:00,0.0,0.3,-0.6,199.0
2025-05-27 15:22:37.285,2.8,nan,0.0,0.0,00:00:00,0.0,0.4,-0.5,199.0
2025-05-27 15:22:38.282,2.8,nan,0.0,0.0,00:00:00,0.0,0.5,-0.5,199.0
2025-05-27 15:22:39.285,2.9,nan,0.0,0.0,00:00:00,0.0,0.5,-0.5,199.0
2025-05-27 15:22:40.285,2.9,nan,0.0,0.0,00:00:00,0.0,0.5,-0.5,199.0
2025-05-27 15:22:41.282,2.9,nan,0.0,0.0,00:00:00,0.0,0.5,-0.5,199.0
2025-05-27 15:22:42.284,2.9,nan,0.0,0.0,00:00:00,0.0,0.5,-0.5,199.0
2025-05-27 15:22:43.285,2.9,nan,0.0,0.0,00:00:00,0.0,0.6,-0.5,199.0
2025-05-27 15:22:44.287,2.9,nan,0.0,0.0,00:00:00,0.0,0.5,-0.5,199.0
2025-05-27 15:22:45.284,3.0,nan,0.0,0.0,00:00:00,0.0,0.5,-0.5,199.0
2025-05-27 15:22:46.284,2.9,nan,-0.0,0.0,00:00:00,0.0,0.5,-0.5,199.0
2025-05-27 15:22:47.286,2.9,nan,-0.0,0.1,00:00:00,0.0,0.5,-0.5,199.0
2025-05-27 15:22:48.282,2.8,nan,-0.0,0.1,00:00:00,0.0,0.5,-0.4,199.0
2025-05-27 15:22:49.286,2.8,nan,-0.0,0.1,00:00:00,0.0,0.6,-0.4,199.0
2025-05-27 15:22:50.285,2.8,nan,-0.0,0.1,00:00:00,0.0,0.6,-0.5,199.0
2025-05-27 15:22:51.283,2.7,nan,-0.0,0.0,00:00:00,0.0,0.5,-0.5,199.0
2025-05-27 15:22:52.285,2.6,nan,-0.0,0.0,00:00:00,0.0,0.5,-0.5,199.0
2025-05-27 15:22:53.283,2.7,nan,-0.0,0.0,00:00:00,0.0,0.5,-0.5,199.0
2025-05-27 15:22:54.285,2.7,nan,-0.0,0.0,00:00:00,0.0,0.5,-0.5,199.0
2025-05-27 15:22:55.283,2.6,nan,-0.0,0.1,00:00:00,0.0,0.5,-0.5,199.0
2025-05-27 15:22:56.282,2.6,nan,-0.0,0.1,00:00:00,0.0,0.5,-0.5,199.0
2025-05-27 15:22:57.286,2.7,nan,-0.0,0.1,00:00:00,0.0,0.6,-0.4,199.0
2025-05-27 15:22:58.283,2.6,nan,-0.0,0.1,00:00:00,0.0,0.6,-0.3,199.0
2025-05-27 15:22:59.284,2.6,nan,-0.0,0.1,00:00:00,0.0,0.6,-0.4,199.0
2025-05-27 15:23:00.285,2.6,nan,-0.0,0.1,00:00:00,0.0,0.5,-0.5,199.0
2025-05-27 15:23:01.283,2.7,nan,-0.0,0.2,00:00:00,0.0,0.5,-0.6,199.0
2025-05-27 15:23:02.285,2.7,nan,-0.0,0.4,00:00:00,0.0,0.5,-0.6,199.0
2025-05-27 15:23:03.284,2.7,nan,-0.0,0.5,00:00:00,0.0,0.5,-0.6,199.0
2025-05-27 15:23:04.284,2.7,nan,-0.0,0.6,00:00:00,0.0,0.5,-0.6,199.0
2025-05-27 15:23:05.283,2.7,nan,-0.0,0.5,00:00:00,0.0,0.7,-0.5,199.0
2025-05-27 15:23:06.285,2.7,nan,-0.0,0.4,00:00:00,0.0,0.8,-0.4,199.0
2025-05-27 15:23:07.283,2.7,nan,-0.0,0.2,00:00:00,0.0,0.9,-0.3,199.0
2025-05-27 15:23:08.285,2.7,nan,-0.0,0.2,00:00:00,0.0,0.9,-0.3,199.0
2025-05-27 15:23:09.283,2.7,nan,-0.0,0.1,00:00:00,0.0,0.9,-0.3,199.0
2025-05-27 15:23:10.284,2.7,nan,-0.0,0.1,00:00:00,0.0,1.0,-0.2,199.0
2025-05-27 15:23:11.284,2.7,nan,-0.0,0.0,00:00:00,0.0,1.0,-0.2,199.0
2025-05-27 15:23:12.282,2.6,nan,-0.0,0.1,00:00:00,0.0,1.0,-0.1,199.0
2025-05-27 15:23:13.282,2.7,nan,-0.0,0.2,00:00:00,0.0,1.0,-0.1,199.0
2025-05-27 15:23:14.284,2.7,nan,-0.0,0.2,00:00:00,0.0,0.9,-0.1,199.0
2025-05-27 15:23:15.285,2.8,nan,0.0,0.2,00:00:00,0.0,0.9,-0.2,199.0
2025-05-27 15:23:16.284,2.8,nan,0.0,0.3,00:00:00,0.0,0.9,-0.2,199.0
2025-05-27 15:23:17.284,2.8,nan,0.0,0.2,00:00:00,0.0,0.8,-0.3,199.0
2025-05-27 15:23:18.283,2.9,nan,0.0,0.2,00:00:00,0.0,0.8,-0.4,199.0
2025-05-27 15:23:19.283,2.9,nan,0.0,0.2,00:00:00,0.0,0.8,-0.4,199.0
2025-05-27 15:23:20.283,2.9,nan,0.1,0.3,00:00:00,0.0,0.7,-0.5,199.0
2025-05-27 15:23:21.283,2.9,nan,0.0,0.2,00:00:00,0.0,0.7,-0.5,199.0
2025-05-27 15:23:22.281,2.9,nan,0.0,0.2,00:00:00,0.0,0.7,-0.5,199.0
2025-05-27 15:23:23.284,2.8,nan,0.0,0.2,00:00:00,0.0,0.6,-0.6,199.0
2025-05-27 15:23:24.283,2.7,nan,-0.0,0.1,00:00:00,0.0,0.5,-0.6,199.0
2025-05-27 15:23:25.282,2.7,nan,-0.0,0.1,00:00:00,0.0,0.5,-0.6,199.0
2025-05-27 15:23:26.285,2.6,nan,-0.0,0.1,00:00:00,0.0,0.5,-0.6,199.0
2025-05-27 15:23:27.283,2.6,nan,-0.0,0.0,00:00:00,0.0,0.5,-0.6,199.0
2025-05-27 15:23:28.285,2.6,nan,-0.0,0.0,00:00:00,0.0,0.4,-0.6,199.0
2025-05-27 15:23:29.285,2.6,nan,0.0,0.1,00:00:00,0.0,0.4,-0.5,199.0
2025-05-27 15:23:30.286,2.8,nan,0.0,0.1,00:00:00,0.0,0.4,-0.5,199.0
2025-05-27 15:23:31.282,2.9,nan,0.0,0.2,00:00:00,0.0,0.5,-0.5,199.0
2025-05-27 15:23:32.282,2.9,nan,0.0,0.2,00:00:00,0.0,0.5,-0.5,199.0
2025-05-27 15:23:33.283,2.9,nan,0.0,0.3,00:00:00,0.0,0.6,-0.5,199.0
2025-05-27 15:23:34.283,2.7,nan,-0.0,0.3,00:00:00,0.0,0.6,-0.5,199.0
2025-05-27 15:23:35.285,2.7,nan,-0.0,0.2,00:00:00,0.0,0.6,-0.5,199.0
2025-05-27 15:23:36.285,2.7,nan,-0.0,0.2,00:00:00,0.0,0.6,-0.5,199.0
2025-05-27 15:23:37.285,2.6,nan,-0.0,0.2,00:00:00,0.0,0.6,-0.6,199.0
2025-05-27 15:23:38.282,2.6,nan,-0.0,0.1,00:00:00,0.0,0.6,-0.6,199.0
2025-05-27 15:23:39.283,2.6,nan,-0.0,0.1,00:00:00,0.0,0.6,-0.6,199.0
2025-05-27 15:23:40.281,2.6,nan,0.0,0.1,00:00:00,0.0,0.6,-0.6,199.0
2025-05-27 15:23:41.285,2.7,nan,0.0,0.0,00:00:00,0.0,0.6,-0.6,199.0
2025-05-27 15:23:42.283,2.6,nan,0.0,0.0,00:00:00,0.0,0.6,-0.6,199.0
2025-05-27 15:23:43.284,2.6,nan,0.0,0.1,00:00:00,0.0,0.6,-0.6,199.0
2025-05-27 15:23:44.286,2.6,nan,0.0,0.1,00:00:00,0.0,0.6,-0.6,199.0
2025-05-27 15:23:45.283,2.6,nan,0.0,0.1,00:00:00,0.0,0.6,-0.6,199.0
2025-05-27 15:23:46.283,2.5,nan,-0.0,0.1,00:00:00,0.0,0.6,-0.6,199.0
2025-05-27 15:23:47.283,2.5,nan,-0.0,0.1,00:00:00,0.0,0.6,-0.6,199.0
2025-05-27 15:23:48.287,2.4,nan,-0.0,0.1,00:00:00,0.0,0.7,-0.5,199.0
2025-05-27 15:23:49.282,2.4,nan,-0.0,0.1,00:00:00,0.0,0.7,-0.5,199.0
2025-05-27 15:23:50.282,2.4,nan,-0.0,0.1,00:00:00,0.0,0.7,-0.6,199.0
2025-05-27 15:23:51.283,2.5,nan,-0.0,0.1,00:00:00,0.0,0.7,-0.6,199.0
2025-05-27 15:23:52.285,2.4,nan,-0.0,0.1,00:00:00,0.0,0.8,-0.5,199.0
2025-05-27 15:23:53.285,2.3,nan,-0.0,0.1,00:00:00,0.0,0.9,-0.4,199.0
2025-05-27 15:23:54.285,2.3,nan,-0.0,0.1,00:00:00,0.0,1.0,-0.4,199.0
2025-05-27 15:23:55.282,2.4,nan,0.0,0.2,00:00:00,0.0,0.9,-0.5,199.0
2025-05-27 15:23:56.284,2.6,nan,0.0,0.2,00:00:00,0.0,1.0,-0.4,199.0
2025-05-27 15:23:57.285,2.7,nan,0.0,0.2,00:00:00,0.0,1.0,-0.5,199.0
2025-05-27 15:23:58.284,2.7,nan,0.0,0.2,00:00:00,0.0,1.0,-0.4,199.0
2025-05-27 15:23:59.282,2.8,nan,0.0,0.2,00:00:00,0.0,1.0,-0.5,199.0
2025-05-27 15:24:00.285,2.7,nan,0.0,0.1,00:00:00,0.0,1.1,-0.4,199.0
2025-05-27 15:24:01.286,2.7,nan,0.0,0.1,00:00:00,0.0,1.1,-0.3,199.0
2025-05-27 15:24:02.285,2.8,nan,0.0,0.1,00:00:00,0.0,1.1,-0.3,199.0
2025-05-27 15:24:03.285,2.7,nan,0.0,0.2,00:00:00,0.0,1.0,-0.3,199.0
2025-05-27 15:24:04.282,2.8,nan,0.0,0.2,00:00:00,0.0,1.0,-0.4,199.0
2025-05-27 15:24:05.285,2.8,nan,0.0,0.2,00:00:00,0.0,1.0,-0.4,199.0
2025-05-27 15:24:06.285,2.8,nan,0.0,0.2,00:00:00,0.0,0.9,-0.4,199.0
2025-05-27 15:24:07.283,2.8,nan,0.0,0.2,00:00:00,0.0,0.9,-0.5,200.0
2025-05-27 15:24:08.284,2.8,nan,0.0,0.1,00:00:00,0.0,0.8,-0.7,199.0
2025-05-27 15:24:09.282,2.8,nan,0.0,0.1,00:00:00,0.0,0.8,-0.7,199.0
2025-05-27 15:24:10.283,2.7,nan,0.0,0.1,00:00:00,0.0,0.9,-0.7,200.0
2025-05-27 15:24:11.282,2.7,nan,0.0,0.1,00:00:00,0.0,0.9,-0.7,200.0
2025-05-27 15:24:12.285,2.8,nan,0.0,0.1,00:00:00,0.0,0.9,-0.7,200.0
2025-05-27 15:24:13.283,2.8,nan,0.0,0.1,00:00:00,0.0,1.0,-0.7,200.0
2025-05-27 15:24:14.281,2.8,nan,0.0,0.1,00:00:00,0.0,0.9,-0.7,200.0
2025-05-27 15:24:15.283,2.8,nan,0.0,0.1,00:00:00,0.0,0.9,-0.7,200.0
2025-05-27 15:24:16.285,2.8,nan,0.0,0.1,00:00:00,0.0,0.9,-0.6,200.0
2025-05-27 15:24:17.285,2.8,nan,0.0,0.1,00:00:00,0.0,0.8,-0.6,200.0
2025-05-27 15:24:18.282,2.8,nan,0.0,0.1,00:00:00,0.0,0.8,-0.7,200.0
2025-05-27 15:24:19.285,2.7,nan,0.0,0.1,00:00:00,0.0,0.8,-0.6,200.0
2025-05-27 15:24:20.285,2.7,nan,0.0,0.1,00:00:00,0.0,0.8,-0.7,200.0
2025-05-27 15:24:21.285,2.8,nan,0.0,0.1,00:00:00,0.0,0.8,-0.7,200.0
2025-05-27 15:24:22.283,2.9,nan,0.0,0.1,00:00:00,0.0,0.8,-0.7,200.0
2025-05-27 15:24:23.284,2.9,nan,0.0,0.1,00:00:00,0.0,0.8,-0.6,200.0
2025-05-27 15:24:24.285,2.9,nan,0.0,0.1,00:00:00,0.0,0.8,-0.5,200.0
2025-05-27 15:24:25.285,2.9,nan,0.0,0.1,00:00:00,0.0,0.9,-0.4,200.0
2025-05-27 15:24:26.283,2.9,nan,0.0,0.1,00:00:00,0.0,0.8,-0.4,200.0
2025-05-27 15:24:27.283,2.8,nan,0.0,0.0,00:00:00,0.0,0.8,-0.4,200.0
2025-05-27 15:24:28.286,2.8,nan,0.0,0.0,00:00:00,0.0,0.7,-0.5,200.0
2025-05-27 15:24:29.282,2.8,nan,0.0,0.0,00:00:00,0.0,0.8,-0.5,200.0
2025-05-27 15:24:30.284,2.8,nan,0.0,0.0,00:00:00,0.0,0.9,-0.4,200.0
2025-05-27 15:24:31.285,2.8,nan,0.0,0.0,00:00:00,0.0,0.9,-0.4,200.0
2025-05-27 15:24:32.286,2.8,nan,0.0,0.0,00:00:00,0.0,0.9,-0.4,200.0
2025-05-27 15:24:33.281,2.8,nan,0.0,0.0,00:00:00,0.0,0.9,-0.4,200.0
2025-05-27 15:24:34.284,2.8,nan,0.0,0.0,00:00:00,0.0,0.9,-0.4,200.0
2025-05-27 15:24:35.284,2.8,nan,0.0,0.0,00:00:00,0.0,0.9,-0.4,200.0
2025-05-27 15:24:36.285,2.8,nan,0.0,0.0,00:00:00,0.0,0.9,-0.4,200.0
