2025-05-27 12:38:19.649,1.9,nan,-0.1,0.2,00:00:00,0.0,0.6,-0.6,244.0
2025-05-27 12:38:20.642,1.9,nan,-0.1,0.2,00:00:00,0.0,0.6,-0.6,244.0
2025-05-27 12:38:21.645,2.0,nan,-0.1,0.2,00:00:00,0.0,0.6,-0.6,243.0
2025-05-27 12:38:22.642,2.2,nan,-0.0,0.2,00:00:00,0.0,0.7,-0.6,243.0
2025-05-27 12:38:23.641,1.4,nan,-0.0,0.2,00:00:00,0.0,0.6,-0.6,243.0
2025-05-27 12:38:24.641,1.4,nan,-0.1,0.2,00:00:00,0.0,0.6,-0.6,243.0
2025-05-27 12:38:25.643,2.4,nan,-0.1,0.2,00:00:00,0.0,0.7,-0.6,243.0
2025-05-27 12:38:26.646,1.7,nan,-0.0,0.2,00:00:00,0.0,0.7,-0.6,243.0
2025-05-27 12:38:27.644,2.1,nan,-0.1,0.1,00:00:00,0.0,0.8,-0.6,243.0
2025-05-27 12:38:28.642,2.1,nan,-0.0,0.1,00:00:00,0.0,0.7,-0.6,243.0
2025-05-27 12:38:29.641,2.0,nan,-0.0,0.1,00:00:00,0.0,0.7,-0.6,243.0
2025-05-27 12:38:30.641,2.9,nan,0.0,0.2,00:00:00,0.0,0.7,-0.7,243.0
2025-05-27 12:38:31.698,1.8,nan,-0.0,0.2,00:00:00,0.0,0.7,-0.7,243.0
2025-05-27 12:38:32.648,2.2,nan,-0.0,0.2,00:00:00,0.0,0.8,-0.7,243.0
2025-05-27 12:38:33.681,1.9,nan,-0.0,0.2,00:00:00,0.0,0.8,-0.7,243.0
2025-05-27 12:38:34.644,2.7,nan,0.0,0.2,00:00:00,0.0,0.8,-0.7,243.0
2025-05-27 12:38:35.651,2.1,nan,-0.0,0.2,00:00:00,0.0,0.8,-0.7,243.0
2025-05-27 12:38:36.641,1.5,nan,-0.0,0.2,00:00:00,0.0,0.8,-0.6,243.0
2025-05-27 12:38:37.646,2.4,nan,-0.0,0.1,00:00:00,0.0,0.7,-0.6,243.0
2025-05-27 12:38:38.642,2.4,nan,-0.0,0.1,00:00:00,0.0,0.7,-0.5,243.0
2025-05-27 12:38:39.641,2.7,nan,-0.0,0.1,00:00:00,0.0,0.7,-0.5,243.0
2025-05-27 12:38:40.649,2.1,nan,-0.0,0.1,00:00:00,0.0,0.7,-0.5,243.0
2025-05-27 12:38:41.644,2.4,nan,-0.0,0.1,00:00:00,0.0,0.7,-0.5,243.0
2025-05-27 12:38:42.652,2.1,nan,-0.0,0.1,00:00:00,0.0,0.7,-0.5,243.0
2025-05-27 12:38:43.641,2.3,nan,-0.0,0.1,00:00:00,0.0,0.7,-0.5,243.0
2025-05-27 12:38:44.644,2.4,nan,-0.1,0.1,00:00:00,0.0,0.7,-0.5,243.0
2025-05-27 12:38:45.641,2.0,nan,-0.1,0.1,00:00:00,0.0,0.7,-0.5,243.0
2025-05-27 12:38:46.641,1.9,nan,-0.0,0.1,00:00:00,0.0,0.7,-0.5,243.0
2025-05-27 12:38:47.644,2.0,nan,-0.0,0.1,00:00:00,0.0,0.7,-0.6,243.0
2025-05-27 12:38:48.642,2.3,nan,-0.1,0.1,00:00:00,0.0,0.7,-0.6,243.0
2025-05-27 12:38:49.645,2.3,nan,-0.1,0.1,00:00:00,0.0,0.7,-0.6,243.0
2025-05-27 12:38:50.641,2.7,nan,-0.1,0.1,00:00:00,0.0,0.7,-0.6,243.0
2025-05-27 12:38:51.641,2.4,nan,-0.1,0.1,00:00:00,0.0,0.7,-0.6,243.0
2025-05-27 12:38:52.641,2.5,nan,-0.1,0.1,00:00:00,0.0,0.6,-0.7,243.0
2025-05-27 12:38:53.641,2.1,nan,-0.1,0.2,00:00:00,0.0,0.6,-0.7,243.0
2025-05-27 12:38:54.652,2.3,nan,-0.1,0.2,00:00:00,0.0,0.6,-0.7,243.0
2025-05-27 12:38:55.652,2.0,nan,-0.1,0.2,00:00:00,0.0,0.6,-0.7,243.0
2025-05-27 12:38:56.651,2.3,nan,-0.1,0.2,00:00:00,0.0,0.6,-0.7,243.0
2025-05-27 12:38:57.642,2.7,nan,-0.1,0.2,00:00:00,0.0,0.7,-0.7,243.0
2025-05-27 12:38:58.654,2.4,nan,-0.1,0.2,00:00:00,0.0,0.8,-0.7,243.0
2025-05-27 12:38:59.646,2.2,nan,-0.1,0.2,00:00:00,0.0,0.8,-0.6,243.0
2025-05-27 12:39:00.646,2.1,nan,-0.1,0.1,00:00:00,0.0,0.8,-0.6,243.0
2025-05-27 12:39:01.652,2.1,nan,-0.1,0.1,00:00:00,0.0,0.8,-0.6,243.0
2025-05-27 12:39:02.652,2.1,nan,-0.0,0.1,00:00:00,0.0,0.8,-0.5,243.0
2025-05-27 12:39:03.643,1.8,nan,-0.0,0.1,00:00:00,0.0,0.8,-0.5,243.0
2025-05-27 12:39:04.642,2.5,nan,-0.1,0.1,00:00:00,0.0,0.8,-0.5,243.0
2025-05-27 12:39:05.646,1.2,nan,-0.1,0.1,00:00:00,0.0,0.8,-0.5,243.0
2025-05-27 12:39:06.642,2.0,nan,-0.1,0.1,00:00:00,0.0,0.7,-0.5,242.0
2025-05-27 12:39:07.644,2.2,nan,-0.1,0.1,00:00:00,0.0,0.8,-0.6,243.0
2025-05-27 12:39:08.641,1.9,nan,-0.1,0.1,00:00:00,0.0,0.7,-0.5,242.0
2025-05-27 12:39:09.645,2.0,nan,-0.1,0.1,00:00:00,0.0,0.7,-0.6,242.0
2025-05-27 12:39:10.642,2.4,nan,-0.1,0.1,00:00:00,0.0,0.7,-0.5,242.0
2025-05-27 12:39:11.641,2.4,nan,-0.1,0.1,00:00:00,0.0,0.7,-0.5,242.0
2025-05-27 12:39:12.647,2.1,nan,-0.1,0.1,00:00:00,0.0,0.7,-0.5,242.0
2025-05-27 12:39:13.642,2.6,nan,-0.1,0.1,00:00:00,0.0,0.7,-0.6,242.0
2025-05-27 12:39:14.641,2.7,nan,-0.1,0.1,00:00:00,0.0,0.8,-0.6,242.0
2025-05-27 12:39:15.641,2.2,nan,-0.1,0.1,00:00:00,0.0,0.8,-0.6,242.0
2025-05-27 12:39:16.642,2.0,nan,-0.1,0.1,00:00:00,0.0,0.9,-0.6,242.0
2025-05-27 12:39:17.646,2.1,nan,-0.1,0.1,00:00:00,0.0,0.9,-0.6,242.0
2025-05-27 12:39:18.641,2.0,nan,-0.1,0.1,00:00:00,0.0,0.9,-0.7,242.0
2025-05-27 12:39:19.643,2.8,nan,-0.1,0.1,00:00:00,0.0,0.8,-0.7,242.0
2025-05-27 12:39:20.641,2.0,nan,-0.0,0.1,00:00:00,0.0,0.8,-0.7,242.0
2025-05-27 12:39:21.643,2.0,nan,-0.0,0.1,00:00:00,0.0,0.8,-0.7,242.0
2025-05-27 12:39:22.645,1.9,nan,-0.0,0.1,00:00:00,0.0,0.8,-0.7,242.0
2025-05-27 12:39:23.648,2.4,nan,-0.0,0.1,00:00:00,0.0,0.8,-0.7,242.0
2025-05-27 12:39:24.653,2.0,nan,-0.1,0.1,00:00:00,0.0,0.8,-0.7,242.0
2025-05-27 12:39:25.642,2.1,nan,-0.1,0.1,00:00:00,0.0,0.8,-0.6,242.0
2025-05-27 12:39:26.641,1.9,nan,-0.1,0.1,00:00:00,0.0,0.8,-0.6,242.0
2025-05-27 12:39:27.641,1.8,nan,-0.1,0.1,00:00:00,0.0,0.8,-0.6,242.0
2025-05-27 12:39:28.644,1.6,nan,-0.1,0.1,00:00:00,0.0,0.8,-0.6,242.0
2025-05-27 12:39:29.644,2.3,nan,-0.1,0.1,00:00:00,0.0,0.8,-0.6,242.0
2025-05-27 12:39:30.649,1.7,nan,-0.1,0.1,00:00:00,0.0,0.7,-0.6,242.0
2025-05-27 12:39:31.655,1.6,nan,-0.1,0.1,00:00:00,0.0,0.7,-0.6,242.0
2025-05-27 12:39:32.641,2.4,nan,-0.1,0.1,00:00:00,0.0,0.8,-0.6,243.0
2025-05-27 12:39:33.646,1.9,nan,-0.1,0.1,00:00:00,0.0,0.7,-0.7,243.0
2025-05-27 12:39:34.641,2.3,nan,-0.0,0.1,00:00:00,0.0,0.8,-0.6,243.0
2025-05-27 12:39:35.645,1.9,nan,-0.0,0.1,00:00:00,0.0,0.8,-0.6,243.0
2025-05-27 12:39:36.646,2.2,nan,-0.0,0.1,00:00:00,0.0,0.8,-0.6,243.0
2025-05-27 12:39:37.645,2.2,nan,-0.0,0.1,00:00:00,0.0,0.9,-0.6,243.0
2025-05-27 12:39:38.641,2.1,nan,-0.0,0.1,00:00:00,0.0,0.9,-0.6,243.0
2025-05-27 12:39:39.642,2.0,nan,-0.0,0.1,00:00:00,0.0,0.9,-0.6,243.0
2025-05-27 12:39:40.650,2.2,nan,-0.0,0.1,00:00:00,0.0,0.9,-0.5,243.0
2025-05-27 12:39:41.644,2.1,nan,-0.0,0.1,00:00:00,0.0,0.9,-0.6,243.0
2025-05-27 12:39:42.648,1.9,nan,-0.0,0.1,00:00:00,0.0,0.9,-0.6,243.0
2025-05-27 12:39:43.654,2.3,nan,-0.0,0.1,00:00:00,0.0,0.9,-0.6,243.0
2025-05-27 12:39:44.645,2.3,nan,-0.0,0.1,00:00:00,0.0,0.9,-0.6,243.0
2025-05-27 12:39:45.650,2.0,nan,-0.0,0.1,00:00:00,0.0,0.8,-0.7,243.0
2025-05-27 12:39:46.641,2.4,nan,-0.0,0.1,00:00:00,0.0,0.8,-0.6,243.0
2025-05-27 12:39:47.641,2.1,nan,-0.0,0.1,00:00:00,0.0,0.8,-0.6,243.0
2025-05-27 12:39:48.645,3.1,nan,-0.0,0.1,00:00:00,0.0,0.7,-0.6,243.0
2025-05-27 12:39:49.644,2.0,nan,-0.0,0.1,00:00:00,0.0,0.7,-0.5,242.0
2025-05-27 12:39:50.651,1.9,nan,-0.0,0.1,00:00:00,0.0,0.7,-0.6,242.0
2025-05-27 12:39:51.641,2.5,nan,-0.0,0.1,00:00:00,0.0,0.8,-0.6,242.0
2025-05-27 12:39:52.652,2.9,nan,-0.0,0.1,00:00:00,0.0,0.8,-0.6,242.0
2025-05-27 12:39:53.646,1.6,nan,-0.0,0.1,00:00:00,0.0,0.8,-0.7,243.0
2025-05-27 12:39:54.652,2.2,nan,-0.0,0.1,00:00:00,0.0,0.8,-0.7,243.0
2025-05-27 12:39:55.641,2.5,nan,-0.1,0.1,00:00:00,0.0,0.8,-0.6,243.0
2025-05-27 12:39:56.641,1.5,nan,-0.1,0.1,00:00:00,0.0,0.8,-0.6,243.0
2025-05-27 12:39:57.644,2.3,nan,-0.1,0.1,00:00:00,0.0,0.7,-0.6,243.0
2025-05-27 12:39:58.643,1.7,nan,-0.1,0.1,00:00:00,0.0,0.7,-0.6,243.0
2025-05-27 12:39:59.641,2.2,nan,-0.1,0.1,00:00:00,0.0,0.7,-0.5,243.0
2025-05-27 12:40:00.645,1.7,nan,-0.1,0.1,00:00:00,0.0,0.7,-0.5,243.0
2025-05-27 12:40:01.645,2.0,nan,-0.1,0.1,00:00:00,0.0,0.7,-0.5,243.0
2025-05-27 12:40:02.645,2.2,nan,-0.1,0.1,00:00:00,0.0,0.7,-0.5,243.0
2025-05-27 12:40:03.641,1.7,nan,-0.1,0.1,00:00:00,0.0,0.7,-0.5,243.0
2025-05-27 12:40:04.644,2.8,nan,-0.0,0.1,00:00:00,0.0,0.6,-0.5,243.0
2025-05-27 12:40:05.642,1.6,nan,-0.0,0.1,00:00:00,0.0,0.7,-0.5,243.0
2025-05-27 12:40:06.651,2.5,nan,-0.0,0.1,00:00:00,0.0,0.7,-0.6,243.0
2025-05-27 12:40:07.650,2.3,nan,-0.0,0.1,00:00:00,0.0,0.7,-0.6,243.0
2025-05-27 12:40:08.642,1.9,nan,-0.0,0.1,00:00:00,0.0,0.8,-0.6,243.0
2025-05-27 12:40:09.641,2.5,nan,-0.0,0.1,00:00:00,0.0,0.9,-0.6,243.0
2025-05-27 12:40:10.641,1.9,nan,-0.0,0.1,00:00:00,0.0,0.9,-0.6,243.0
2025-05-27 12:40:11.656,1.8,nan,-0.0,0.1,00:00:00,0.0,0.9,-0.6,243.0
2025-05-27 12:40:12.645,2.1,nan,-0.0,0.1,00:00:00,0.0,1.0,-0.6,243.0
2025-05-27 12:40:13.645,2.1,nan,-0.0,0.1,00:00:00,0.0,1.0,-0.6,243.0
2025-05-27 12:40:14.641,2.1,nan,-0.0,0.1,00:00:00,0.0,0.9,-0.6,243.0
2025-05-27 12:40:15.645,2.5,nan,-0.0,0.1,00:00:00,0.0,0.9,-0.6,243.0
2025-05-27 12:40:16.641,2.0,nan,-0.0,0.1,00:00:00,0.0,0.9,-0.5,243.0
2025-05-27 12:40:17.645,1.7,nan,-0.0,0.1,00:00:00,0.0,0.9,-0.5,243.0
2025-05-27 12:40:18.641,2.5,nan,-0.0,0.1,00:00:00,0.0,0.9,-0.5,243.0
2025-05-27 12:40:19.641,2.1,nan,-0.0,0.1,00:00:00,0.0,0.8,-0.5,243.0
2025-05-27 12:40:20.643,1.8,nan,-0.0,0.1,00:00:00,0.0,0.8,-0.5,243.0
2025-05-27 12:40:21.645,2.3,nan,-0.0,0.1,00:00:00,0.0,0.7,-0.5,243.0
2025-05-27 12:40:22.651,1.9,nan,-0.1,0.1,00:00:00,0.0,0.7,-0.6,243.0
2025-05-27 12:40:23.642,1.9,nan,-0.0,0.2,00:00:00,0.0,0.7,-0.5,243.0
2025-05-27 12:40:24.644,2.1,nan,-0.0,0.2,00:00:00,0.0,0.7,-0.5,243.0
2025-05-27 12:40:25.645,2.0,nan,-0.0,0.1,00:00:00,0.0,0.7,-0.5,243.0
2025-05-27 12:40:26.641,2.1,nan,-0.0,0.1,00:00:00,0.0,0.7,-0.5,243.0
2025-05-27 12:40:27.642,2.5,nan,-0.0,0.1,00:00:00,0.0,0.7,-0.6,243.0
2025-05-27 12:40:28.641,2.1,nan,-0.0,0.1,00:00:00,0.0,0.8,-0.8,243.0
2025-05-27 12:40:29.657,2.2,nan,-0.0,0.1,00:00:00,0.0,0.8,-0.9,243.0
2025-05-27 12:40:30.659,1.8,nan,-0.0,0.1,00:00:00,0.0,0.8,-0.9,243.0
2025-05-27 12:40:31.658,2.6,nan,-0.0,0.1,00:00:00,0.0,0.8,-0.9,243.0
2025-05-27 12:40:32.659,2.4,nan,-0.0,0.1,00:00:00,0.0,0.8,-0.9,243.0
2025-05-27 12:40:33.659,2.3,nan,-0.0,0.1,00:00:00,0.0,0.8,-1.0,243.0
2025-05-27 12:40:34.659,1.5,nan,-0.0,0.1,00:00:00,0.0,0.8,-0.9,243.0
2025-05-27 12:40:35.659,2.2,nan,-0.0,0.1,00:00:00,0.0,0.9,-0.7,243.0
2025-05-27 12:40:36.658,2.3,nan,-0.0,0.1,00:00:00,0.0,0.9,-0.6,243.0
2025-05-27 12:40:37.658,2.6,nan,-0.0,0.1,00:00:00,0.0,0.8,-0.6,243.0
2025-05-27 12:40:38.659,2.3,nan,-0.1,0.1,00:00:00,0.0,0.8,-0.6,243.0
2025-05-27 12:40:39.659,2.0,nan,-0.1,0.1,00:00:00,0.0,0.7,-0.7,243.0
2025-05-27 12:40:40.657,2.5,nan,-0.1,0.1,00:00:00,0.0,0.7,-0.6,243.0
2025-05-27 12:40:41.660,2.3,nan,-0.1,0.1,00:00:00,0.0,0.7,-0.9,243.0
2025-05-27 12:40:42.658,2.2,nan,-0.1,0.2,00:00:00,0.0,0.6,-0.7,243.0
2025-05-27 12:40:43.658,2.2,nan,-0.0,0.2,00:00:00,0.0,0.6,-0.7,243.0
2025-05-27 12:40:44.658,2.2,nan,-0.1,0.2,00:00:00,0.0,0.6,-0.6,243.0
2025-05-27 12:40:45.661,1.9,nan,-0.1,0.2,00:00:00,0.0,0.6,-0.7,243.0
2025-05-27 12:40:46.659,2.3,nan,-0.0,0.2,00:00:00,0.0,0.6,-0.7,243.0
2025-05-27 12:40:47.659,1.6,nan,-0.0,0.2,00:00:00,0.0,0.6,-0.7,243.0
2025-05-27 12:40:48.659,2.2,nan,-0.0,0.2,00:00:00,0.0,0.6,-0.6,243.0
2025-05-27 12:40:49.659,2.5,nan,-0.0,0.2,00:00:00,0.0,0.6,-0.6,243.0
2025-05-27 12:40:50.657,2.2,nan,-0.0,0.2,00:00:00,0.0,0.5,-0.6,243.0
2025-05-27 12:40:51.657,1.9,nan,-0.0,0.2,00:00:00,0.0,0.5,-0.6,243.0
2025-05-27 12:40:52.657,2.4,nan,-0.0,0.2,00:00:00,0.0,0.6,-0.5,243.0
2025-05-27 12:40:53.657,1.7,nan,-0.0,0.1,00:00:00,0.0,0.6,-0.6,243.0
2025-05-27 12:40:54.659,1.8,nan,-0.1,0.1,00:00:00,0.0,0.7,-0.6,243.0
2025-05-27 12:40:55.658,1.5,nan,-0.1,0.1,00:00:00,0.0,0.7,-0.6,243.0
2025-05-27 12:40:56.656,2.6,nan,-0.1,0.1,00:00:00,0.0,0.7,-0.6,243.0
2025-05-27 12:40:57.659,2.1,nan,-0.1,0.1,00:00:00,0.0,0.8,-0.6,243.0
2025-05-27 12:40:58.656,2.5,nan,-0.0,0.1,00:00:00,0.0,0.8,-0.7,243.0
2025-05-27 12:40:59.659,1.8,nan,-0.1,0.1,00:00:00,0.0,0.8,-0.6,244.0
2025-05-27 12:41:00.658,2.1,nan,-0.1,0.1,00:00:00,0.0,0.8,-0.6,244.0
2025-05-27 12:41:01.657,2.0,nan,-0.0,0.1,00:00:00,0.0,0.8,-0.6,244.0
2025-05-27 12:41:02.659,2.1,nan,-0.0,0.1,00:00:00,0.0,0.9,-0.6,244.0
2025-05-27 12:41:03.659,1.6,nan,-0.0,0.1,00:00:00,0.0,1.0,-0.7,244.0
2025-05-27 12:41:04.658,2.1,nan,-0.1,0.1,00:00:00,0.0,1.1,-0.7,244.0
2025-05-27 12:41:05.658,2.3,nan,-0.0,0.1,00:00:00,0.0,1.0,-0.6,244.0
2025-05-27 12:41:06.660,1.7,nan,-0.0,0.1,00:00:00,0.0,1.0,-0.6,244.0
2025-05-27 12:41:07.658,2.1,nan,-0.0,0.1,00:00:00,0.0,0.9,-0.7,244.0
2025-05-27 12:41:08.661,2.1,nan,-0.0,0.1,00:00:00,0.0,0.9,-0.6,244.0
2025-05-27 12:41:09.658,2.7,nan,-0.1,0.1,00:00:00,0.0,0.9,-0.6,244.0
2025-05-27 12:41:10.660,2.5,nan,-0.0,0.1,00:00:00,0.0,0.9,-0.6,244.0
2025-05-27 12:41:11.660,2.5,nan,-0.0,0.1,00:00:00,0.0,1.0,-0.6,244.0
2025-05-27 12:41:12.659,1.5,nan,-0.0,0.1,00:00:00,0.0,1.0,-0.6,244.0
2025-05-27 12:41:13.657,1.8,nan,-0.0,0.1,00:00:00,0.0,0.9,-0.6,244.0
2025-05-27 12:41:14.659,1.8,nan,-0.0,0.1,00:00:00,0.0,0.9,-0.6,244.0
2025-05-27 12:41:15.659,1.8,nan,-0.0,0.1,00:00:00,0.0,0.9,-0.7,244.0
2025-05-27 12:41:16.660,2.3,nan,-0.0,0.1,00:00:00,0.0,0.9,-0.7,244.0
2025-05-27 12:41:17.660,2.0,nan,-0.0,0.1,00:00:00,0.0,0.8,-0.7,244.0
2025-05-27 12:41:18.657,1.9,nan,-0.0,0.1,00:00:00,0.0,0.8,-0.7,244.0
2025-05-27 12:41:19.660,2.3,nan,-0.1,0.1,00:00:00,0.0,0.8,-0.7,244.0
2025-05-27 12:41:20.658,2.3,nan,-0.0,0.1,00:00:00,0.0,0.8,-0.7,244.0
2025-05-27 12:41:21.659,2.2,nan,-0.0,0.1,00:00:00,0.0,0.8,-0.7,244.0
2025-05-27 12:41:22.659,2.1,nan,-0.0,0.1,00:00:00,0.0,0.9,-0.6,244.0
2025-05-27 12:41:23.659,2.0,nan,-0.0,0.1,00:00:00,0.0,0.9,-0.6,244.0
2025-05-27 12:41:24.659,1.2,nan,-0.0,0.1,00:00:00,0.0,0.9,-0.6,244.0
2025-05-27 12:41:25.660,2.2,nan,-0.0,0.1,00:00:00,0.0,0.9,-0.6,245.0
2025-05-27 12:41:26.660,1.8,nan,-0.0,0.1,00:00:00,0.0,0.9,-0.7,245.0
2025-05-27 12:41:27.657,2.3,nan,-0.0,0.1,00:00:00,0.0,0.9,-0.7,245.0
2025-05-27 12:41:28.658,1.7,nan,-0.0,0.1,00:00:00,0.0,0.9,-0.7,245.0
2025-05-27 12:41:29.660,1.8,nan,-0.0,0.1,00:00:00,0.0,0.8,-0.7,245.0
2025-05-27 12:41:30.658,2.1,nan,-0.0,0.1,00:00:00,0.0,0.8,-0.7,245.0
2025-05-27 12:41:31.660,1.5,nan,-0.0,0.1,00:00:00,0.0,0.8,-0.7,245.0
2025-05-27 12:41:32.659,1.2,nan,-0.0,0.1,00:00:00,0.0,0.7,-0.7,245.0
2025-05-27 12:41:33.659,1.9,nan,-0.0,0.1,00:00:00,0.0,0.7,-0.6,245.0
2025-05-27 12:41:34.658,1.6,nan,-0.0,0.1,00:00:00,0.0,0.7,-0.7,245.0
2025-05-27 12:41:35.659,1.5,nan,-0.0,0.1,00:00:00,0.0,0.7,-0.6,245.0
2025-05-27 12:41:36.658,2.1,nan,-0.0,0.1,00:00:00,0.0,0.7,-0.7,245.0
2025-05-27 12:41:37.658,1.9,nan,-0.0,0.1,00:00:00,0.0,0.8,-0.6,245.0
2025-05-27 12:41:38.657,1.4,nan,-0.0,0.1,00:00:00,0.0,0.8,-0.6,245.0
2025-05-27 12:41:39.659,1.6,nan,-0.0,0.1,00:00:00,0.0,0.9,-0.6,245.0
2025-05-27 12:41:40.659,2.0,nan,-0.0,0.1,00:00:00,0.0,1.0,-0.7,245.0
2025-05-27 12:41:41.659,2.0,nan,-0.0,0.1,00:00:00,0.0,1.0,-0.7,245.0
2025-05-27 12:41:42.659,2.5,nan,-0.0,0.1,00:00:00,0.0,1.0,-0.7,245.0
2025-05-27 12:41:43.658,2.1,nan,-0.0,0.1,00:00:00,0.0,1.0,-0.7,245.0
2025-05-27 12:41:44.659,1.5,nan,-0.0,0.1,00:00:00,0.0,1.0,-0.7,245.0
2025-05-27 12:41:45.660,2.0,nan,-0.0,0.1,00:00:00,0.0,1.0,-0.7,245.0
2025-05-27 12:41:46.660,2.1,nan,-0.0,0.1,00:00:00,0.0,1.1,-0.7,245.0
2025-05-27 12:41:47.660,2.5,nan,-0.0,0.1,00:00:00,0.0,1.0,-0.7,245.0
2025-05-27 12:41:48.660,2.3,nan,0.0,0.1,00:00:00,0.0,1.0,-0.7,245.0
2025-05-27 12:41:49.659,1.8,nan,0.0,0.1,00:00:00,0.0,1.0,-0.6,245.0
2025-05-27 12:41:50.658,2.5,nan,0.0,0.1,00:00:00,0.0,1.0,-0.6,245.0
2025-05-27 12:41:51.658,1.5,nan,0.0,0.1,00:00:00,0.0,0.9,-0.6,245.0
2025-05-27 12:41:52.661,2.4,nan,0.0,0.1,00:00:00,0.0,0.9,-0.6,245.0
2025-05-27 12:41:53.658,2.0,nan,-0.0,0.1,00:00:00,0.0,0.8,-0.6,245.0
2025-05-27 12:41:54.659,1.7,nan,-0.0,0.1,00:00:00,0.0,0.7,-0.6,245.0
2025-05-27 12:41:55.658,1.7,nan,-0.0,0.1,00:00:00,0.0,0.7,-0.5,245.0
2025-05-27 12:41:56.660,2.0,nan,-0.0,0.1,00:00:00,0.0,0.7,-0.5,245.0
2025-05-27 12:41:57.658,2.0,nan,-0.1,0.1,00:00:00,0.0,0.7,-0.5,245.0
2025-05-27 12:41:58.658,2.1,nan,-0.0,0.1,00:00:00,0.0,0.7,-0.5,245.0
2025-05-27 12:41:59.658,1.7,nan,-0.0,0.1,00:00:00,0.0,0.7,-0.5,245.0
2025-05-27 12:42:00.658,1.5,nan,-0.0,0.1,00:00:00,0.0,0.8,-0.5,245.0
2025-05-27 12:42:01.656,2.1,nan,-0.1,0.1,00:00:00,0.0,0.8,-0.5,245.0
2025-05-27 12:42:02.658,1.5,nan,-0.1,0.1,00:00:00,0.0,0.8,-0.6,245.0
2025-05-27 12:42:03.658,1.7,nan,-0.1,0.1,00:00:00,0.0,0.8,-0.6,245.0
2025-05-27 12:42:04.658,1.8,nan,-0.1,0.1,00:00:00,0.0,0.9,-0.6,245.0
2025-05-27 12:42:05.659,1.7,nan,-0.1,0.1,00:00:00,0.0,0.9,-0.6,245.0
2025-05-27 12:42:06.658,1.4,nan,-0.1,0.1,00:00:00,0.0,0.8,-0.6,245.0
2025-05-27 12:42:07.660,1.8,nan,-0.1,0.1,00:00:00,0.0,0.9,-0.6,245.0
2025-05-27 12:42:08.657,1.9,nan,-0.0,0.1,00:00:00,0.0,0.9,-0.5,246.0
2025-05-27 12:42:09.658,2.0,nan,-0.0,0.0,00:00:00,0.0,1.0,-0.6,246.0
2025-05-27 12:42:10.659,1.8,nan,-0.0,0.0,00:00:00,0.0,1.0,-0.6,246.0
2025-05-27 12:42:11.658,2.2,nan,-0.0,0.1,00:00:00,0.0,0.9,-0.6,246.0
2025-05-27 12:42:12.659,2.5,nan,0.0,0.1,00:00:00,0.0,0.9,-0.6,246.0
2025-05-27 12:42:13.659,2.1,nan,0.0,0.1,00:00:00,0.0,0.9,-0.6,246.0
2025-05-27 12:42:14.660,1.5,nan,0.0,0.1,00:00:00,0.0,0.9,-0.6,246.0
2025-05-27 12:42:15.659,2.1,nan,0.0,0.1,00:00:00,0.0,1.0,-0.5,246.0
2025-05-27 12:42:16.657,1.9,nan,0.0,0.1,00:00:00,0.0,0.9,-0.5,246.0
2025-05-27 12:42:17.660,2.2,nan,0.0,0.0,00:00:00,0.0,0.8,-0.5,246.0
2025-05-27 12:42:18.658,2.2,nan,0.0,0.0,00:00:00,0.0,0.9,-0.5,246.0
2025-05-27 12:42:19.658,1.8,nan,0.0,0.0,00:00:00,0.0,0.9,-0.5,246.0
2025-05-27 12:42:20.659,2.6,nan,0.0,0.0,00:00:00,0.0,1.0,-0.6,246.0
2025-05-27 12:42:21.660,2.0,nan,0.0,0.0,00:00:00,0.0,1.1,-0.6,246.0
2025-05-27 12:42:22.658,2.3,nan,0.0,0.1,00:00:00,0.0,1.1,-0.6,246.0
2025-05-27 12:42:23.659,2.0,nan,0.0,0.1,00:00:00,0.0,1.2,-0.6,246.0
2025-05-27 12:42:24.659,2.1,nan,-0.0,0.1,00:00:00,0.0,1.2,-0.6,246.0
2025-05-27 12:42:25.660,1.3,nan,-0.0,0.1,00:00:00,0.0,1.2,-0.6,246.0
2025-05-27 12:42:26.657,2.8,nan,-0.0,0.1,00:00:00,0.0,1.2,-0.6,246.0
2025-05-27 12:42:27.659,1.7,nan,-0.1,0.1,00:00:00,0.0,1.2,-0.7,246.0
2025-05-27 12:42:28.658,2.6,nan,-0.1,0.1,00:00:00,0.0,1.1,-0.6,246.0
2025-05-27 12:42:29.659,2.7,nan,-0.1,0.1,00:00:00,0.0,1.1,-0.6,246.0
2025-05-27 12:42:30.659,1.9,nan,-0.0,0.1,00:00:00,0.0,1.1,-0.6,246.0
2025-05-27 12:42:31.658,1.9,nan,-0.0,0.1,00:00:00,0.0,1.2,-0.7,246.0
2025-05-27 12:42:32.659,2.2,nan,-0.0,0.1,00:00:00,0.0,1.2,-0.7,246.0
2025-05-27 12:42:33.659,1.8,nan,-0.0,0.1,00:00:00,0.0,1.3,-0.8,246.0
2025-05-27 12:42:34.659,1.6,nan,-0.0,0.2,00:00:00,0.0,1.2,-0.7,246.0
2025-05-27 12:42:35.657,1.3,nan,-0.0,0.2,00:00:00,0.0,1.2,-0.7,246.0
2025-05-27 12:42:36.660,1.9,nan,-0.0,0.1,00:00:00,0.0,1.2,-0.7,247.0
2025-05-27 12:42:37.659,1.1,nan,-0.0,0.1,00:00:00,0.0,1.2,-0.7,247.0
2025-05-27 12:42:38.660,2.4,nan,-0.1,0.1,00:00:00,0.0,1.2,-0.7,247.0
2025-05-27 12:42:39.659,1.9,nan,-0.0,0.1,00:00:00,0.0,1.2,-0.8,247.0
2025-05-27 12:42:40.658,2.3,nan,-0.1,0.2,00:00:00,0.0,1.2,-0.8,247.0
2025-05-27 12:42:41.659,1.8,nan,-0.0,0.2,00:00:00,0.0,1.2,-0.8,247.0
2025-05-27 12:42:42.660,2.4,nan,-0.0,0.2,00:00:00,0.0,1.1,-0.7,247.0
2025-05-27 12:42:43.659,2.6,nan,-0.0,0.1,00:00:00,0.0,1.1,-0.7,247.0
2025-05-27 12:42:44.658,0.0,0.0,-0.0,0.1,00:00:00,0.0,1.1,-0.6,247.0
2025-05-27 12:42:45.660,-0.1,0.2,-0.0,0.1,00:00:00,0.0,1.1,-0.6,247.0
2025-05-27 12:42:46.656,-0.0,0.3,-0.0,0.1,00:00:00,0.0,1.1,-0.6,247.0
2025-05-27 12:42:47.659,0.0,0.4,0.0,0.1,00:00:00,0.0,1.1,-0.7,247.0
2025-05-27 12:42:48.662,0.0,0.5,0.0,0.1,00:00:00,0.0,1.2,-0.8,247.0
2025-05-27 12:42:49.659,0.0,0.6,0.0,0.1,00:00:00,0.0,1.3,-0.8,247.0
2025-05-27 12:42:50.660,0.1,0.7,0.0,0.2,00:00:00,0.0,1.2,-0.8,247.0
2025-05-27 12:42:51.659,0.1,0.8,0.0,0.2,00:00:00,0.0,1.2,-0.8,247.0
2025-05-27 12:42:52.659,0.2,0.9,0.0,0.2,00:00:00,0.0,1.2,-0.8,247.0
2025-05-27 12:42:53.660,0.2,0.6,0.0,0.2,00:00:00,0.0,1.2,-0.7,247.0
2025-05-27 12:42:54.661,0.2,0.4,0.0,0.3,00:00:00,0.0,1.3,-0.7,247.0
2025-05-27 12:42:55.660,0.2,0.3,0.0,0.3,00:00:00,0.0,1.2,-0.7,247.0
2025-05-27 12:42:56.659,0.2,0.6,0.0,0.3,00:00:00,0.0,1.1,-0.7,247.0
2025-05-27 12:42:57.659,0.2,1.0,0.0,0.4,00:00:00,0.0,1.1,-0.6,247.0
2025-05-27 12:42:58.658,0.1,1.7,0.0,0.4,00:00:00,0.0,1.1,-0.6,247.0
2025-05-27 12:42:59.659,0.0,2.5,-0.0,0.4,00:00:00,0.0,1.1,-0.5,247.0
2025-05-27 12:43:00.660,0.1,3.2,-0.0,0.4,00:00:00,0.0,1.0,-0.5,247.0
2025-05-27 12:43:01.660,0.1,3.8,0.0,0.4,00:00:00,0.0,0.9,-0.5,247.0
2025-05-27 12:43:02.659,0.1,4.3,0.0,0.3,00:00:00,0.0,0.8,-0.4,247.0
2025-05-27 12:43:03.660,0.1,4.7,0.0,0.2,00:00:00,0.0,0.7,-0.3,247.0
2025-05-27 12:43:04.659,0.1,5.0,0.0,0.2,00:00:00,0.0,0.6,-0.4,247.0
2025-05-27 12:43:05.658,0.1,5.2,0.0,0.1,00:00:00,0.0,0.6,-0.4,247.0
2025-05-27 12:43:06.660,0.0,5.5,0.0,0.1,00:00:00,0.0,0.6,-0.4,247.0
2025-05-27 12:43:07.657,0.0,5.7,0.0,0.0,00:00:00,0.0,0.5,-0.4,247.0
2025-05-27 12:43:08.659,0.1,5.8,0.0,0.1,00:00:00,0.0,0.6,-0.6,247.0
2025-05-27 12:43:09.658,0.1,5.8,0.0,0.1,00:00:00,0.0,0.6,-0.6,247.0
2025-05-27 12:43:10.660,0.1,5.9,0.0,0.1,00:00:00,0.0,0.7,-0.7,247.0
2025-05-27 12:43:11.659,0.1,6.0,0.0,0.1,00:00:00,0.0,0.8,-0.8,247.0
2025-05-27 12:43:12.659,0.1,6.0,0.0,0.1,00:00:00,0.0,0.8,-0.8,247.0
2025-05-27 12:43:13.659,0.2,5.9,0.1,0.1,00:00:00,0.0,0.8,-0.8,247.0
2025-05-27 12:43:14.659,0.2,6.0,0.0,0.1,00:00:00,0.0,0.9,-0.8,247.0
2025-05-27 12:43:15.659,0.1,6.3,0.0,0.0,00:00:00,0.0,0.9,-0.7,247.0
2025-05-27 12:43:16.659,0.2,6.4,0.0,0.1,00:00:00,0.0,0.9,-0.8,247.0
2025-05-27 12:43:17.659,0.2,6.6,0.0,0.1,00:00:00,0.0,0.9,-0.8,247.0
2025-05-27 12:43:18.658,0.2,6.7,0.0,0.1,00:00:00,0.0,0.9,-0.7,247.0
2025-05-27 12:43:19.658,0.2,6.7,0.0,0.0,00:00:00,0.0,0.9,-0.7,247.0
2025-05-27 12:43:20.658,0.2,6.7,0.0,0.0,00:00:00,0.0,0.9,-0.6,247.0
2025-05-27 12:43:21.659,0.2,6.7,0.0,0.0,00:00:00,0.0,0.9,-0.7,247.0
2025-05-27 12:43:22.660,0.2,6.6,0.0,0.1,00:00:00,0.0,0.9,-0.7,247.0
2025-05-27 12:43:23.661,0.2,6.6,0.0,0.1,00:00:00,0.0,0.9,-0.6,247.0
2025-05-27 12:43:24.660,0.1,6.5,0.0,0.1,00:00:00,0.0,0.9,-0.7,247.0
2025-05-27 12:43:25.660,0.1,6.4,0.0,0.1,00:00:00,0.0,0.9,-0.7,247.0
2025-05-27 12:43:26.658,0.1,6.4,-0.0,0.1,00:00:00,0.0,1.0,-0.7,247.0
2025-05-27 12:43:27.658,0.1,6.2,-0.0,0.2,00:00:00,0.0,0.9,-0.7,247.0
2025-05-27 12:43:28.659,0.3,6.0,0.0,0.3,00:00:00,0.0,0.9,-0.7,247.0
2025-05-27 12:43:29.657,0.3,5.8,0.1,0.3,00:00:00,0.0,0.9,-0.7,247.0
2025-05-27 12:43:30.660,0.4,5.5,0.1,0.3,00:00:00,0.0,0.9,-0.7,247.0
2025-05-27 12:43:31.657,0.4,5.4,0.1,0.3,00:00:00,0.0,0.9,-0.7,247.0
2025-05-27 12:43:32.660,0.4,5.5,0.1,0.3,00:00:00,0.0,1.0,-0.7,248.0
2025-05-27 12:43:33.661,0.3,5.6,0.0,0.2,00:00:00,0.0,1.1,-0.7,248.0
2025-05-27 12:43:34.661,0.3,5.7,0.0,0.1,00:00:00,0.0,1.2,-0.7,248.0
2025-05-27 12:43:35.660,0.4,5.8,0.0,0.1,00:00:00,0.0,1.3,-0.9,248.0
2025-05-27 12:43:36.656,0.4,6.0,0.0,0.2,00:00:00,0.0,1.4,-0.9,248.0
2025-05-27 12:43:37.660,0.3,6.3,0.0,0.3,00:00:00,0.0,1.4,-0.9,248.0
2025-05-27 12:43:38.657,0.3,6.6,-0.0,0.4,00:00:00,0.0,1.4,-0.8,248.0
2025-05-27 12:43:39.659,0.1,7.4,-0.0,0.5,00:00:00,0.0,1.5,-0.8,248.0
2025-05-27 12:43:40.657,0.1,8.0,-0.0,0.6,00:00:00,0.0,1.5,-0.7,248.0
2025-05-27 12:43:41.658,0.0,8.5,-0.0,0.6,00:00:00,0.0,1.4,-0.7,248.0
2025-05-27 12:43:42.660,0.0,9.0,-0.0,0.5,00:00:00,0.0,1.3,-0.6,248.0
2025-05-27 12:43:43.660,0.0,9.4,-0.0,0.4,00:00:00,0.0,1.1,-0.6,248.0
2025-05-27 12:43:44.660,0.0,9.7,-0.0,0.3,00:00:00,0.0,0.9,-0.6,248.0
2025-05-27 12:43:45.660,0.0,10.0,-0.0,0.2,00:00:00,0.0,0.8,-0.7,248.0
2025-05-27 12:43:46.658,-0.0,10.3,-0.0,0.1,00:00:00,0.0,0.8,-0.7,248.0
2025-05-27 12:43:47.660,-0.1,10.6,-0.0,0.1,00:00:00,0.0,0.8,-0.8,248.0
2025-05-27 12:43:48.659,-0.1,10.8,-0.0,0.1,00:00:00,0.0,0.8,-0.8,248.0
2025-05-27 12:43:49.660,-0.2,10.9,-0.0,0.0,00:00:00,0.0,0.8,-0.8,248.0
2025-05-27 12:43:50.658,-0.1,10.9,-0.0,0.1,00:00:00,0.0,0.8,-0.8,248.0
2025-05-27 12:43:51.658,-0.1,10.9,-0.0,0.2,00:00:00,0.0,0.7,-0.7,248.0
2025-05-27 12:43:52.658,-0.1,10.8,-0.0,0.3,00:00:00,0.0,0.7,-0.7,248.0
2025-05-27 12:43:53.659,-0.1,10.9,-0.0,0.2,00:00:00,0.0,0.9,-0.7,248.0
2025-05-27 12:43:54.658,-0.1,10.9,0.0,0.3,00:00:00,0.0,0.8,-0.8,248.0
2025-05-27 12:43:55.659,-0.0,10.6,-0.0,0.3,00:00:00,0.0,0.8,-0.9,248.0
2025-05-27 12:43:56.659,-0.1,10.3,-0.0,0.3,00:00:00,0.0,0.9,-1.0,248.0
2025-05-27 12:43:57.659,-0.1,10.2,0.0,0.4,00:00:00,0.0,1.1,-1.0,248.0
2025-05-27 12:43:58.659,-0.0,10.2,0.0,0.5,00:00:00,0.0,1.2,-1.1,248.0
2025-05-27 12:43:59.657,0.0,10.4,0.0,0.6,00:00:00,0.0,1.3,-1.1,248.0
2025-05-27 12:44:00.661,0.0,10.6,0.0,0.7,00:00:00,0.0,1.2,-1.0,248.0
2025-05-27 12:44:01.658,-0.1,10.5,0.0,0.7,00:00:00,0.0,1.1,-1.0,248.0
2025-05-27 12:44:02.659,-0.1,10.3,-0.0,0.7,00:00:00,0.0,1.1,-1.0,248.0
2025-05-27 12:44:03.658,-0.1,9.8,-0.0,0.7,00:00:00,0.0,1.0,-0.9,248.0
2025-05-27 12:44:04.657,-0.1,9.1,-0.0,0.7,00:00:00,0.0,1.0,-0.8,248.0
2025-05-27 12:44:05.661,-0.1,8.5,-0.0,0.5,00:00:00,0.0,0.9,-0.7,248.0
2025-05-27 12:44:06.657,-0.1,7.7,-0.0,0.4,00:00:00,0.0,0.9,-0.6,248.0
2025-05-27 12:44:07.658,-0.1,6.7,-0.0,0.5,00:00:00,0.0,0.8,-0.5,248.0
2025-05-27 12:44:08.659,-0.2,5.6,-0.0,0.5,00:00:00,0.0,0.9,-0.4,248.0
2025-05-27 12:44:09.659,-0.1,4.5,-0.0,0.5,00:00:00,0.0,1.0,-0.5,248.0
2025-05-27 12:44:10.659,-0.1,3.5,-0.0,0.7,00:00:00,0.0,0.9,-0.5,248.0
2025-05-27 12:44:11.659,-0.2,3.0,-0.1,0.8,00:00:00,0.0,0.8,-0.5,248.0
2025-05-27 12:44:12.658,-0.2,3.4,-0.0,0.8,00:00:00,0.0,0.9,-0.5,248.0
2025-05-27 12:44:13.659,-0.1,3.9,-0.0,0.8,00:00:00,0.0,1.0,-0.5,248.0
2025-05-27 12:44:14.659,-0.1,4.1,-0.0,0.6,00:00:00,0.0,1.1,-0.5,248.0
2025-05-27 12:44:15.659,-0.1,4.5,-0.0,0.7,00:00:00,0.0,1.0,-0.6,247.0
2025-05-27 12:44:16.659,-0.1,4.8,-0.0,0.6,00:00:00,0.0,1.1,-0.7,248.0
2025-05-27 12:44:17.659,-0.1,4.9,-0.0,0.6,00:00:00,0.0,1.1,-0.7,248.0
2025-05-27 12:44:18.659,-0.0,5.0,-0.0,0.6,00:00:00,0.0,1.1,-0.8,248.0
2025-05-27 12:44:19.658,-0.1,4.8,-0.0,0.6,00:00:00,0.0,1.2,-0.8,248.0
2025-05-27 12:44:20.658,-0.1,4.6,-0.0,0.6,00:00:00,0.0,1.3,-0.8,247.0
2025-05-27 12:44:21.659,-0.1,4.4,-0.0,0.5,00:00:00,0.0,1.3,-0.8,247.0
2025-05-27 12:44:22.658,-0.2,4.4,-0.0,0.5,00:00:00,0.0,1.3,-0.7,247.0
2025-05-27 12:44:23.658,-0.1,4.0,-0.0,0.4,00:00:00,0.0,1.4,-0.6,248.0
2025-05-27 12:44:24.658,0.0,3.5,-0.0,0.3,00:00:00,0.0,1.3,-0.5,248.0
2025-05-27 12:44:25.659,0.0,3.2,-0.0,0.3,00:00:00,0.0,1.3,-0.5,248.0
2025-05-27 12:44:26.656,0.0,2.9,-0.0,0.4,00:00:00,0.0,1.3,-0.5,247.0
2025-05-27 12:44:27.660,0.0,2.2,-0.0,0.6,00:00:00,0.0,1.4,-0.5,247.0
2025-05-27 12:44:28.657,0.1,2.0,-0.0,1.0,00:00:00,0.0,1.6,-0.6,247.0
2025-05-27 12:44:29.658,0.1,3.1,-0.0,1.3,00:00:00,0.0,1.7,-0.6,247.0
2025-05-27 12:44:30.662,0.1,4.4,-0.0,1.4,00:00:00,0.0,1.6,-0.6,247.0
2025-05-27 12:44:31.656,0.1,5.7,-0.0,1.5,00:00:00,0.0,1.6,-0.7,247.0
2025-05-27 12:44:32.657,0.0,7.2,-0.0,1.6,00:00:00,0.0,1.6,-0.8,247.0
2025-05-27 12:44:33.659,0.1,9.0,-0.0,1.8,00:00:00,0.0,1.6,-0.8,247.0
2025-05-27 12:44:34.662,0.1,11.1,-0.0,2.1,00:00:00,0.0,1.7,-0.9,247.0
2025-05-27 12:44:35.659,0.2,13.2,-0.0,2.0,00:00:00,0.0,1.5,-0.9,247.0
2025-05-27 12:44:36.659,0.2,13.7,-0.0,1.7,00:00:00,0.0,1.1,-1.0,247.0
2025-05-27 12:44:37.659,0.3,14.5,0.0,1.5,00:00:00,0.0,0.9,-1.1,247.0
2025-05-27 12:44:38.660,0.3,15.5,-0.0,1.4,00:00:00,0.0,0.8,-1.0,247.0
2025-05-27 12:44:39.657,0.3,16.3,-0.0,1.3,00:00:00,0.0,0.7,-1.1,247.0
2025-05-27 12:44:40.657,0.4,16.8,0.0,1.0,00:00:00,0.0,0.4,-1.1,247.0
2025-05-27 12:44:41.657,0.4,16.6,0.0,0.7,00:00:00,0.0,0.2,-0.9,247.0
2025-05-27 12:44:42.656,0.4,16.4,0.0,0.5,00:00:00,0.0,0.1,-0.8,247.0
2025-05-27 12:44:43.658,0.5,16.1,0.0,0.4,00:00:00,0.0,0.0,-0.8,247.0
2025-05-27 12:44:44.657,0.5,16.1,0.0,0.4,00:00:00,0.0,0.0,-0.8,247.0
2025-05-27 12:44:45.659,0.4,16.0,0.0,0.4,00:00:00,0.0,0.1,-0.7,247.0
2025-05-27 12:44:46.659,0.4,15.3,-0.0,0.5,00:00:00,0.0,0.1,-0.6,247.0
2025-05-27 12:44:47.660,0.4,14.1,-0.0,0.7,00:00:00,0.0,0.1,-0.6,247.0
2025-05-27 12:44:48.659,0.3,13.0,-0.0,0.7,00:00:00,0.0,0.3,-0.7,247.0
2025-05-27 12:44:49.656,0.3,12.2,-0.0,0.6,00:00:00,0.0,0.5,-0.8,247.0
2025-05-27 12:44:50.660,0.2,11.4,-0.0,0.6,00:00:00,0.0,0.5,-1.0,247.0
2025-05-27 12:44:51.657,0.1,10.5,-0.0,0.5,00:00:00,0.0,0.8,-1.1,247.0
2025-05-27 12:44:52.659,0.0,10.1,-0.1,0.5,00:00:00,0.0,1.0,-1.0,247.0
2025-05-27 12:44:53.657,-0.1,9.9,-0.1,0.5,00:00:00,0.0,1.2,-1.0,247.0
2025-05-27 12:44:54.658,-0.1,9.7,-0.1,0.5,00:00:00,0.0,1.2,-1.0,247.0
2025-05-27 12:44:55.660,-0.1,9.6,-0.1,0.6,00:00:00,0.0,1.2,-1.1,247.0
2025-05-27 12:44:56.659,-0.1,9.7,-0.1,0.7,00:00:00,0.0,1.2,-1.2,247.0
2025-05-27 12:44:57.659,-0.1,9.7,-0.1,0.8,00:00:00,0.0,1.1,-1.2,247.0
2025-05-27 12:44:58.659,-0.0,9.9,-0.0,0.7,00:00:00,0.0,1.2,-1.2,247.0
2025-05-27 12:44:59.658,0.1,10.0,-0.0,0.6,00:00:00,0.0,1.4,-1.4,247.0
2025-05-27 12:45:00.660,0.2,9.6,-0.0,0.4,00:00:00,0.0,1.3,-1.1,246.0
2025-05-27 12:45:01.659,0.3,9.3,0.0,0.3,00:00:00,0.0,1.3,-0.9,246.0
2025-05-27 12:45:02.659,0.4,9.2,0.0,0.3,00:00:00,0.0,1.2,-0.7,246.0
2025-05-27 12:45:03.661,0.5,9.4,0.1,0.4,00:00:00,0.0,1.3,-0.7,246.0
2025-05-27 12:45:04.659,0.5,10.0,0.1,0.5,00:00:00,0.0,1.3,-0.7,246.0
2025-05-27 12:45:05.659,0.6,10.7,0.1,0.7,00:00:00,0.0,1.4,-0.6,245.0
2025-05-27 12:45:06.658,0.7,11.5,0.1,0.7,00:00:00,0.0,1.3,-0.6,245.0
2025-05-27 12:45:07.660,0.7,12.5,0.1,0.7,00:00:00,0.0,1.2,-0.6,245.0
2025-05-27 12:45:08.658,0.7,13.4,0.1,0.8,00:00:00,0.0,1.1,-0.7,245.0
2025-05-27 12:45:09.660,0.6,14.1,0.1,0.7,00:00:00,0.0,1.1,-0.8,245.0
2025-05-27 12:45:10.658,0.6,15.0,0.1,0.8,00:00:00,0.0,1.1,-0.9,245.0
2025-05-27 12:45:11.658,0.6,16.0,0.0,0.8,00:00:00,0.0,1.2,-1.0,245.0
2025-05-27 12:45:12.660,0.5,16.7,0.0,0.8,00:00:00,0.0,1.1,-1.1,245.0
2025-05-27 12:45:13.660,0.3,17.2,-0.0,0.7,00:00:00,0.0,1.0,-1.1,244.0
2025-05-27 12:45:14.658,0.3,17.5,-0.0,0.5,00:00:00,0.0,0.9,-0.9,244.0
2025-05-27 12:45:15.659,0.3,17.7,-0.0,0.4,00:00:00,0.0,0.8,-0.8,244.0
2025-05-27 12:45:16.656,0.3,17.8,-0.1,0.3,00:00:00,0.0,0.7,-0.8,244.0
2025-05-27 12:45:17.659,0.2,17.6,-0.1,0.1,00:00:00,0.0,0.7,-0.9,244.0
2025-05-27 12:45:18.659,0.2,17.3,-0.1,0.1,00:00:00,0.0,0.6,-0.9,244.0
2025-05-27 12:45:19.659,0.1,17.0,-0.1,0.2,00:00:00,0.0,0.7,-1.0,244.0
2025-05-27 12:45:20.657,0.1,16.8,-0.0,0.2,00:00:00,0.0,0.8,-1.1,244.0
2025-05-27 12:45:21.658,0.1,16.6,-0.1,0.2,00:00:00,0.0,0.9,-1.0,243.0
2025-05-27 12:45:22.656,0.2,16.3,-0.0,0.2,00:00:00,0.0,0.9,-1.0,243.0
2025-05-27 12:45:23.660,0.1,16.0,-0.1,0.2,00:00:00,0.0,1.0,-1.0,243.0
2025-05-27 12:45:24.656,0.1,15.6,-0.0,0.2,00:00:00,0.0,1.0,-1.0,243.0
2025-05-27 12:45:25.659,0.1,15.5,-0.0,0.2,00:00:00,0.0,1.0,-1.1,243.0
2025-05-27 12:45:26.659,0.1,15.3,-0.0,0.3,00:00:00,0.0,1.1,-1.1,243.0
2025-05-27 12:45:27.658,0.1,15.1,-0.0,0.3,00:00:00,0.0,1.1,-1.0,243.0
2025-05-27 12:45:28.657,0.1,15.0,-0.1,0.3,00:00:00,0.0,1.2,-1.0,243.0
2025-05-27 12:45:29.659,0.0,15.0,-0.1,0.4,00:00:00,0.0,1.2,-1.0,243.0
2025-05-27 12:45:30.656,0.0,15.1,-0.1,0.4,00:00:00,0.0,1.1,-1.0,243.0
2025-05-27 12:45:31.660,0.1,15.2,-0.1,0.4,00:00:00,0.0,1.1,-0.9,243.0
2025-05-27 12:45:32.660,0.2,15.7,-0.1,0.5,00:00:00,0.0,1.2,-0.8,243.0
2025-05-27 12:45:33.659,0.2,16.0,-0.0,0.4,00:00:00,0.0,1.1,-0.8,242.0
2025-05-27 12:45:34.659,0.1,16.1,-0.1,0.4,00:00:00,0.0,1.0,-0.7,242.0
2025-05-27 12:45:35.657,0.1,16.3,-0.1,0.4,00:00:00,0.0,1.0,-0.7,242.0
2025-05-27 12:45:36.659,0.0,16.6,-0.1,0.4,00:00:00,0.0,1.0,-0.7,242.0
2025-05-27 12:45:37.660,-0.0,16.7,-0.1,0.4,00:00:00,0.0,1.0,-0.7,242.0
2025-05-27 12:45:38.657,-0.0,16.9,-0.1,0.4,00:00:00,0.0,1.0,-0.5,242.0
2025-05-27 12:45:39.656,0.0,17.1,-0.1,0.3,00:00:00,0.0,1.0,-0.5,242.0
2025-05-27 12:45:40.659,0.0,17.1,-0.1,0.3,00:00:00,0.0,0.8,-0.7,242.0
2025-05-27 12:45:41.660,0.1,17.2,-0.0,0.2,00:00:00,0.0,0.8,-0.6,242.0
2025-05-27 12:45:42.660,0.2,17.2,-0.0,0.2,00:00:00,0.0,0.8,-0.6,242.0
2025-05-27 12:45:43.659,0.3,17.1,-0.0,0.2,00:00:00,0.0,0.8,-0.7,242.0
2025-05-27 12:45:44.658,0.4,17.0,0.0,0.2,00:00:00,0.0,0.8,-0.7,242.0
2025-05-27 12:45:45.658,0.4,16.7,0.0,0.2,00:00:00,0.0,0.7,-0.7,242.0
2025-05-27 12:45:46.660,0.5,16.1,0.0,0.3,00:00:00,0.0,0.6,-0.6,241.0
2025-05-27 12:45:47.659,0.4,15.4,0.0,0.4,00:00:00,0.0,0.6,-0.5,241.0
2025-05-27 12:45:48.659,0.5,14.6,0.0,0.5,00:00:00,0.0,0.6,-0.5,241.0
2025-05-27 12:45:49.659,0.6,13.8,0.0,0.6,00:00:00,0.0,0.6,-0.5,241.0
2025-05-27 12:45:50.660,0.7,13.2,0.0,0.5,00:00:00,0.0,0.8,-0.7,241.0
2025-05-27 12:45:51.661,0.6,12.4,0.0,0.5,00:00:00,0.0,0.7,-0.7,241.0
2025-05-27 12:45:52.659,0.6,11.7,0.0,0.6,00:00:00,0.0,0.8,-0.8,241.0
2025-05-27 12:45:53.659,0.6,11.1,0.1,0.6,00:00:00,0.0,0.9,-0.9,241.0
2025-05-27 12:45:54.659,0.7,10.8,0.1,0.5,00:00:00,0.0,0.9,-0.9,241.0
2025-05-27 12:45:55.659,0.6,10.7,0.0,0.3,00:00:00,0.0,1.0,-1.0,241.0
2025-05-27 12:45:56.657,0.6,10.9,0.0,0.2,00:00:00,0.0,1.1,-1.0,241.0
2025-05-27 12:45:57.660,0.5,11.2,0.0,0.3,00:00:00,0.0,1.2,-1.0,241.0
2025-05-27 12:45:58.659,0.5,11.7,0.0,0.5,00:00:00,0.0,1.3,-1.1,241.0
2025-05-27 12:45:59.660,0.4,12.0,-0.0,0.7,00:00:00,0.0,1.4,-1.2,241.0
2025-05-27 12:46:00.660,0.4,12.5,-0.0,0.8,00:00:00,0.0,1.4,-1.3,241.0
2025-05-27 12:46:01.659,0.4,13.3,-0.0,1.1,00:00:00,0.0,1.4,-1.3,241.0
2025-05-27 12:46:02.659,0.5,14.5,0.0,1.4,00:00:00,0.0,1.5,-1.4,241.0
2025-05-27 12:46:03.660,0.5,15.8,0.0,1.5,00:00:00,0.0,1.5,-1.4,241.0
2025-05-27 12:46:04.659,0.5,16.0,0.0,1.4,00:00:00,0.0,1.3,-1.3,241.0
2025-05-27 12:46:05.657,0.6,16.2,0.0,1.2,00:00:00,0.0,1.2,-1.2,241.0
2025-05-27 12:46:06.658,0.6,16.7,0.0,1.1,00:00:00,0.0,1.1,-1.1,241.0
2025-05-27 12:46:07.659,0.7,16.8,0.0,0.9,00:00:00,0.0,0.9,-0.9,241.0
2025-05-27 12:46:08.659,0.6,16.6,0.0,0.6,00:00:00,0.0,0.8,-0.7,240.0
2025-05-27 12:46:09.659,0.6,16.2,0.0,0.3,00:00:00,0.0,0.6,-0.6,240.0
2025-05-27 12:46:10.660,0.6,15.7,0.0,0.1,00:00:00,0.0,0.6,-0.5,240.0
2025-05-27 12:46:11.659,0.7,14.8,0.0,0.3,00:00:00,0.0,0.5,-0.4,240.0
2025-05-27 12:46:12.658,0.6,13.8,-0.0,0.6,00:00:00,0.0,0.4,-0.2,240.0
2025-05-27 12:46:13.657,0.6,12.5,-0.0,1.0,00:00:00,0.0,0.2,0.2,240.0
2025-05-27 12:46:14.659,0.6,11.2,-0.0,1.3,00:00:00,0.0,-0.4,1.6,240.0
2025-05-27 12:46:15.658,0.5,9.9,-0.0,1.6,00:00:00,0.0,-0.4,1.8,240.0
2025-05-27 12:46:16.657,0.5,9.2,-0.0,1.6,00:00:00,0.0,-0.3,1.5,240.0
2025-05-27 12:46:17.660,0.4,9.2,-0.0,1.5,00:00:00,0.0,-0.0,1.3,241.0
2025-05-27 12:46:18.659,0.4,9.5,-0.0,1.3,00:00:00,0.0,0.2,1.3,241.0
2025-05-27 12:46:19.660,0.5,9.9,-0.0,1.0,00:00:00,0.0,0.8,-0.8,241.0
2025-05-27 12:46:20.658,0.4,10.3,-0.0,0.8,00:00:00,0.0,1.0,-0.9,241.0
2025-05-27 12:46:21.661,0.3,10.8,-0.0,0.5,00:00:00,0.0,1.1,-1.0,241.0
2025-05-27 12:46:22.657,0.3,11.5,-0.0,0.2,00:00:00,0.0,1.3,-1.1,241.0
2025-05-27 12:46:23.660,0.3,12.2,-0.0,0.3,00:00:00,0.0,1.4,-1.1,241.0
2025-05-27 12:46:24.659,0.3,12.8,-0.0,0.4,00:00:00,0.0,1.4,-1.1,240.0
2025-05-27 12:46:25.657,0.4,13.4,-0.0,0.5,00:00:00,0.0,1.4,-1.2,240.0
2025-05-27 12:46:26.659,0.4,13.9,-0.0,0.5,00:00:00,0.0,1.4,-1.2,240.0
2025-05-27 12:46:27.659,0.5,14.6,0.0,0.6,00:00:00,0.0,1.3,-1.3,240.0
2025-05-27 12:46:28.659,0.5,15.2,0.0,0.6,00:00:00,0.0,1.3,-1.3,240.0
2025-05-27 12:46:29.657,0.5,15.8,0.0,0.6,00:00:00,0.0,1.2,-1.3,240.0
2025-05-27 12:46:30.658,0.6,16.4,0.0,0.5,00:00:00,0.0,1.2,-1.3,240.0
2025-05-27 12:46:31.658,0.6,16.6,-0.0,0.4,00:00:00,0.0,1.0,-1.3,240.0
2025-05-27 12:46:32.658,0.6,16.8,-0.0,0.2,00:00:00,0.0,0.9,-1.2,240.0
2025-05-27 12:46:33.657,0.6,16.8,-0.0,0.1,00:00:00,0.0,0.8,-1.2,240.0
2025-05-27 12:46:34.657,0.6,16.8,-0.0,0.2,00:00:00,0.0,0.8,-1.3,240.0
2025-05-27 12:46:35.660,0.6,16.7,0.0,0.3,00:00:00,0.0,0.7,-1.3,240.0
2025-05-27 12:46:36.660,0.7,16.5,0.0,0.4,00:00:00,0.0,0.6,-1.5,240.0
2025-05-27 12:46:37.657,0.6,16.1,0.0,0.6,00:00:00,0.0,0.5,-1.5,240.0
2025-05-27 12:46:38.659,0.5,15.6,-0.0,0.7,00:00:00,0.0,0.4,-1.6,240.0
2025-05-27 12:46:39.660,0.5,15.1,-0.0,0.9,00:00:00,0.0,0.6,-1.6,239.0
2025-05-27 12:46:40.659,0.6,15.0,-0.0,1.1,00:00:00,0.0,0.7,-1.7,239.0
2025-05-27 12:46:41.659,0.6,15.2,-0.0,1.4,00:00:00,0.0,0.9,-1.8,239.0
2025-05-27 12:46:42.660,0.6,15.9,-0.0,1.8,00:00:00,0.0,1.1,-2.0,239.0
2025-05-27 12:46:43.660,0.5,17.4,-0.0,2.2,00:00:00,0.0,1.2,-2.1,239.0
2025-05-27 12:46:44.658,0.4,19.0,-0.1,2.5,00:00:00,0.0,1.3,-2.1,239.0
2025-05-27 12:46:45.659,0.3,20.7,-0.1,2.5,00:00:00,0.0,1.3,-1.9,239.0
2025-05-27 12:46:46.657,0.3,21.3,-0.1,2.2,00:00:00,0.0,1.2,-1.6,239.0
2025-05-27 12:46:47.658,0.3,21.7,-0.1,2.0,00:00:00,0.0,1.1,-1.4,239.0
2025-05-27 12:46:48.657,0.4,21.1,-0.0,1.6,00:00:00,0.0,0.8,-1.1,239.0
2025-05-27 12:46:49.658,0.4,19.6,-0.1,1.1,00:00:00,0.0,0.5,-0.8,239.0
2025-05-27 12:46:50.657,0.4,17.5,-0.0,0.9,00:00:00,0.0,0.2,-0.7,239.0
2025-05-27 12:46:51.658,0.6,14.6,-0.0,1.0,00:00:00,0.0,0.0,-0.5,239.0
2025-05-27 12:46:52.659,0.6,13.2,-0.0,1.1,00:00:00,0.0,0.0,-0.3,239.0
2025-05-27 12:46:53.660,0.6,12.6,0.0,1.1,00:00:00,0.0,0.1,-0.3,239.0
2025-05-27 12:46:54.656,0.7,12.7,-0.0,0.9,00:00:00,0.0,0.4,-0.3,239.0
2025-05-27 12:46:55.660,0.6,13.1,-0.0,0.7,00:00:00,0.0,0.6,-0.3,239.0
2025-05-27 12:46:56.659,0.6,13.8,-0.0,0.4,00:00:00,0.0,0.8,-0.4,239.0
2025-05-27 12:46:57.660,0.7,14.6,-0.0,0.3,00:00:00,0.0,1.0,-0.4,239.0
2025-05-27 12:46:58.659,0.7,15.8,-0.0,0.4,00:00:00,0.0,1.1,-0.5,239.0
2025-05-27 12:46:59.656,0.6,17.1,-0.0,0.6,00:00:00,0.0,1.2,-0.6,239.0
2025-05-27 12:47:00.661,0.6,19.4,-0.0,0.9,00:00:00,0.0,1.3,-0.6,239.0
2025-05-27 12:47:01.659,0.6,21.5,-0.0,1.2,00:00:00,0.0,1.5,-0.7,239.0
2025-05-27 12:47:02.660,0.7,23.2,-0.0,1.3,00:00:00,0.0,1.4,-0.8,239.0
2025-05-27 12:47:03.658,0.7,24.6,-0.0,1.3,00:00:00,0.0,1.3,-0.9,239.0
2025-05-27 12:47:04.659,0.6,25.8,-0.0,1.3,00:00:00,0.0,1.2,-1.0,239.0
2025-05-27 12:47:05.659,0.6,26.7,-0.0,1.1,00:00:00,0.0,1.0,-0.9,239.0
2025-05-27 12:47:06.659,0.5,27.3,-0.0,0.8,00:00:00,0.0,0.7,-1.0,239.0
2025-05-27 12:47:07.657,0.5,28.0,-0.0,0.8,00:00:00,0.0,0.6,-1.0,239.0
2025-05-27 12:47:08.660,0.5,28.5,-0.1,0.6,00:00:00,0.0,0.4,-1.1,239.0
2025-05-27 12:47:09.660,0.4,28.4,-0.1,0.5,00:00:00,0.0,0.3,-1.1,239.0
2025-05-27 12:47:10.659,0.3,27.7,-0.1,0.5,00:00:00,0.0,0.1,-1.2,239.0
2025-05-27 12:47:11.660,0.3,27.5,-0.1,0.5,00:00:00,0.0,0.1,-1.0,239.0
2025-05-27 12:47:12.657,0.3,27.4,-0.1,0.5,00:00:00,0.0,0.1,-1.0,239.0
2025-05-27 12:47:13.659,0.3,28.0,-0.0,0.4,00:00:00,0.0,0.3,-0.9,239.0
2025-05-27 12:47:14.660,0.3,28.3,-0.1,0.4,00:00:00,0.0,0.3,-0.9,239.0
2025-05-27 12:47:15.660,0.2,28.6,-0.1,0.3,00:00:00,0.0,0.4,-0.8,239.0
2025-05-27 12:47:16.659,0.3,29.1,-0.1,0.3,00:00:00,0.0,0.6,-0.7,239.0
2025-05-27 12:47:17.660,0.2,29.3,-0.1,0.3,00:00:00,0.0,0.6,-0.8,239.0
2025-05-27 12:47:18.660,0.2,28.7,-0.1,0.4,00:00:00,0.0,0.5,-0.8,239.0
2025-05-27 12:47:19.660,0.3,27.7,-0.1,0.6,00:00:00,0.0,0.3,-0.8,239.0
2025-05-27 12:47:20.657,0.3,27.2,-0.1,0.6,00:00:00,0.0,0.4,-0.8,239.0
2025-05-27 12:47:21.660,0.4,26.7,-0.1,0.7,00:00:00,0.0,0.5,-0.8,239.0
2025-05-27 12:47:22.657,0.4,26.0,-0.1,0.7,00:00:00,0.0,0.4,-0.8,239.0
2025-05-27 12:47:23.659,0.5,25.7,-0.0,0.7,00:00:00,0.0,0.6,-0.8,239.0
2025-05-27 12:47:24.659,0.5,25.2,-0.0,0.7,00:00:00,0.0,0.5,-0.8,239.0
2025-05-27 12:47:25.660,0.6,24.8,-0.0,0.7,00:00:00,0.0,0.5,-0.7,239.0
2025-05-27 12:47:26.657,0.7,24.8,-0.0,0.6,00:00:00,0.0,0.5,-0.7,239.0
2025-05-27 12:47:27.661,0.7,24.8,-0.0,0.5,00:00:00,0.0,0.6,-0.7,239.0
2025-05-27 12:47:28.658,0.7,24.8,-0.0,0.5,00:00:00,0.0,0.7,-0.7,239.0
2025-05-27 12:47:29.659,0.7,24.4,-0.0,0.5,00:00:00,0.0,0.7,-0.7,239.0
2025-05-27 12:47:30.657,0.7,24.0,-0.0,0.5,00:00:00,0.0,0.8,-0.7,239.0
2025-05-27 12:47:31.659,0.8,23.5,-0.0,0.5,00:00:00,0.0,0.8,-0.7,239.0
2025-05-27 12:47:32.657,0.8,23.1,-0.0,0.5,00:00:00,0.0,0.8,-0.7,239.0
2025-05-27 12:47:33.657,0.7,22.6,-0.0,0.5,00:00:00,0.0,0.8,-0.7,239.0
2025-05-27 12:47:34.657,0.7,22.1,-0.0,0.4,00:00:00,0.0,0.9,-0.6,239.0
2025-05-27 12:47:35.661,0.7,21.7,-0.0,0.4,00:00:00,0.0,0.9,-0.6,239.0
2025-05-27 12:47:36.657,0.8,21.2,-0.0,0.4,00:00:00,0.0,0.9,-0.6,239.0
2025-05-27 12:47:37.659,0.8,20.8,-0.0,0.4,00:00:00,0.0,0.9,-0.6,239.0
2025-05-27 12:47:38.657,0.8,20.6,-0.0,0.4,00:00:00,0.0,0.9,-0.7,239.0
2025-05-27 12:47:39.659,0.7,20.1,-0.0,0.4,00:00:00,0.0,0.9,-0.7,239.0
2025-05-27 12:47:40.659,0.7,20.0,-0.1,0.3,00:00:00,0.0,0.8,-0.7,239.0
2025-05-27 12:47:41.657,0.7,20.2,-0.1,0.3,00:00:00,0.0,0.9,-0.8,239.0
2025-05-27 12:47:42.657,0.8,20.6,-0.0,0.3,00:00:00,0.0,1.0,-0.8,239.0
2025-05-27 12:47:43.658,0.9,21.2,0.0,0.4,00:00:00,0.0,1.1,-1.0,240.0
2025-05-27 12:47:44.661,1.0,21.9,0.0,0.6,00:00:00,0.0,1.2,-1.0,240.0
2025-05-27 12:47:45.658,1.1,22.7,0.1,0.7,00:00:00,0.0,1.3,-1.0,240.0
2025-05-27 12:47:46.657,1.2,23.7,0.1,0.8,00:00:00,0.0,1.3,-1.0,240.0
2025-05-27 12:47:47.658,1.0,24.4,0.0,0.7,00:00:00,0.0,1.2,-0.9,240.0
2025-05-27 12:47:48.660,0.9,25.2,0.0,0.8,00:00:00,0.0,1.3,-0.9,240.0
2025-05-27 12:47:49.657,1.0,26.2,0.0,0.9,00:00:00,0.0,1.3,-0.9,240.0
2025-05-27 12:47:50.658,1.0,27.3,0.0,1.0,00:00:00,0.0,1.2,-0.9,240.0
2025-05-27 12:47:51.659,0.9,28.0,-0.0,0.9,00:00:00,0.0,1.0,-0.9,240.0
2025-05-27 12:47:52.658,0.8,28.7,-0.0,0.8,00:00:00,0.0,0.9,-0.8,240.0
2025-05-27 12:47:53.658,0.7,29.3,-0.0,0.7,00:00:00,0.0,0.8,-0.7,240.0
2025-05-27 12:47:54.658,0.7,29.9,-0.0,0.7,00:00:00,0.0,0.7,-0.7,240.0
2025-05-27 12:47:55.661,0.8,31.0,-0.0,0.7,00:00:00,0.0,0.7,-0.8,240.0
2025-05-27 12:47:56.781,0.8,31.3,-0.0,0.6,00:00:00,0.0,0.6,-0.8,240.0
2025-05-27 12:47:57.660,0.7,31.2,-0.0,0.5,00:00:00,0.0,0.5,-0.9,240.0
2025-05-27 12:47:58.658,0.7,30.6,-0.0,0.5,00:00:00,0.0,0.3,-0.9,239.0
2025-05-27 12:47:59.660,0.6,29.8,-0.0,0.7,00:00:00,0.0,0.2,-0.9,239.0
2025-05-27 12:48:00.658,0.7,28.9,-0.0,0.8,00:00:00,0.0,0.2,-1.0,239.0
2025-05-27 12:48:01.662,0.7,28.0,-0.0,1.0,00:00:00,0.0,0.1,-0.9,240.0
2025-05-27 12:48:02.659,0.7,26.7,-0.1,1.1,00:00:00,0.0,0.1,-0.8,240.0
2025-05-27 12:48:03.660,0.7,25.6,-0.0,1.1,00:00:00,0.0,0.2,-0.8,240.0
2025-05-27 12:48:04.661,0.7,24.3,-0.0,1.2,00:00:00,0.0,0.3,-0.7,240.0
2025-05-27 12:48:05.733,0.6,23.4,-0.1,1.1,00:00:00,0.0,0.4,-0.6,240.0
2025-05-27 12:48:06.678,0.6,22.7,-0.1,1.0,00:00:00,0.0,0.6,-0.6,240.0
2025-05-27 12:48:07.659,0.6,22.7,-0.0,0.7,00:00:00,0.0,0.9,-0.6,240.0
2025-05-27 12:48:08.660,0.7,22.8,-0.0,0.5,00:00:00,0.0,1.0,-0.5,240.0
2025-05-27 12:48:09.661,0.8,22.9,-0.0,0.4,00:00:00,0.0,1.2,-0.5,240.0
2025-05-27 12:48:10.657,0.8,23.1,-0.0,0.3,00:00:00,0.0,1.2,-0.5,240.0
2025-05-27 12:48:11.657,0.7,23.2,-0.1,0.3,00:00:00,0.0,1.2,-0.6,240.0
2025-05-27 12:48:12.659,0.7,23.1,-0.1,0.3,00:00:00,0.0,1.2,-0.6,240.0
2025-05-27 12:48:13.657,0.7,23.1,-0.1,0.3,00:00:00,0.0,1.2,-0.6,240.0
2025-05-27 12:48:14.657,0.7,23.1,-0.1,0.4,00:00:00,0.0,1.2,-0.6,240.0
2025-05-27 12:48:15.657,0.7,23.4,-0.1,0.4,00:00:00,0.0,1.2,-0.7,240.0
2025-05-27 12:48:16.657,0.8,24.0,-0.0,0.4,00:00:00,0.0,1.2,-0.7,240.0
2025-05-27 12:48:17.657,0.8,24.6,-0.0,0.5,00:00:00,0.0,1.2,-0.8,240.0
2025-05-27 12:48:18.658,0.8,25.0,-0.0,0.5,00:00:00,0.0,1.1,-0.8,240.0
2025-05-27 12:48:19.657,0.9,25.6,-0.0,0.6,00:00:00,0.0,1.1,-0.8,240.0
2025-05-27 12:48:20.657,1.0,27.3,-0.0,0.8,00:00:00,0.0,1.2,-0.9,240.0
2025-05-27 12:48:21.659,1.1,29.0,0.0,1.0,00:00:00,0.0,1.3,-1.0,240.0
2025-05-27 12:48:22.658,1.2,30.5,0.0,1.2,00:00:00,0.0,1.3,-1.1,240.0
2025-05-27 12:48:23.658,1.2,31.4,0.0,1.1,00:00:00,0.0,1.2,-1.2,240.0
2025-05-27 12:48:24.658,1.2,31.7,0.0,0.9,00:00:00,0.0,0.9,-1.1,240.0
2025-05-27 12:48:25.658,1.0,31.2,-0.0,0.5,00:00:00,0.0,0.6,-1.1,240.0
2025-05-27 12:48:26.662,1.0,30.0,-0.0,0.1,00:00:00,0.0,0.3,-0.9,240.0
2025-05-27 12:48:27.661,0.9,28.3,-0.1,0.5,00:00:00,0.0,0.1,-0.9,240.0
2025-05-27 12:48:28.658,0.9,27.0,-0.0,0.8,00:00:00,0.0,0.0,-0.8,240.0
2025-05-27 12:48:29.658,0.9,25.6,-0.1,1.1,00:00:00,0.0,0.0,-0.7,240.0
2025-05-27 12:48:30.658,0.9,24.4,-0.1,1.3,00:00:00,0.0,-0.0,-0.6,240.0
2025-05-27 12:48:31.658,0.9,23.9,-0.0,1.2,00:00:00,0.0,0.2,-0.6,240.0
2025-05-27 12:48:32.659,1.0,23.7,-0.0,1.0,00:00:00,0.0,0.5,-0.7,240.0
2025-05-27 12:48:33.660,1.0,24.0,-0.0,0.7,00:00:00,0.0,0.8,-0.8,240.0
2025-05-27 12:48:34.658,1.0,24.3,-0.0,0.4,00:00:00,0.0,1.0,-0.9,240.0
2025-05-27 12:48:35.657,1.0,24.8,-0.0,0.1,00:00:00,0.0,1.2,-1.0,240.0
2025-05-27 12:48:36.659,1.0,25.9,-0.0,0.3,00:00:00,0.0,1.4,-1.1,240.0
2025-05-27 12:48:37.658,1.1,27.1,-0.0,0.6,00:00:00,0.0,1.6,-1.2,240.0
2025-05-27 12:48:38.662,1.0,28.2,-0.0,0.9,00:00:00,0.0,1.7,-1.1,240.0
2025-05-27 12:48:39.657,1.0,29.0,-0.0,1.0,00:00:00,0.0,1.7,-1.1,240.0
2025-05-27 12:48:40.657,1.1,29.6,-0.0,1.1,00:00:00,0.0,1.6,-1.2,240.0
2025-05-27 12:48:41.660,1.0,30.6,-0.0,1.3,00:00:00,0.0,1.6,-1.2,240.0
2025-05-27 12:48:42.658,1.0,31.5,-0.0,1.4,00:00:00,0.0,1.6,-1.3,240.0
2025-05-27 12:48:43.659,1.0,32.1,-0.0,1.3,00:00:00,0.0,1.4,-1.2,240.0
2025-05-27 12:48:44.657,1.0,32.6,-0.0,1.1,00:00:00,0.0,1.3,-1.2,240.0
2025-05-27 12:48:45.658,0.9,32.4,-0.0,0.8,00:00:00,0.0,1.0,-1.0,240.0
2025-05-27 12:48:46.660,0.9,32.1,-0.0,0.5,00:00:00,0.0,0.9,-0.8,240.0
2025-05-27 12:48:47.661,1.0,31.8,-0.0,0.2,00:00:00,0.0,0.7,-0.7,240.0
2025-05-27 12:48:48.658,0.9,31.3,-0.0,0.1,00:00:00,0.0,0.5,-0.6,240.0
2025-05-27 12:48:49.658,0.9,30.8,-0.0,0.3,00:00:00,0.0,0.4,-0.6,240.0
2025-05-27 12:48:50.657,0.9,30.5,-0.0,0.4,00:00:00,0.0,0.4,-0.5,240.0
2025-05-27 12:48:51.656,0.8,30.3,-0.1,0.4,00:00:00,0.0,0.5,-0.6,240.0
2025-05-27 12:48:52.657,0.8,30.2,-0.0,0.3,00:00:00,0.0,0.6,-0.6,240.0
2025-05-27 12:48:53.658,0.8,30.2,-0.0,0.3,00:00:00,0.0,0.7,-0.7,240.0
2025-05-27 12:48:54.658,0.7,30.6,-0.1,0.1,00:00:00,0.0,0.8,-0.8,240.0
2025-05-27 12:48:55.657,0.7,31.3,-0.0,0.2,00:00:00,0.0,1.0,-0.9,240.0
2025-05-27 12:48:56.658,0.7,32.1,-0.0,0.5,00:00:00,0.0,1.1,-0.9,240.0
2025-05-27 12:48:57.660,0.9,33.3,0.0,0.9,00:00:00,0.0,1.3,-1.1,240.0
2025-05-27 12:48:58.659,0.9,34.6,0.0,1.1,00:00:00,0.0,1.3,-1.2,240.0
2025-05-27 12:48:59.659,0.9,35.8,0.0,1.3,00:00:00,0.0,1.3,-1.2,240.0
2025-05-27 12:49:00.659,0.9,37.2,0.0,1.3,00:00:00,0.0,1.2,-1.1,240.0
2025-05-27 12:49:01.660,0.9,38.1,0.0,1.2,00:00:00,0.0,1.0,-1.0,240.0
2025-05-27 12:49:02.659,0.9,38.9,0.0,1.1,00:00:00,0.0,0.9,-0.9,240.0
2025-05-27 12:49:03.657,0.9,39.4,-0.0,0.9,00:00:00,0.0,0.7,-0.8,240.0
2025-05-27 12:49:04.658,0.9,39.8,-0.0,0.8,00:00:00,0.0,0.6,-0.7,240.0
2025-05-27 12:49:05.658,0.9,39.8,-0.0,0.5,00:00:00,0.0,0.5,-0.5,240.0
2025-05-27 12:49:06.657,0.9,39.7,-0.0,0.4,00:00:00,0.0,0.4,-0.4,240.0
2025-05-27 12:49:07.657,0.8,39.6,-0.0,0.3,00:00:00,0.0,0.4,-0.4,240.0
2025-05-27 12:49:08.659,0.9,39.8,-0.0,0.3,00:00:00,0.0,0.5,-0.4,241.0
2025-05-27 12:49:09.657,1.0,40.1,0.0,0.3,00:00:00,0.0,0.6,-0.4,241.0
2025-05-27 12:49:10.658,1.0,40.6,0.0,0.4,00:00:00,0.0,0.7,-0.5,241.0
2025-05-27 12:49:11.659,1.0,41.0,0.0,0.4,00:00:00,0.0,0.8,-0.5,241.0
2025-05-27 12:49:12.658,1.0,41.1,-0.0,0.2,00:00:00,0.0,0.8,-0.4,241.0
2025-05-27 12:49:13.657,1.0,41.1,-0.0,0.2,00:00:00,0.0,0.7,-0.4,241.0
2025-05-27 12:49:14.658,1.1,41.0,0.0,0.1,00:00:00,0.0,0.7,-0.4,241.0
2025-05-27 12:49:15.658,1.1,40.8,0.0,0.1,00:00:00,0.0,0.7,-0.3,241.0
2025-05-27 12:49:16.656,1.1,40.7,0.0,0.1,00:00:00,0.0,0.8,-0.3,241.0
2025-05-27 12:49:17.660,1.1,40.7,0.0,0.1,00:00:00,0.0,0.9,-0.3,241.0
2025-05-27 12:49:18.659,1.1,40.8,0.0,0.1,00:00:00,0.0,0.9,-0.4,241.0
2025-05-27 12:49:19.658,1.0,41.0,0.0,0.0,00:00:00,0.0,1.0,-0.4,241.0
2025-05-27 12:49:20.657,1.1,41.1,0.0,0.1,00:00:00,0.0,1.0,-0.5,241.0
2025-05-27 12:49:21.657,1.1,41.3,0.0,0.1,00:00:00,0.0,1.0,-0.5,241.0
2025-05-27 12:49:22.658,1.0,41.3,-0.0,0.1,00:00:00,0.0,0.9,-0.5,241.0
2025-05-27 12:49:23.660,1.0,41.3,-0.0,0.1,00:00:00,0.0,0.9,-0.6,241.0
2025-05-27 12:49:24.657,1.0,41.2,-0.0,0.1,00:00:00,0.0,0.9,-0.6,241.0
2025-05-27 12:49:25.659,1.0,41.2,-0.0,0.1,00:00:00,0.0,1.0,-0.6,241.0
2025-05-27 12:49:26.659,1.0,41.3,0.0,0.2,00:00:00,0.0,1.0,-0.7,241.0
2025-05-27 12:49:27.659,1.1,41.5,0.0,0.3,00:00:00,0.0,1.0,-0.8,241.0
2025-05-27 12:49:28.658,1.1,41.8,0.0,0.4,00:00:00,0.0,1.1,-0.8,241.0
2025-05-27 12:49:29.656,1.1,41.9,0.0,0.3,00:00:00,0.0,1.0,-0.7,241.0
2025-05-27 12:49:30.660,1.0,41.5,-0.1,0.1,00:00:00,0.0,0.8,-0.5,241.0
2025-05-27 12:49:31.660,0.8,41.0,-0.1,0.2,00:00:00,0.0,0.7,-0.4,241.0
2025-05-27 12:49:32.656,0.7,40.5,-0.1,0.3,00:00:00,0.0,0.7,-0.4,241.0
2025-05-27 12:49:33.659,0.8,40.3,-0.1,0.3,00:00:00,0.0,0.7,-0.5,241.0
2025-05-27 12:49:34.657,0.9,40.5,-0.0,0.1,00:00:00,0.0,1.0,-0.6,241.0
2025-05-27 12:49:35.658,0.8,40.8,-0.0,0.1,00:00:00,0.0,1.1,-0.7,242.0
2025-05-27 12:49:36.657,0.8,40.9,-0.0,0.2,00:00:00,0.0,1.2,-0.8,242.0
2025-05-27 12:49:37.661,0.9,41.1,-0.0,0.2,00:00:00,0.0,1.2,-0.8,242.0
2025-05-27 12:49:38.658,0.9,41.1,0.0,0.2,00:00:00,0.0,1.1,-0.8,242.0
2025-05-27 12:49:39.661,1.0,41.0,0.0,0.1,00:00:00,0.0,1.1,-0.8,242.0
2025-05-27 12:49:40.659,1.0,40.7,0.1,0.1,00:00:00,0.0,1.1,-0.7,242.0
2025-05-27 12:49:41.658,1.1,40.5,0.0,0.0,00:00:00,0.0,1.1,-0.6,242.0
2025-05-27 12:49:42.657,1.1,40.3,0.0,0.0,00:00:00,0.0,1.1,-0.6,242.0
2025-05-27 12:49:43.658,1.0,40.0,0.0,0.0,00:00:00,0.0,1.1,-0.6,242.0
2025-05-27 12:49:44.658,1.1,39.6,0.0,0.0,00:00:00,0.0,1.1,-0.6,242.0
2025-05-27 12:49:45.657,1.1,39.2,0.0,0.0,00:00:00,0.0,1.1,-0.7,242.0
2025-05-27 12:49:46.658,1.1,38.7,0.0,0.0,00:00:00,0.0,1.2,-0.7,242.0
2025-05-27 12:49:47.657,1.1,38.2,0.0,0.1,00:00:00,0.0,1.2,-0.7,242.0
2025-05-27 12:49:48.657,1.0,37.4,-0.0,0.1,00:00:00,0.0,1.2,-0.7,242.0
2025-05-27 12:49:49.657,1.0,36.9,-0.0,0.1,00:00:00,0.0,1.2,-0.7,242.0
2025-05-27 12:49:50.657,1.0,36.4,-0.0,0.1,00:00:00,0.0,1.2,-0.7,242.0
2025-05-27 12:49:51.657,1.0,35.9,0.0,0.1,00:00:00,0.0,1.2,-0.7,242.0
2025-05-27 12:49:52.657,1.0,35.4,-0.0,0.1,00:00:00,0.0,1.2,-0.8,242.0
2025-05-27 12:49:53.658,1.0,35.0,-0.0,0.1,00:00:00,0.0,1.3,-0.8,242.0
2025-05-27 12:49:54.658,1.0,34.7,0.0,0.0,00:00:00,0.0,1.3,-0.7,242.0
2025-05-27 12:49:55.659,1.0,34.3,0.0,0.1,00:00:00,0.0,1.3,-0.7,242.0
2025-05-27 12:49:56.658,1.0,33.9,0.0,0.0,00:00:00,0.0,1.3,-0.8,242.0
2025-05-27 12:49:57.657,1.0,33.6,0.0,0.0,00:00:00,0.0,1.3,-0.8,242.0
2025-05-27 12:49:58.660,0.9,33.3,0.0,0.0,00:00:00,0.0,1.3,-0.8,242.0
2025-05-27 12:49:59.657,0.8,33.1,-0.0,0.0,00:00:00,0.0,1.3,-0.8,242.0
2025-05-27 12:50:00.657,0.7,32.8,-0.0,0.1,00:00:00,0.0,1.2,-0.7,242.0
2025-05-27 12:50:01.658,0.7,32.6,-0.0,0.1,00:00:00,0.0,1.2,-0.7,242.0
2025-05-27 12:50:02.659,0.8,32.2,0.0,0.1,00:00:00,0.0,1.2,-0.7,242.0
2025-05-27 12:50:03.658,0.9,31.9,0.0,0.1,00:00:00,0.0,1.1,-0.8,243.0
2025-05-27 12:50:04.657,0.9,31.6,0.0,0.1,00:00:00,0.0,1.2,-0.8,243.0
2025-05-27 12:50:05.660,0.8,31.5,-0.0,0.1,00:00:00,0.0,1.2,-0.7,243.0
2025-05-27 12:50:06.657,0.8,31.3,-0.0,0.1,00:00:00,0.0,1.3,-0.7,243.0
2025-05-27 12:50:07.658,0.8,31.2,-0.0,0.1,00:00:00,0.0,1.2,-0.7,243.0
2025-05-27 12:50:08.656,0.8,31.1,-0.0,0.2,00:00:00,0.0,1.1,-0.6,243.0
2025-05-27 12:50:09.657,0.7,31.1,-0.0,0.2,00:00:00,0.0,1.1,-0.6,243.0
2025-05-27 12:50:10.657,0.8,31.1,-0.0,0.1,00:00:00,0.0,1.0,-0.5,243.0
2025-05-27 12:50:11.659,0.7,31.1,-0.0,0.1,00:00:00,0.0,1.0,-0.5,243.0
2025-05-27 12:50:12.657,0.8,31.1,-0.0,0.1,00:00:00,0.0,1.0,-0.5,243.0
2025-05-27 12:50:13.659,0.8,31.1,-0.0,0.1,00:00:00,0.0,1.0,-0.5,243.0
2025-05-27 12:50:14.656,0.8,31.1,-0.0,0.1,00:00:00,0.0,1.0,-0.6,243.0
2025-05-27 12:50:15.656,0.8,31.0,0.0,0.1,00:00:00,0.0,1.1,-0.6,243.0
2025-05-27 12:50:16.658,0.8,31.0,0.0,0.1,00:00:00,0.0,1.1,-0.5,243.0
2025-05-27 12:50:17.657,0.8,31.0,-0.0,0.1,00:00:00,0.0,1.1,-0.5,243.0
2025-05-27 12:50:18.658,0.7,31.0,-0.0,0.1,00:00:00,0.0,1.1,-0.5,243.0
2025-05-27 12:50:19.658,0.7,31.0,-0.0,0.0,00:00:00,0.0,1.0,-0.5,243.0
2025-05-27 12:50:20.658,0.8,30.9,-0.0,0.0,00:00:00,0.0,1.0,-0.5,243.0
2025-05-27 12:50:21.659,0.7,30.8,-0.0,0.0,00:00:00,0.0,1.0,-0.5,243.0
2025-05-27 12:50:22.658,0.8,30.6,0.0,0.1,00:00:00,0.0,1.0,-0.5,243.0
2025-05-27 12:50:23.656,0.8,30.4,0.0,0.1,00:00:00,0.0,0.9,-0.5,243.0
2025-05-27 12:50:24.657,0.7,30.2,-0.0,0.1,00:00:00,0.0,0.9,-0.6,243.0
2025-05-27 12:50:25.657,0.7,30.0,-0.0,0.1,00:00:00,0.0,1.0,-0.6,243.0
2025-05-27 12:50:26.659,0.8,29.9,0.0,0.1,00:00:00,0.0,1.0,-0.6,243.0
2025-05-27 12:50:27.658,0.8,29.7,-0.0,0.0,00:00:00,0.0,1.1,-0.6,243.0
2025-05-27 12:50:28.657,0.7,29.6,-0.0,0.0,00:00:00,0.0,1.0,-0.6,243.0
2025-05-27 12:50:29.657,0.7,29.5,-0.0,0.0,00:00:00,0.0,1.1,-0.6,243.0
2025-05-27 12:50:30.660,0.7,29.3,-0.0,0.0,00:00:00,0.0,1.1,-0.7,243.0
2025-05-27 12:50:31.658,0.7,29.1,-0.0,0.0,00:00:00,0.0,1.1,-0.7,244.0
2025-05-27 12:50:32.658,0.8,28.8,0.0,0.1,00:00:00,0.0,1.1,-0.7,244.0
2025-05-27 12:50:33.657,0.9,28.4,0.0,0.1,00:00:00,0.0,1.1,-0.7,244.0
2025-05-27 12:50:34.660,0.9,28.0,0.0,0.1,00:00:00,0.0,1.0,-0.7,244.0
2025-05-27 12:50:35.659,0.8,27.7,-0.0,0.1,00:00:00,0.0,1.0,-0.7,244.0
2025-05-27 12:50:36.661,0.8,27.3,-0.0,0.1,00:00:00,0.0,1.2,-0.7,244.0
2025-05-27 12:50:37.658,0.8,27.0,-0.0,0.1,00:00:00,0.0,1.2,-0.6,244.0
2025-05-27 12:50:38.660,0.8,26.8,-0.0,0.1,00:00:00,0.0,1.2,-0.6,244.0
2025-05-27 12:50:39.658,0.8,26.6,-0.0,0.1,00:00:00,0.0,1.2,-0.6,244.0
2025-05-27 12:50:40.657,0.7,26.4,-0.0,0.0,00:00:00,0.0,1.2,-0.6,244.0
2025-05-27 12:50:41.683,0.8,26.2,-0.0,0.1,00:00:00,0.0,1.2,-0.6,244.0
2025-05-27 12:50:42.658,0.7,26.1,-0.0,0.1,00:00:00,0.0,1.2,-0.6,244.0
2025-05-27 12:50:43.658,0.7,26.0,-0.0,0.1,00:00:00,0.0,1.2,-0.6,244.0
2025-05-27 12:50:44.659,0.7,25.9,-0.0,0.1,00:00:00,0.0,1.2,-0.6,244.0
2025-05-27 12:50:45.658,0.7,25.8,-0.0,0.1,00:00:00,0.0,1.2,-0.6,244.0
2025-05-27 12:50:46.659,0.8,25.8,0.0,0.1,00:00:00,0.0,1.1,-0.6,244.0
2025-05-27 12:50:47.658,0.8,25.9,0.0,0.2,00:00:00,0.0,1.1,-0.6,244.0
2025-05-27 12:50:48.657,0.9,25.9,0.0,0.2,00:00:00,0.0,1.0,-0.5,244.0
2025-05-27 12:50:49.658,0.9,25.9,0.0,0.1,00:00:00,0.0,0.9,-0.5,244.0
2025-05-27 12:50:50.656,0.9,25.9,0.0,0.1,00:00:00,0.0,0.9,-0.5,244.0
2025-05-27 12:50:51.657,0.8,26.0,0.0,0.2,00:00:00,0.0,0.9,-0.4,244.0
2025-05-27 12:50:52.657,0.9,26.2,0.0,0.2,00:00:00,0.0,1.0,-0.4,244.0
2025-05-27 12:50:53.657,0.9,26.4,0.0,0.2,00:00:00,0.0,1.0,-0.4,244.0
2025-05-27 12:50:54.656,0.8,26.5,-0.0,0.1,00:00:00,0.0,0.9,-0.4,244.0
2025-05-27 12:50:55.660,0.8,26.6,-0.0,0.1,00:00:00,0.0,0.9,-0.4,244.0
2025-05-27 12:50:56.657,0.7,26.8,-0.0,0.1,00:00:00,0.0,0.9,-0.4,244.0
2025-05-27 12:50:57.658,0.7,26.9,-0.0,0.1,00:00:00,0.0,0.9,-0.4,244.0
2025-05-27 12:50:58.658,0.6,27.0,-0.0,0.1,00:00:00,0.0,0.9,-0.4,244.0
2025-05-27 12:50:59.658,0.7,27.1,0.0,0.1,00:00:00,0.0,0.9,-0.4,244.0
2025-05-27 12:51:00.659,0.7,27.1,0.0,0.1,00:00:00,0.0,0.9,-0.4,244.0
2025-05-27 12:51:01.659,0.8,27.1,0.0,0.0,00:00:00,0.0,0.9,-0.4,244.0
2025-05-27 12:51:02.657,0.8,27.2,0.0,0.0,00:00:00,0.0,0.9,-0.4,244.0
2025-05-27 12:51:03.658,0.7,27.2,-0.0,0.1,00:00:00,0.0,0.9,-0.5,244.0
2025-05-27 12:51:04.658,0.7,27.3,-0.0,0.1,00:00:00,0.0,1.0,-0.5,244.0
2025-05-27 12:51:05.656,0.8,27.3,-0.0,0.1,00:00:00,0.0,0.9,-0.5,244.0
2025-05-27 12:51:06.657,0.7,27.3,-0.0,0.1,00:00:00,0.0,1.0,-0.5,244.0
2025-05-27 12:51:07.656,0.8,27.4,0.0,0.1,00:00:00,0.0,1.0,-0.5,244.0
2025-05-27 12:51:08.656,0.8,27.5,0.0,0.1,00:00:00,0.0,1.0,-0.5,244.0
2025-05-27 12:51:09.659,0.8,27.6,0.0,0.1,00:00:00,0.0,0.9,-0.5,244.0
2025-05-27 12:51:10.660,0.8,27.6,0.0,0.1,00:00:00,0.0,0.9,-0.5,244.0
2025-05-27 12:51:11.659,0.8,27.8,-0.0,0.1,00:00:00,0.0,0.9,-0.6,244.0
2025-05-27 12:51:12.657,0.8,27.9,-0.0,0.1,00:00:00,0.0,0.9,-0.5,244.0
2025-05-27 12:51:13.657,0.8,27.9,-0.0,0.1,00:00:00,0.0,0.9,-0.5,245.0
2025-05-27 12:51:14.657,0.8,28.1,-0.0,0.1,00:00:00,0.0,0.9,-0.5,245.0
2025-05-27 12:51:15.657,0.8,28.2,-0.0,0.1,00:00:00,0.0,1.0,-0.5,245.0
2025-05-27 12:51:16.659,0.8,28.3,0.0,0.1,00:00:00,0.0,1.0,-0.5,245.0
2025-05-27 12:51:17.657,0.8,28.4,0.0,0.1,00:00:00,0.0,1.0,-0.5,245.0
2025-05-27 12:51:18.659,0.8,28.5,0.0,0.1,00:00:00,0.0,1.0,-0.5,245.0
2025-05-27 12:51:19.658,0.9,28.6,0.0,0.1,00:00:00,0.0,1.0,-0.5,245.0
2025-05-27 12:51:20.658,0.9,28.8,0.1,0.2,00:00:00,0.0,0.9,-0.6,245.0
2025-05-27 12:51:21.658,0.9,29.0,0.1,0.3,00:00:00,0.0,0.9,-0.7,245.0
2025-05-27 12:51:22.657,0.9,29.2,0.0,0.3,00:00:00,0.0,0.9,-0.7,245.0
2025-05-27 12:51:23.658,0.9,29.4,0.0,0.3,00:00:00,0.0,0.8,-0.6,245.0
2025-05-27 12:51:24.657,0.9,29.4,0.0,0.2,00:00:00,0.0,0.8,-0.5,245.0
2025-05-27 12:51:25.658,0.8,29.5,0.0,0.1,00:00:00,0.0,0.8,-0.4,245.0
2025-05-27 12:51:26.657,0.8,29.7,0.0,0.1,00:00:00,0.0,0.8,-0.4,245.0
2025-05-27 12:51:27.660,0.8,29.8,0.0,0.1,00:00:00,0.0,0.9,-0.4,245.0
2025-05-27 12:51:28.659,0.8,30.0,0.0,0.1,00:00:00,0.0,0.9,-0.4,245.0
2025-05-27 12:51:29.659,0.8,30.1,0.0,0.1,00:00:00,0.0,0.9,-0.4,245.0
2025-05-27 12:51:30.658,0.8,30.3,-0.0,0.1,00:00:00,0.0,0.9,-0.4,245.0
2025-05-27 12:51:31.658,0.7,30.3,-0.0,0.1,00:00:00,0.0,0.9,-0.3,245.0
2025-05-27 12:51:32.657,0.7,30.5,-0.0,0.1,00:00:00,0.0,1.0,-0.4,245.0
2025-05-27 12:51:33.659,0.7,30.6,-0.0,0.1,00:00:00,0.0,1.0,-0.4,245.0
2025-05-27 12:51:34.656,0.8,30.5,0.0,0.1,00:00:00,0.0,1.0,-0.4,245.0
2025-05-27 12:51:35.656,0.8,30.6,0.0,0.1,00:00:00,0.0,1.0,-0.4,245.0
2025-05-27 12:51:36.659,0.8,30.5,0.0,0.0,00:00:00,0.0,1.0,-0.5,245.0
2025-05-27 12:51:37.658,0.8,30.5,0.0,0.0,00:00:00,0.0,1.0,-0.5,245.0
2025-05-27 12:51:38.660,0.8,30.4,0.0,0.1,00:00:00,0.0,1.1,-0.5,245.0
2025-05-27 12:51:39.656,0.8,30.5,0.0,0.1,00:00:00,0.0,1.1,-0.6,245.0
2025-05-27 12:51:40.658,0.7,30.4,-0.0,0.1,00:00:00,0.0,1.1,-0.5,245.0
2025-05-27 12:51:41.656,0.7,30.3,-0.0,0.1,00:00:00,0.0,1.2,-0.5,246.0
2025-05-27 12:51:42.657,0.7,30.1,-0.0,0.1,00:00:00,0.0,1.2,-0.5,246.0
2025-05-27 12:51:43.658,0.6,30.0,-0.0,0.1,00:00:00,0.0,1.2,-0.4,246.0
2025-05-27 12:51:44.659,0.5,29.9,-0.0,0.2,00:00:00,0.0,1.2,-0.4,246.0
2025-05-27 12:51:45.661,0.5,29.7,-0.0,0.2,00:00:00,0.0,1.2,-0.5,246.0
2025-05-27 12:51:46.657,0.5,29.5,-0.0,0.1,00:00:00,0.0,1.1,-0.5,246.0
2025-05-27 12:51:47.657,0.5,29.3,-0.0,0.1,00:00:00,0.0,1.1,-0.6,246.0
2025-05-27 12:51:48.659,0.6,29.1,0.0,0.1,00:00:00,0.0,1.0,-0.5,246.0
2025-05-27 12:51:49.660,0.7,28.8,0.0,0.1,00:00:00,0.0,1.0,-0.6,246.0
2025-05-27 12:51:50.658,0.8,28.6,0.1,0.1,00:00:00,0.0,1.0,-0.6,246.0
2025-05-27 12:51:51.659,0.8,28.3,0.0,0.1,00:00:00,0.0,1.0,-0.5,246.0
2025-05-27 12:51:52.660,0.9,28.0,0.1,0.2,00:00:00,0.0,-0.5,-3.1,246.0
2025-05-27 12:51:53.658,0.9,27.7,0.1,0.1,00:00:00,0.0,0.8,-1.3,244.0
2025-05-27 12:51:54.658,0.8,27.4,0.0,0.1,00:00:00,0.0,0.9,-1.3,244.0
2025-05-27 12:51:55.660,0.7,27.2,-0.0,0.1,00:00:00,0.0,0.9,-1.2,244.0
2025-05-27 12:51:56.658,0.7,26.8,-0.0,0.1,00:00:00,0.0,0.9,-1.2,244.0
2025-05-27 12:51:57.659,0.7,26.4,0.0,0.1,00:00:00,0.0,0.9,-1.0,244.0
2025-05-27 12:51:58.658,0.8,25.9,0.0,0.2,00:00:00,0.0,0.9,-0.9,244.0
2025-05-27 12:51:59.658,0.9,25.4,0.0,0.2,00:00:00,0.0,0.8,-0.9,244.0
2025-05-27 12:52:00.658,0.9,25.1,0.0,0.2,00:00:00,0.0,0.9,-0.8,244.0
2025-05-27 12:52:01.659,1.0,24.7,0.1,0.2,00:00:00,0.0,0.9,-0.8,244.0
2025-05-27 12:52:02.659,1.0,24.3,0.0,0.2,00:00:00,0.0,0.9,-0.8,244.0
2025-05-27 12:52:03.659,0.9,24.0,0.0,0.2,00:00:00,0.0,0.9,-0.8,244.0
2025-05-27 12:52:04.659,0.9,23.9,0.0,0.1,00:00:00,0.0,1.0,-0.8,244.0
2025-05-27 12:52:05.659,0.9,23.8,0.0,0.2,00:00:00,0.0,1.0,-0.9,244.0
2025-05-27 12:52:06.658,0.9,23.7,-0.0,0.2,00:00:00,0.0,1.1,-0.9,244.0
2025-05-27 12:52:07.659,0.9,23.7,-0.0,0.2,00:00:00,0.0,1.2,-0.8,244.0
2025-05-27 12:52:08.660,0.9,23.9,-0.0,0.2,00:00:00,0.0,1.2,-0.8,244.0
2025-05-27 12:52:09.661,0.8,24.1,-0.0,0.3,00:00:00,0.0,1.2,-0.8,244.0
2025-05-27 12:52:10.659,0.7,24.3,-0.1,0.3,00:00:00,0.0,1.2,-0.7,244.0
2025-05-27 12:52:11.658,0.6,24.6,-0.1,0.4,00:00:00,0.0,1.2,-0.7,244.0
2025-05-27 12:52:12.658,0.5,25.0,-0.1,0.4,00:00:00,0.0,1.2,-0.7,244.0
2025-05-27 12:52:13.657,0.5,25.3,-0.1,0.4,00:00:00,0.0,1.1,-0.6,244.0
2025-05-27 12:52:14.658,0.6,25.5,-0.0,0.3,00:00:00,0.0,1.1,-0.5,244.0
2025-05-27 12:52:15.659,0.6,25.9,-0.0,0.3,00:00:00,0.0,1.0,-0.4,244.0
2025-05-27 12:52:16.658,0.6,26.4,-0.0,0.4,00:00:00,0.0,0.9,-0.4,244.0
2025-05-27 12:52:17.658,0.5,27.1,-0.1,0.4,00:00:00,0.0,1.0,-0.4,244.0
2025-05-27 12:52:18.660,0.5,27.7,-0.1,0.4,00:00:00,0.0,1.0,-0.4,244.0
2025-05-27 12:52:19.660,0.5,28.2,-0.0,0.3,00:00:00,0.0,0.9,-0.4,245.0
2025-05-27 12:52:20.660,0.6,28.7,-0.0,0.3,00:00:00,0.0,0.9,-0.4,245.0
2025-05-27 12:52:21.660,0.6,29.0,-0.0,0.3,00:00:00,0.0,0.8,-0.4,245.0
2025-05-27 12:52:22.660,0.6,29.4,-0.0,0.3,00:00:00,0.0,0.8,-0.5,245.0
2025-05-27 12:52:23.658,0.7,29.8,-0.0,0.3,00:00:00,0.0,0.9,-0.5,245.0
2025-05-27 12:52:24.659,0.7,30.1,0.0,0.3,00:00:00,0.0,0.8,-0.5,245.0
2025-05-27 12:52:25.657,0.7,30.4,-0.0,0.3,00:00:00,0.0,0.9,-0.5,245.0
2025-05-27 12:52:26.658,0.7,30.4,-0.0,0.2,00:00:00,0.0,0.9,-0.6,245.0
2025-05-27 12:52:27.657,0.7,30.4,-0.0,0.2,00:00:00,0.0,0.9,-0.5,245.0
2025-05-27 12:52:28.661,0.8,30.3,0.0,0.1,00:00:00,0.0,0.8,-0.5,245.0
2025-05-27 12:52:29.658,0.9,30.1,0.0,0.1,00:00:00,0.0,0.8,-0.5,245.0
2025-05-27 12:52:30.658,0.9,29.7,0.0,0.1,00:00:00,0.0,0.9,-0.5,245.0
2025-05-27 12:52:31.661,1.0,29.2,0.0,0.2,00:00:00,0.0,0.9,-0.4,245.0
2025-05-27 12:52:32.659,1.0,28.6,0.1,0.2,00:00:00,0.0,0.9,-0.4,245.0
2025-05-27 12:52:33.658,1.1,28.2,0.1,0.2,00:00:00,0.0,1.0,-0.5,245.0
2025-05-27 12:52:34.658,1.1,27.8,0.1,0.2,00:00:00,0.0,1.0,-0.5,245.0
2025-05-27 12:52:35.658,1.1,27.5,0.1,0.3,00:00:00,0.0,0.9,-0.5,245.0
2025-05-27 12:52:36.659,1.1,27.2,0.1,0.2,00:00:00,0.0,1.0,-0.6,245.0
2025-05-27 12:52:37.659,1.2,27.1,0.0,0.2,00:00:00,0.0,1.0,-0.6,245.0
2025-05-27 12:52:38.656,1.1,26.9,0.0,0.2,00:00:00,0.0,1.0,-0.6,245.0
2025-05-27 12:52:39.659,1.1,26.5,0.0,0.2,00:00:00,0.0,0.9,-0.6,245.0
2025-05-27 12:52:40.661,1.1,25.9,0.0,0.3,00:00:00,0.0,0.8,-0.6,245.0
2025-05-27 12:52:41.657,1.1,25.2,0.0,0.3,00:00:00,0.0,0.8,-0.7,245.0
2025-05-27 12:52:42.658,1.1,24.5,0.1,0.3,00:00:00,0.0,0.8,-0.8,245.0
2025-05-27 12:52:43.659,1.2,23.9,0.1,0.4,00:00:00,0.0,0.8,-0.8,245.0
2025-05-27 12:52:44.659,1.3,23.1,0.1,0.4,00:00:00,0.0,0.8,-0.8,245.0
2025-05-27 12:52:45.659,1.3,22.6,0.1,0.3,00:00:00,0.0,0.9,-0.9,245.0
2025-05-27 12:52:46.666,1.4,22.1,0.1,0.3,00:00:00,0.0,0.9,-0.9,245.0
2025-05-27 12:52:47.659,1.5,21.7,0.1,0.3,00:00:00,0.0,1.0,-0.9,245.0
2025-05-27 12:52:48.659,1.5,21.4,0.1,0.3,00:00:00,0.0,1.1,-0.9,245.0
2025-05-27 12:52:49.659,1.5,21.0,0.1,0.2,00:00:00,0.0,1.1,-0.9,245.0
2025-05-27 12:52:50.658,1.5,20.7,0.1,0.2,00:00:00,0.0,1.1,-0.9,245.0
2025-05-27 12:52:51.660,1.5,20.4,0.1,0.2,00:00:00,0.0,1.1,-0.8,245.0
2025-05-27 12:52:52.657,1.5,19.9,0.1,0.2,00:00:00,0.0,1.1,-0.8,245.0
2025-05-27 12:52:53.659,1.5,19.6,0.1,0.2,00:00:00,0.0,1.1,-0.7,245.0
2025-05-27 12:52:54.659,1.4,19.6,0.1,0.1,00:00:00,0.0,1.2,-0.7,245.0
2025-05-27 12:52:55.659,1.3,19.5,0.0,0.1,00:00:00,0.0,1.2,-0.7,245.0
2025-05-27 12:52:56.659,1.1,19.7,-0.0,0.2,00:00:00,0.0,1.3,-0.7,245.0
2025-05-27 12:52:57.659,0.9,19.8,-0.1,0.3,00:00:00,0.0,1.3,-0.7,245.0
2025-05-27 12:52:58.659,0.9,19.8,-0.1,0.3,00:00:00,0.0,1.3,-0.7,245.0
2025-05-27 12:52:59.657,0.8,19.7,-0.1,0.2,00:00:00,0.0,1.2,-0.7,245.0
2025-05-27 12:53:00.658,0.9,19.0,-0.0,0.1,00:00:00,0.0,1.1,-0.6,245.0
2025-05-27 12:53:01.657,0.9,18.5,0.0,0.2,00:00:00,0.0,1.0,-0.6,245.0
2025-05-27 12:53:02.659,1.0,18.0,0.0,0.2,00:00:00,0.0,0.9,-0.6,245.0
2025-05-27 12:53:03.657,1.0,17.7,0.0,0.2,00:00:00,0.0,0.9,-0.6,245.0
2025-05-27 12:53:04.657,1.0,17.2,0.0,0.3,00:00:00,0.0,0.8,-0.6,245.0
2025-05-27 12:53:05.661,1.0,16.7,0.1,0.4,00:00:00,0.0,0.7,-0.6,245.0
2025-05-27 12:53:06.659,1.0,16.1,0.0,0.4,00:00:00,0.0,0.8,-0.5,245.0
2025-05-27 12:53:07.660,0.9,15.7,0.0,0.4,00:00:00,0.0,0.8,-0.5,245.0
2025-05-27 12:53:08.659,0.9,15.0,0.0,0.3,00:00:00,0.0,0.9,-0.4,245.0
2025-05-27 12:53:09.658,0.8,15.0,-0.0,0.2,00:00:00,0.0,1.1,-0.4,245.0
2025-05-27 12:53:10.657,0.8,15.2,-0.0,0.1,00:00:00,0.0,1.1,-0.5,245.0
2025-05-27 12:53:11.657,0.7,15.4,0.0,0.1,00:00:00,0.0,1.2,-0.5,245.0
2025-05-27 12:53:12.657,0.7,15.8,-0.0,0.3,00:00:00,0.0,1.2,-0.5,245.0
2025-05-27 12:53:13.657,0.7,16.1,-0.0,0.3,00:00:00,0.0,1.1,-0.5,245.0
2025-05-27 12:53:14.659,0.6,16.1,-0.0,0.3,00:00:00,0.0,1.0,-0.5,245.0
2025-05-27 12:53:15.658,0.6,16.3,-0.0,0.3,00:00:00,0.0,1.0,-0.6,245.0
2025-05-27 12:53:16.657,0.6,16.6,-0.0,0.3,00:00:00,0.0,0.9,-0.7,245.0
2025-05-27 12:53:17.659,0.5,16.9,-0.0,0.3,00:00:00,0.0,0.9,-0.7,245.0
2025-05-27 12:53:18.661,0.4,17.3,-0.1,0.3,00:00:00,0.0,1.0,-0.8,245.0
2025-05-27 12:53:19.658,0.3,17.8,-0.1,0.3,00:00:00,0.0,1.0,-0.8,245.0
2025-05-27 12:53:20.658,0.3,18.1,-0.1,0.3,00:00:00,0.0,0.9,-0.8,245.0
2025-05-27 12:53:21.658,0.4,18.4,-0.1,0.2,00:00:00,0.0,0.8,-0.8,245.0
2025-05-27 12:53:22.658,0.5,18.8,-0.0,0.2,00:00:00,0.0,0.8,-0.8,245.0
2025-05-27 12:53:23.659,0.5,19.2,-0.0,0.3,00:00:00,0.0,0.8,-0.8,245.0
2025-05-27 12:53:24.658,0.6,20.1,0.0,0.4,00:00:00,0.0,0.9,-0.8,245.0
2025-05-27 12:53:25.659,0.6,20.7,-0.0,0.5,00:00:00,0.0,0.9,-0.8,245.0
2025-05-27 12:53:26.659,0.6,21.2,0.0,0.5,00:00:00,0.0,0.9,-0.8,245.0
2025-05-27 12:53:27.659,0.6,21.9,0.0,0.6,00:00:00,0.0,0.9,-0.8,245.0
2025-05-27 12:53:28.660,0.8,22.5,0.0,0.6,00:00:00,0.0,0.9,-0.8,245.0
2025-05-27 12:53:29.659,0.9,23.0,0.1,0.6,00:00:00,0.0,0.8,-0.8,245.0
2025-05-27 12:53:30.660,1.0,23.1,0.1,0.3,00:00:00,0.0,0.7,-0.7,245.0
2025-05-27 12:53:31.658,0.9,22.6,0.1,0.0,00:00:00,0.0,0.5,-0.4,245.0
2025-05-27 12:53:32.659,0.9,21.7,0.0,0.4,00:00:00,0.0,0.4,-0.2,245.0
2025-05-27 12:53:33.658,0.9,21.3,0.0,0.5,00:00:00,0.0,0.4,-0.1,245.0
2025-05-27 12:53:34.659,0.9,21.3,0.0,0.5,00:00:00,0.0,0.5,-0.3,245.0
2025-05-27 12:53:35.660,1.0,21.7,0.1,0.3,00:00:00,0.0,0.7,-0.4,245.0
2025-05-27 12:53:36.659,1.0,22.7,0.1,0.2,00:00:00,0.0,1.0,-0.6,245.0
2025-05-27 12:53:37.656,1.0,23.5,0.0,0.4,00:00:00,0.0,1.0,-0.7,245.0
2025-05-27 12:53:38.659,1.0,24.2,0.1,0.5,00:00:00,0.0,1.0,-0.8,245.0
2025-05-27 12:53:39.659,1.0,25.0,0.1,0.6,00:00:00,0.0,1.0,-0.9,245.0
2025-05-27 12:53:40.659,1.0,25.9,0.0,0.7,00:00:00,0.0,1.0,-0.9,245.0
2025-05-27 12:53:41.660,1.1,26.5,0.1,0.7,00:00:00,0.0,0.9,-0.9,245.0
2025-05-27 12:53:42.659,1.1,26.9,0.1,0.6,00:00:00,0.0,0.8,-0.8,245.0
2025-05-27 12:53:43.661,1.1,27.3,0.1,0.6,00:00:00,0.0,0.8,-0.7,245.0
2025-05-27 12:53:44.658,1.3,27.8,0.1,0.6,00:00:00,0.0,0.8,-0.7,245.0
2025-05-27 12:53:45.660,1.3,28.4,0.1,0.7,00:00:00,0.0,0.7,-0.7,245.0
2025-05-27 12:53:46.660,1.4,28.9,0.1,0.6,00:00:00,0.0,0.7,-0.7,245.0
2025-05-27 12:53:47.659,1.4,29.4,0.1,0.5,00:00:00,0.0,0.6,-0.6,245.0
2025-05-27 12:53:48.658,1.3,30.1,0.1,0.5,00:00:00,0.0,0.7,-0.6,245.0
2025-05-27 12:53:49.658,1.3,30.6,0.0,0.4,00:00:00,0.0,0.7,-0.5,245.0
2025-05-27 12:53:50.657,1.2,31.2,0.0,0.4,00:00:00,0.0,0.7,-0.4,245.0
2025-05-27 12:53:51.660,1.1,31.8,-0.0,0.4,00:00:00,0.0,0.7,-0.3,245.0
2025-05-27 12:53:52.659,1.0,32.2,-0.1,0.3,00:00:00,0.0,0.7,-0.3,245.0
2025-05-27 12:53:53.659,1.0,32.4,-0.1,0.2,00:00:00,0.0,0.6,-0.3,245.0
2025-05-27 12:53:54.658,1.0,32.1,-0.0,0.0,00:00:00,0.0,0.4,-0.3,245.0
2025-05-27 12:53:55.659,1.1,31.3,0.0,0.3,00:00:00,0.0,0.3,-0.2,245.0
2025-05-27 12:53:56.657,1.2,30.2,0.1,0.4,00:00:00,0.0,0.4,-0.3,245.0
2025-05-27 12:53:57.658,1.3,29.8,0.1,0.4,00:00:00,0.0,0.5,-0.4,245.0
2025-05-27 12:53:58.659,1.2,29.5,0.0,0.3,00:00:00,0.0,0.6,-0.4,245.0
2025-05-27 12:53:59.659,1.3,29.6,0.0,0.1,00:00:00,0.0,0.8,-0.6,245.0
2025-05-27 12:54:00.660,1.2,29.8,0.0,0.0,00:00:00,0.0,0.9,-0.6,245.0
2025-05-27 12:54:01.659,1.2,30.1,-0.0,0.1,00:00:00,0.0,0.9,-0.6,245.0
2025-05-27 12:54:02.659,1.2,30.4,-0.0,0.2,00:00:00,0.0,1.0,-0.7,245.0
2025-05-27 12:54:03.658,1.1,30.6,-0.0,0.2,00:00:00,0.0,0.9,-0.6,245.0
2025-05-27 12:54:04.660,1.0,30.7,-0.0,0.1,00:00:00,0.0,0.9,-0.6,245.0
2025-05-27 12:54:05.659,1.0,30.8,-0.0,0.1,00:00:00,0.0,0.9,-0.5,245.0
2025-05-27 12:54:06.658,1.0,30.8,-0.0,0.1,00:00:00,0.0,0.9,-0.6,245.0
2025-05-27 12:54:07.660,1.1,30.6,-0.0,0.0,00:00:00,0.0,0.8,-0.5,245.0
2025-05-27 12:54:08.657,1.1,30.5,0.0,0.0,00:00:00,0.0,0.8,-0.5,245.0
2025-05-27 12:54:09.659,1.1,30.2,0.0,0.0,00:00:00,0.0,0.8,-0.5,245.0
2025-05-27 12:54:10.658,1.2,29.8,0.0,0.1,00:00:00,0.0,0.7,-0.4,245.0
2025-05-27 12:54:11.659,1.2,29.4,0.0,0.2,00:00:00,0.0,0.8,-0.5,245.0
2025-05-27 12:54:12.659,1.2,29.1,0.0,0.1,00:00:00,0.0,0.9,-0.6,245.0
2025-05-27 12:54:13.658,1.2,28.9,0.0,0.1,00:00:00,0.0,0.9,-0.7,245.0
2025-05-27 12:54:14.659,1.0,29.1,-0.0,0.1,00:00:00,0.0,1.1,-0.7,245.0
2025-05-27 12:54:15.660,0.8,29.4,-0.1,0.3,00:00:00,0.0,1.3,-0.8,245.0
2025-05-27 12:54:16.658,0.8,29.9,-0.0,0.4,00:00:00,0.0,1.3,-0.9,245.0
2025-05-27 12:54:17.661,0.8,30.6,-0.0,0.6,00:00:00,0.0,1.4,-0.9,245.0
2025-05-27 12:54:18.660,0.8,31.4,-0.1,0.7,00:00:00,0.0,1.4,-0.9,245.0
2025-05-27 12:54:19.658,0.6,32.4,-0.1,0.8,00:00:00,0.0,1.3,-0.8,245.0
2025-05-27 12:54:20.658,0.5,33.8,-0.1,0.8,00:00:00,0.0,1.2,-0.8,245.0
2025-05-27 12:54:21.659,0.4,34.9,-0.1,0.8,00:00:00,0.0,1.1,-0.7,245.0
2025-05-27 12:54:22.659,0.3,36.0,-0.1,0.8,00:00:00,0.0,1.0,-0.6,245.0
2025-05-27 12:54:23.660,0.2,36.9,-0.1,0.7,00:00:00,0.0,0.9,-0.5,245.0
2025-05-27 12:54:24.661,0.1,37.9,-0.1,0.6,00:00:00,0.0,0.7,-0.4,245.0
2025-05-27 12:54:25.657,0.1,38.7,-0.1,0.5,00:00:00,0.0,0.6,-0.3,245.0
2025-05-27 12:54:26.660,0.2,39.3,-0.1,0.4,00:00:00,0.0,0.4,-0.3,245.0
2025-05-27 12:54:27.661,0.4,39.7,-0.0,0.2,00:00:00,0.0,0.3,-0.3,245.0
2025-05-27 12:54:28.658,0.5,39.8,0.0,0.0,00:00:00,0.0,0.3,-0.2,245.0
2025-05-27 12:54:29.660,0.6,39.7,0.0,0.1,00:00:00,0.0,0.3,-0.1,245.0
2025-05-27 12:54:30.659,0.7,39.1,0.0,0.3,00:00:00,0.0,0.3,-0.1,245.0
2025-05-27 12:54:31.659,0.9,37.7,0.1,0.7,00:00:00,0.0,0.1,-0.0,245.0
2025-05-27 12:54:32.658,1.0,35.9,0.1,1.1,00:00:00,0.0,0.1,-0.0,245.0
2025-05-27 12:54:33.660,1.1,33.8,0.2,1.5,00:00:00,0.0,0.1,0.0,245.0
2025-05-27 12:54:34.659,1.2,32.3,0.2,1.5,00:00:00,0.0,0.3,-0.2,245.0
2025-05-27 12:54:35.658,1.3,31.3,0.2,1.2,00:00:00,0.0,0.7,-0.5,245.0
2025-05-27 12:54:36.659,1.3,30.0,0.2,1.0,00:00:00,0.0,1.0,-0.8,245.0
2025-05-27 12:54:37.659,1.3,29.0,0.2,0.7,00:00:00,0.0,1.2,-1.1,245.0
2025-05-27 12:54:38.659,1.2,28.5,0.1,0.5,00:00:00,0.0,1.2,-1.3,245.0
2025-05-27 12:54:39.659,1.2,28.4,0.1,0.3,00:00:00,0.0,1.4,-1.4,245.0
2025-05-27 12:54:40.661,1.2,28.7,0.1,0.2,00:00:00,0.0,1.5,-1.3,245.0
2025-05-27 12:54:41.659,1.1,29.3,0.0,0.3,00:00:00,0.0,1.6,-1.4,245.0
2025-05-27 12:54:42.658,0.9,30.1,0.0,0.6,00:00:00,0.0,1.6,-1.4,245.0
2025-05-27 12:54:43.661,0.8,30.9,-0.0,0.7,00:00:00,0.0,1.6,-1.3,245.0
2025-05-27 12:54:44.658,0.7,31.3,-0.0,0.6,00:00:00,0.0,1.4,-1.1,245.0
2025-05-27 12:54:45.660,0.7,31.4,0.0,0.4,00:00:00,0.0,1.1,-1.0,245.0
2025-05-27 12:54:46.660,0.7,31.7,0.0,0.3,00:00:00,0.0,0.9,-0.9,245.0
2025-05-27 12:54:47.659,0.7,32.1,-0.0,0.3,00:00:00,0.0,0.8,-0.8,245.0
2025-05-27 12:54:48.659,0.7,32.6,0.0,0.3,00:00:00,0.0,0.8,-0.8,245.0
2025-05-27 12:54:49.657,0.8,32.9,0.0,0.3,00:00:00,0.0,0.7,-0.7,245.0
2025-05-27 12:54:50.659,0.7,33.3,0.0,0.2,00:00:00,0.0,0.7,-0.6,245.0
2025-05-27 12:54:51.658,0.7,33.6,0.0,0.1,00:00:00,0.0,0.6,-0.5,245.0
2025-05-27 12:54:52.658,0.6,33.8,-0.0,0.0,00:00:00,0.0,0.6,-0.4,245.0
2025-05-27 12:54:53.659,0.6,33.9,0.0,0.1,00:00:00,0.0,0.5,-0.4,245.0
2025-05-27 12:54:54.662,0.7,34.0,0.0,0.1,00:00:00,0.0,0.5,-0.4,245.0
2025-05-27 12:54:55.658,0.7,34.2,0.0,0.1,00:00:00,0.0,0.6,-0.4,245.0
2025-05-27 12:54:56.660,0.7,34.3,0.0,0.0,00:00:00,0.0,0.7,-0.4,245.0
2025-05-27 12:54:57.660,0.7,34.5,0.0,0.0,00:00:00,0.0,0.7,-0.5,245.0
2025-05-27 12:54:58.657,0.7,34.7,0.0,0.0,00:00:00,0.0,0.7,-0.5,245.0
2025-05-27 12:54:59.662,0.7,34.9,0.0,0.1,00:00:00,0.0,0.7,-0.5,245.0
2025-05-27 12:55:00.660,0.8,35.2,0.0,0.1,00:00:00,0.0,0.8,-0.6,245.0
2025-05-27 12:55:01.659,0.8,35.4,0.0,0.1,00:00:00,0.0,0.8,-0.5,245.0
2025-05-27 12:55:02.657,0.7,35.5,0.0,0.1,00:00:00,0.0,0.8,-0.5,246.0
2025-05-27 12:55:03.660,0.8,35.6,0.0,0.0,00:00:00,0.0,0.8,-0.4,245.0
2025-05-27 12:55:04.658,0.8,35.5,0.0,0.1,00:00:00,0.0,0.7,-0.4,246.0
2025-05-27 12:55:05.659,0.7,35.6,-0.0,0.0,00:00:00,0.0,0.8,-0.4,246.0
2025-05-27 12:55:06.658,0.7,35.7,0.0,0.0,00:00:00,0.0,0.8,-0.4,246.0
2025-05-27 12:55:07.658,0.7,35.7,-0.0,0.1,00:00:00,0.0,0.8,-0.4,246.0
2025-05-27 12:55:08.659,0.6,35.8,-0.0,0.0,00:00:00,0.0,0.8,-0.5,246.0
2025-05-27 12:55:09.660,0.6,35.9,-0.0,0.0,00:00:00,0.0,0.9,-0.5,246.0
2025-05-27 12:55:10.658,0.7,36.1,-0.0,0.1,00:00:00,0.0,1.0,-0.6,246.0
2025-05-27 12:55:11.660,0.7,36.1,-0.0,0.1,00:00:00,0.0,1.0,-0.6,246.0
2025-05-27 12:55:12.658,0.7,36.1,-0.0,0.1,00:00:00,0.0,1.0,-0.7,246.0
2025-05-27 12:55:13.660,0.8,36.2,0.0,0.2,00:00:00,0.0,1.0,-0.7,246.0
2025-05-27 12:55:14.659,0.7,36.2,0.0,0.1,00:00:00,0.0,1.0,-0.7,246.0
2025-05-27 12:55:15.657,0.8,36.2,0.0,0.1,00:00:00,0.0,1.0,-0.7,246.0
2025-05-27 12:55:16.659,0.8,36.1,0.0,0.1,00:00:00,0.0,0.9,-0.7,246.0
2025-05-27 12:55:17.657,0.8,35.9,0.0,0.1,00:00:00,0.0,0.9,-0.7,246.0
2025-05-27 12:55:18.657,0.9,35.6,0.0,0.0,00:00:00,0.0,0.9,-0.8,246.0
2025-05-27 12:55:19.657,0.9,35.3,0.0,0.0,00:00:00,0.0,0.9,-0.8,246.0
2025-05-27 12:55:20.659,1.0,35.0,0.0,0.0,00:00:00,0.0,0.9,-0.8,246.0
2025-05-27 12:55:21.656,1.0,34.7,0.1,0.1,00:00:00,0.0,0.9,-0.8,246.0
2025-05-27 12:55:22.659,1.1,34.4,0.0,0.1,00:00:00,0.0,0.9,-0.8,246.0
2025-05-27 12:55:23.657,1.1,34.1,0.1,0.1,00:00:00,0.0,1.0,-0.7,246.0
2025-05-27 12:55:24.659,1.1,33.9,0.0,0.0,00:00:00,0.0,1.1,-0.7,246.0
2025-05-27 12:55:25.660,1.0,33.7,0.0,0.0,00:00:00,0.0,1.2,-0.7,246.0
2025-05-27 12:55:26.659,1.0,33.5,0.0,0.0,00:00:00,0.0,1.1,-0.7,246.0
2025-05-27 12:55:27.660,1.0,33.1,0.0,0.1,00:00:00,0.0,1.1,-0.6,246.0
2025-05-27 12:55:28.659,1.1,32.8,0.0,0.1,00:00:00,0.0,1.1,-0.6,246.0
2025-05-27 12:55:29.659,1.1,32.4,0.0,0.1,00:00:00,0.0,1.2,-0.6,246.0
2025-05-27 12:55:30.658,1.1,32.1,0.0,0.0,00:00:00,0.0,1.2,-0.7,246.0
2025-05-27 12:55:31.659,1.1,31.8,0.0,0.0,00:00:00,0.0,1.3,-0.7,246.0
2025-05-27 12:55:32.658,1.1,31.3,0.0,0.0,00:00:00,0.0,1.2,-0.7,246.0
2025-05-27 12:55:33.657,1.1,31.0,0.0,0.0,00:00:00,0.0,1.2,-0.6,246.0
2025-05-27 12:55:34.660,1.0,30.8,0.0,0.0,00:00:00,0.0,1.2,-0.6,246.0
2025-05-27 12:55:35.658,1.0,30.5,0.0,0.0,00:00:00,0.0,1.2,-0.6,246.0
2025-05-27 12:55:36.660,1.0,30.2,0.0,0.0,00:00:00,0.0,1.2,-0.6,246.0
2025-05-27 12:55:37.659,1.0,29.8,0.0,0.0,00:00:00,0.0,1.1,-0.6,246.0
2025-05-27 12:55:38.660,0.9,29.4,0.0,0.0,00:00:00,0.0,1.1,-0.6,246.0
2025-05-27 12:55:39.660,0.9,29.0,0.0,0.0,00:00:00,0.0,1.1,-0.7,246.0
2025-05-27 12:55:40.659,0.9,28.6,0.0,0.1,00:00:00,0.0,1.1,-0.7,246.0
2025-05-27 12:55:41.660,0.9,28.3,0.0,0.0,00:00:00,0.0,1.2,-0.7,246.0
2025-05-27 12:55:42.657,0.9,28.1,0.0,0.0,00:00:00,0.0,1.2,-0.7,246.0
2025-05-27 12:55:43.657,1.0,27.9,0.0,0.0,00:00:00,0.0,1.1,-0.8,246.0
2025-05-27 12:55:44.657,1.0,27.8,0.0,0.1,00:00:00,0.0,1.1,-0.8,246.0
2025-05-27 12:55:45.661,1.0,27.8,0.0,0.1,00:00:00,0.0,1.1,-0.7,246.0
2025-05-27 12:55:46.659,0.9,27.8,-0.0,0.1,00:00:00,0.0,1.1,-0.7,246.0
2025-05-27 12:55:47.657,0.9,27.8,-0.0,0.1,00:00:00,0.0,1.1,-0.7,246.0
2025-05-27 12:55:48.660,0.8,27.9,-0.0,0.1,00:00:00,0.0,1.1,-0.7,246.0
2025-05-27 12:55:49.659,0.8,27.9,-0.0,0.1,00:00:00,0.0,1.0,-0.7,246.0
2025-05-27 12:55:50.660,0.8,27.8,-0.0,0.1,00:00:00,0.0,1.0,-0.6,246.0
2025-05-27 12:55:51.661,0.9,27.8,-0.0,0.1,00:00:00,0.0,0.9,-0.7,246.0
2025-05-27 12:55:52.660,1.0,27.8,0.0,0.1,00:00:00,0.0,0.9,-0.6,246.0
2025-05-27 12:55:53.660,1.0,27.8,-0.0,0.1,00:00:00,0.0,0.8,-0.6,246.0
2025-05-27 12:55:54.660,1.0,27.8,0.0,0.1,00:00:00,0.0,0.8,-0.6,246.0
2025-05-27 12:55:55.658,1.0,27.8,0.0,0.1,00:00:00,0.0,0.9,-0.6,246.0
2025-05-27 12:55:56.658,1.0,27.9,0.0,0.1,00:00:00,0.0,0.9,-0.5,246.0
2025-05-27 12:55:57.658,0.9,27.9,-0.0,0.1,00:00:00,0.0,0.9,-0.5,246.0
2025-05-27 12:55:58.656,0.9,28.0,-0.0,0.1,00:00:00,0.0,1.0,-0.5,246.0
2025-05-27 12:55:59.657,0.9,28.0,-0.0,0.1,00:00:00,0.0,1.0,-0.6,246.0
2025-05-27 12:56:00.657,0.9,28.1,-0.0,0.1,00:00:00,0.0,1.0,-0.6,246.0
2025-05-27 12:56:01.659,0.9,28.2,-0.0,0.1,00:00:00,0.0,1.1,-0.5,246.0
2025-05-27 12:56:02.660,1.0,28.4,-0.0,0.2,00:00:00,0.0,1.0,-0.5,246.0
2025-05-27 12:56:03.657,1.0,28.5,0.0,0.1,00:00:00,0.0,1.0,-0.5,246.0
2025-05-27 12:56:04.660,1.0,28.6,0.0,0.1,00:00:00,0.0,0.9,-0.5,246.0
2025-05-27 12:56:05.662,1.0,28.8,0.0,0.1,00:00:00,0.0,0.9,-0.5,246.0
2025-05-27 12:56:06.659,1.0,29.0,0.0,0.1,00:00:00,0.0,1.0,-0.5,246.0
2025-05-27 12:56:07.660,1.0,29.1,0.0,0.1,00:00:00,0.0,0.9,-0.5,246.0
2025-05-27 12:56:08.656,1.1,29.2,0.1,0.1,00:00:00,0.0,0.9,-0.5,246.0
2025-05-27 12:56:09.659,1.1,29.2,0.0,0.1,00:00:00,0.0,1.0,-0.4,246.0
2025-05-27 12:56:10.657,1.1,29.1,0.0,0.0,00:00:00,0.0,1.0,-0.4,246.0
2025-05-27 12:56:11.658,1.0,29.1,0.0,0.0,00:00:00,0.0,1.0,-0.5,246.0
2025-05-27 12:56:12.660,1.1,29.0,0.0,0.0,00:00:00,0.0,1.0,-0.5,246.0
2025-05-27 12:56:13.658,1.0,29.1,0.0,0.1,00:00:00,0.0,1.1,-0.5,246.0
2025-05-27 12:56:14.660,1.0,29.2,0.0,0.1,00:00:00,0.0,1.1,-0.6,246.0
2025-05-27 12:56:15.657,1.0,29.2,0.0,0.1,00:00:00,0.0,1.0,-0.6,246.0
2025-05-27 12:56:16.659,0.9,29.3,-0.0,0.1,00:00:00,0.0,1.0,-0.6,246.0
2025-05-27 12:56:17.658,0.9,29.5,-0.0,0.1,00:00:00,0.0,1.0,-0.7,246.0
2025-05-27 12:56:18.659,0.8,29.6,-0.0,0.1,00:00:00,0.0,1.0,-0.7,246.0
2025-05-27 12:56:19.660,0.8,30.0,-0.0,0.2,00:00:00,0.0,1.0,-0.7,246.0
2025-05-27 12:56:20.659,0.7,30.3,-0.0,0.2,00:00:00,0.0,1.0,-0.7,246.0
2025-05-27 12:56:21.658,0.7,30.8,-0.0,0.2,00:00:00,0.0,1.0,-0.7,246.0
2025-05-27 12:56:22.658,0.8,31.1,0.0,0.2,00:00:00,0.0,0.9,-0.7,246.0
2025-05-27 12:56:23.659,0.9,31.4,-0.0,0.2,00:00:00,0.0,0.9,-0.7,246.0
2025-05-27 12:56:24.660,0.9,31.8,0.0,0.2,00:00:00,0.0,0.9,-0.7,246.0
2025-05-27 12:56:25.658,0.9,32.1,0.0,0.2,00:00:00,0.0,0.9,-0.7,246.0
2025-05-27 12:56:26.657,0.9,32.4,0.0,0.2,00:00:00,0.0,0.9,-0.6,246.0
2025-05-27 12:56:27.659,1.0,32.6,0.0,0.2,00:00:00,0.0,0.8,-0.6,246.0
2025-05-27 12:56:28.660,1.1,32.9,0.0,0.2,00:00:00,0.0,0.8,-0.6,246.0
2025-05-27 12:56:29.660,1.0,33.3,0.0,0.1,00:00:00,0.0,0.8,-0.6,246.0
2025-05-27 12:56:30.657,1.0,33.6,0.0,0.1,00:00:00,0.0,0.8,-0.6,246.0
2025-05-27 12:56:31.659,1.0,33.8,0.0,0.1,00:00:00,0.0,0.8,-0.6,246.0
2025-05-27 12:56:32.660,0.9,34.1,-0.0,0.2,00:00:00,0.0,0.8,-0.6,246.0
2025-05-27 12:56:33.659,0.9,34.4,-0.0,0.2,00:00:00,0.0,0.9,-0.6,246.0
2025-05-27 12:56:34.657,0.9,34.6,-0.0,0.2,00:00:00,0.0,0.8,-0.6,246.0
2025-05-27 12:56:35.659,0.9,34.8,-0.0,0.2,00:00:00,0.0,0.9,-0.6,246.0
2025-05-27 12:56:36.657,0.8,34.9,-0.0,0.1,00:00:00,0.0,0.8,-0.5,246.0
2025-05-27 12:56:37.658,0.9,35.0,0.0,0.1,00:00:00,0.0,0.9,-0.5,246.0
2025-05-27 12:56:38.660,0.9,34.9,0.0,0.0,00:00:00,0.0,0.9,-0.5,246.0
2025-05-27 12:56:39.660,0.9,34.9,0.0,0.0,00:00:00,0.0,0.9,-0.6,246.0
2025-05-27 12:56:40.659,1.0,34.9,0.0,0.0,00:00:00,0.0,0.9,-0.5,246.0
2025-05-27 12:56:41.659,1.0,34.8,0.0,0.0,00:00:00,0.0,0.8,-0.6,246.0
2025-05-27 12:56:42.659,1.0,34.7,0.0,0.1,00:00:00,0.0,0.8,-0.6,246.0
2025-05-27 12:56:43.656,1.1,34.5,0.0,0.1,00:00:00,0.0,0.9,-0.6,246.0
2025-05-27 12:56:44.658,1.1,34.4,0.0,0.1,00:00:00,0.0,0.9,-0.6,246.0
2025-05-27 12:56:45.659,1.0,34.3,0.0,0.1,00:00:00,0.0,1.0,-0.6,246.0
2025-05-27 12:56:46.657,1.0,34.2,0.0,0.1,00:00:00,0.0,1.1,-0.6,246.0
2025-05-27 12:56:47.657,1.1,33.9,0.1,0.1,00:00:00,0.0,1.0,-0.6,246.0
2025-05-27 12:56:48.659,1.1,33.8,0.1,0.1,00:00:00,0.0,1.1,-0.6,246.0
2025-05-27 12:56:49.659,1.0,33.9,0.0,0.1,00:00:00,0.0,1.2,-0.6,246.0
2025-05-27 12:56:50.659,0.9,34.1,-0.0,0.2,00:00:00,0.0,1.2,-0.5,246.0
2025-05-27 12:56:51.659,0.8,34.2,-0.0,0.2,00:00:00,0.0,1.2,-0.6,246.0
2025-05-27 12:56:52.661,0.8,34.4,-0.0,0.2,00:00:00,0.0,1.2,-0.6,246.0
2025-05-27 12:56:53.659,0.8,34.6,-0.0,0.2,00:00:00,0.0,1.1,-0.6,246.0
2025-05-27 12:56:54.658,0.7,34.8,-0.0,0.2,00:00:00,0.0,1.1,-0.6,246.0
2025-05-27 12:56:55.659,0.7,34.8,-0.0,0.2,00:00:00,0.0,1.0,-0.7,246.0
2025-05-27 12:56:56.659,0.8,34.9,-0.0,0.1,00:00:00,0.0,0.9,-0.6,246.0
2025-05-27 12:56:57.658,0.9,34.9,0.0,0.1,00:00:00,0.0,0.9,-0.6,246.0
2025-05-27 12:56:58.658,1.0,34.8,0.1,0.0,00:00:00,0.0,0.8,-0.6,246.0
2025-05-27 12:56:59.659,1.1,34.7,0.1,0.1,00:00:00,0.0,0.7,-0.6,246.0
2025-05-27 12:57:00.658,1.2,34.5,0.1,0.1,00:00:00,0.0,0.7,-0.6,246.0
2025-05-27 12:57:01.657,1.2,34.4,0.1,0.1,00:00:00,0.0,0.7,-0.6,246.0
2025-05-27 12:57:02.656,1.2,34.4,0.1,0.1,00:00:00,0.0,0.7,-0.6,246.0
2025-05-27 12:57:03.658,1.2,34.3,0.0,0.1,00:00:00,0.0,0.8,-0.6,246.0
2025-05-27 12:57:04.659,1.1,34.3,0.0,0.0,00:00:00,0.0,0.9,-0.6,246.0
2025-05-27 12:57:05.659,1.1,34.5,0.0,0.0,00:00:00,0.0,0.9,-0.6,246.0
2025-05-27 12:57:06.658,1.1,34.5,-0.0,0.1,00:00:00,0.0,0.9,-0.6,246.0
2025-05-27 12:57:07.658,1.0,34.7,-0.0,0.1,00:00:00,0.0,0.9,-0.6,246.0
2025-05-27 12:57:08.657,1.0,34.7,-0.0,0.1,00:00:00,0.0,0.9,-0.6,246.0
2025-05-27 12:57:09.658,1.0,34.8,-0.0,0.1,00:00:00,0.0,0.9,-0.6,246.0
2025-05-27 12:57:10.658,1.0,34.8,-0.0,0.1,00:00:00,0.0,0.9,-0.7,246.0
2025-05-27 12:57:11.658,1.0,34.8,-0.0,0.0,00:00:00,0.0,0.8,-0.7,246.0
2025-05-27 12:57:12.658,1.0,34.7,-0.0,0.0,00:00:00,0.0,0.8,-0.7,246.0
2025-05-27 12:57:13.658,1.0,34.7,-0.0,0.0,00:00:00,0.0,0.9,-0.7,246.0
2025-05-27 12:57:14.658,1.0,34.7,-0.0,0.0,00:00:00,0.0,0.9,-0.7,246.0
2025-05-27 12:57:15.660,0.9,34.6,-0.0,0.0,00:00:00,0.0,1.0,-0.7,246.0
2025-05-27 12:57:16.660,0.9,34.6,-0.0,0.0,00:00:00,0.0,1.0,-0.7,246.0
2025-05-27 12:57:17.658,0.9,34.5,-0.0,0.0,00:00:00,0.0,1.0,-0.7,246.0
2025-05-27 12:57:18.658,0.9,34.5,-0.0,0.1,00:00:00,0.0,1.0,-0.7,246.0
2025-05-27 12:57:19.658,0.9,34.6,-0.0,0.1,00:00:00,0.0,1.0,-0.7,247.0
2025-05-27 12:57:20.657,0.9,34.6,-0.0,0.2,00:00:00,0.0,1.0,-0.8,247.0
2025-05-27 12:57:21.659,0.9,34.6,-0.0,0.1,00:00:00,0.0,0.9,-0.7,247.0
2025-05-27 12:57:22.657,1.0,34.5,-0.0,0.1,00:00:00,0.0,1.0,-0.6,247.0
2025-05-27 12:57:23.660,1.0,34.4,-0.0,0.1,00:00:00,0.0,1.1,-0.6,247.0
2025-05-27 12:57:24.658,1.0,34.1,-0.0,0.0,00:00:00,0.0,1.0,-0.6,247.0
2025-05-27 12:57:25.659,1.0,33.8,-0.0,0.0,00:00:00,0.0,1.1,-0.6,247.0
2025-05-27 12:57:26.658,1.1,33.5,0.0,0.0,00:00:00,0.0,1.0,-0.6,247.0
2025-05-27 12:57:27.659,1.2,33.1,0.0,0.1,00:00:00,0.0,1.1,-0.5,247.0
2025-05-27 12:57:28.657,1.2,32.7,0.1,0.2,00:00:00,0.0,1.1,-0.4,247.0
2025-05-27 12:57:29.661,1.3,32.3,0.1,0.2,00:00:00,0.0,1.1,-0.5,247.0
2025-05-27 12:57:30.658,1.3,31.9,0.1,0.3,00:00:00,0.0,1.1,-0.5,247.0
2025-05-27 12:57:31.659,1.4,31.5,0.1,0.3,00:00:00,0.0,1.2,-0.6,247.0
2025-05-27 12:57:32.658,1.4,31.3,0.1,0.3,00:00:00,0.0,1.4,-0.6,247.0
2025-05-27 12:57:33.660,1.5,31.1,0.1,0.3,00:00:00,0.0,1.4,-0.6,247.0
2025-05-27 12:57:34.660,1.4,31.0,0.1,0.4,00:00:00,0.0,1.4,-0.6,247.0
2025-05-27 12:57:35.659,1.5,30.9,0.1,0.4,00:00:00,0.0,1.3,-0.6,247.0
2025-05-27 12:57:36.660,1.6,30.8,0.1,0.4,00:00:00,0.0,1.3,-0.7,247.0
2025-05-27 12:57:37.659,1.7,30.8,0.1,0.4,00:00:00,0.0,1.3,-0.9,247.0
2025-05-27 12:57:38.659,1.7,30.7,0.1,0.3,00:00:00,0.0,1.2,-0.9,247.0
2025-05-27 12:57:39.659,1.6,30.5,0.1,0.2,00:00:00,0.0,1.2,-0.9,247.0
2025-05-27 12:57:40.660,1.6,30.4,0.1,0.1,00:00:00,0.0,1.1,-1.0,247.0
2025-05-27 12:57:41.660,1.5,30.2,0.0,0.1,00:00:00,0.0,1.1,-1.0,247.0
2025-05-27 12:57:42.659,1.5,29.9,0.0,0.1,00:00:00,0.0,1.1,-1.0,247.0
2025-05-27 12:57:43.658,1.5,29.7,0.1,0.0,00:00:00,0.0,1.1,-1.1,247.0
2025-05-27 12:57:44.657,1.4,29.3,0.0,0.1,00:00:00,0.0,1.1,-1.0,247.0
2025-05-27 12:57:45.661,1.3,28.9,0.0,0.1,00:00:00,0.0,1.1,-1.0,247.0
2025-05-27 12:57:46.657,1.2,28.4,-0.0,0.2,00:00:00,0.0,1.1,-1.1,247.0
2025-05-27 12:57:47.657,1.1,28.0,-0.0,0.2,00:00:00,0.0,1.1,-1.0,247.0
2025-05-27 12:57:48.659,1.1,27.8,0.0,0.1,00:00:00,0.0,1.3,-0.9,247.0
2025-05-27 12:57:49.659,1.1,27.8,0.0,0.1,00:00:00,0.0,1.3,-0.8,247.0
2025-05-27 12:57:50.658,1.2,27.6,0.0,0.1,00:00:00,0.0,1.2,-0.8,247.0
2025-05-27 12:57:51.657,1.1,27.3,0.0,0.1,00:00:00,0.0,1.2,-0.8,247.0
2025-05-27 12:57:52.659,1.1,27.0,0.0,0.1,00:00:00,0.0,1.1,-0.7,247.0
2025-05-27 12:57:53.660,1.0,26.8,-0.0,0.0,00:00:00,0.0,1.1,-0.6,247.0
2025-05-27 12:57:54.657,1.0,26.6,0.0,0.1,00:00:00,0.0,1.2,-0.6,247.0
2025-05-27 12:57:55.659,1.1,26.5,0.0,0.1,00:00:00,0.0,1.2,-0.6,247.0
2025-05-27 12:57:56.658,1.1,26.3,0.0,0.2,00:00:00,0.0,1.2,-0.6,247.0
2025-05-27 12:57:57.658,1.1,26.1,0.0,0.2,00:00:00,0.0,1.2,-0.6,247.0
2025-05-27 12:57:58.657,1.2,26.0,0.0,0.2,00:00:00,0.0,1.2,-0.6,247.0
2025-05-27 12:57:59.657,1.2,26.1,0.0,0.3,00:00:00,0.0,1.3,-0.5,247.0
2025-05-27 12:58:00.660,1.3,26.2,0.1,0.3,00:00:00,0.0,1.2,-0.6,247.0
2025-05-27 12:58:01.657,1.3,26.2,0.1,0.3,00:00:00,0.0,1.2,-0.6,247.0
2025-05-27 12:58:02.660,1.3,26.1,0.0,0.2,00:00:00,0.0,1.2,-0.8,247.0
2025-05-27 12:58:03.658,1.1,26.4,0.0,0.3,00:00:00,0.0,1.3,-0.8,247.0
2025-05-27 12:58:04.658,1.0,26.7,0.0,0.3,00:00:00,0.0,1.3,-0.7,247.0
2025-05-27 12:58:05.656,1.0,26.6,0.0,0.2,00:00:00,0.0,1.3,-0.8,247.0
2025-05-27 12:58:06.658,1.0,26.2,-0.0,0.3,00:00:00,0.0,1.3,-1.0,247.0
2025-05-27 12:58:07.659,0.9,25.5,-0.0,0.5,00:00:00,0.0,1.1,-1.1,247.0
2025-05-27 12:58:08.659,0.8,24.6,-0.0,0.7,00:00:00,0.0,1.1,-1.1,247.0
2025-05-27 12:58:09.659,0.7,23.6,-0.1,0.8,00:00:00,0.0,1.0,-1.1,247.0
2025-05-27 12:58:10.658,0.7,22.6,-0.1,0.9,00:00:00,0.0,1.0,-1.0,247.0
2025-05-27 12:58:11.660,0.7,21.8,-0.1,0.8,00:00:00,0.0,1.1,-0.8,247.0
2025-05-27 12:58:12.657,0.7,21.2,-0.1,0.6,00:00:00,0.0,1.1,-0.6,247.0
2025-05-27 12:58:13.661,0.8,20.8,-0.0,0.4,00:00:00,0.0,1.2,-0.4,247.0
2025-05-27 12:58:14.658,0.8,20.4,-0.0,0.2,00:00:00,0.0,1.3,-0.3,247.0
2025-05-27 12:58:15.657,0.8,20.0,-0.0,0.1,00:00:00,0.0,1.3,-0.3,247.0
2025-05-27 12:58:16.658,0.8,19.2,-0.0,0.1,00:00:00,0.0,1.3,-0.4,247.0
2025-05-27 12:58:17.658,0.7,18.1,-0.0,0.3,00:00:00,0.0,1.3,-0.5,247.0
2025-05-27 12:58:18.657,0.7,17.3,-0.1,0.4,00:00:00,0.0,1.3,-0.6,247.0
2025-05-27 12:58:19.660,0.7,16.7,-0.1,0.5,00:00:00,0.0,1.3,-0.7,247.0
2025-05-27 12:58:20.658,0.6,16.2,-0.1,0.5,00:00:00,0.0,1.4,-0.7,247.0
2025-05-27 12:58:21.658,0.6,15.9,-0.1,0.3,00:00:00,0.0,1.6,-0.6,247.0
2025-05-27 12:58:22.656,0.7,15.3,-0.0,0.2,00:00:00,0.0,1.4,-0.4,247.0
2025-05-27 12:58:23.657,0.8,14.9,-0.0,0.1,00:00:00,0.0,1.4,-0.3,247.0
2025-05-27 12:58:24.660,0.8,14.6,0.0,0.0,00:00:00,0.0,1.4,-0.3,247.0
2025-05-27 12:58:25.660,0.9,14.3,0.0,0.1,00:00:00,0.0,1.4,-0.2,247.0
2025-05-27 12:58:26.657,1.0,14.0,0.0,0.2,00:00:00,0.0,1.4,-0.3,247.0
2025-05-27 12:58:27.659,1.0,13.7,0.1,0.2,00:00:00,0.0,1.3,-0.4,247.0
2025-05-27 12:58:28.657,1.1,13.5,0.0,0.2,00:00:00,0.0,1.3,-0.5,247.0
2025-05-27 12:58:29.658,1.1,13.2,0.0,0.1,00:00:00,0.0,1.1,-0.5,247.0
2025-05-27 12:58:30.658,1.0,13.0,0.0,0.1,00:00:00,0.0,1.1,-0.6,247.0
2025-05-27 12:58:31.658,1.0,12.9,0.0,0.1,00:00:00,0.0,1.2,-0.7,247.0
2025-05-27 12:58:32.657,0.9,12.8,-0.0,0.1,00:00:00,0.0,1.2,-0.7,247.0
2025-05-27 12:58:33.658,0.9,12.7,-0.0,0.1,00:00:00,0.0,1.2,-0.8,247.0
2025-05-27 12:58:34.657,0.9,12.7,-0.0,0.1,00:00:00,0.0,1.2,-0.9,247.0
2025-05-27 12:58:35.658,0.8,12.9,-0.1,0.2,00:00:00,0.0,1.2,-0.9,247.0
2025-05-27 12:58:36.659,0.7,13.2,-0.1,0.3,00:00:00,0.0,1.2,-0.9,247.0
2025-05-27 12:58:37.659,0.6,13.5,-0.1,0.3,00:00:00,0.0,1.2,-0.8,247.0
2025-05-27 12:58:38.657,0.6,14.1,-0.1,0.3,00:00:00,0.0,1.2,-0.8,247.0
2025-05-27 12:58:39.658,0.7,14.3,-0.0,0.3,00:00:00,0.0,1.0,-0.9,247.0
2025-05-27 12:58:40.661,0.7,14.7,-0.0,0.3,00:00:00,0.0,1.0,-0.8,247.0
2025-05-27 12:58:41.659,0.7,15.3,-0.0,0.4,00:00:00,0.0,1.2,-0.8,247.0
2025-05-27 12:58:42.657,0.7,15.9,-0.1,0.4,00:00:00,0.0,1.2,-0.8,247.0
2025-05-27 12:58:43.659,0.6,16.5,-0.0,0.5,00:00:00,0.0,1.2,-0.7,247.0
2025-05-27 12:58:44.658,0.7,16.9,-0.0,0.4,00:00:00,0.0,1.1,-0.7,247.0
2025-05-27 12:58:45.656,0.6,17.2,-0.1,0.3,00:00:00,0.0,1.0,-0.8,247.0
2025-05-27 12:58:46.658,0.5,17.7,-0.1,0.3,00:00:00,0.0,1.0,-0.7,247.0
2025-05-27 12:58:47.658,0.6,17.9,-0.0,0.2,00:00:00,0.0,0.9,-0.7,247.0
2025-05-27 12:58:48.656,0.7,17.8,-0.0,0.1,00:00:00,0.0,0.8,-0.6,247.0
2025-05-27 12:58:49.658,0.7,17.8,0.0,0.0,00:00:00,0.0,0.8,-0.6,247.0
2025-05-27 12:58:50.656,0.8,17.7,0.0,0.0,00:00:00,0.0,0.7,-0.6,247.0
2025-05-27 12:58:51.658,0.9,17.5,0.0,0.1,00:00:00,0.0,0.7,-0.6,247.0
2025-05-27 12:58:52.656,0.9,17.5,0.0,0.1,00:00:00,0.0,0.8,-0.6,247.0
2025-05-27 12:58:53.659,0.8,17.4,0.0,0.1,00:00:00,0.0,0.9,-0.7,247.0
2025-05-27 12:58:54.658,0.9,17.3,0.0,0.0,00:00:00,0.0,0.9,-0.7,247.0
2025-05-27 12:58:55.658,0.9,17.2,0.0,0.0,00:00:00,0.0,0.9,-0.8,247.0
2025-05-27 12:58:56.661,0.9,16.9,0.0,0.1,00:00:00,0.0,0.9,-0.7,247.0
2025-05-27 12:58:57.657,1.1,16.6,0.1,0.1,00:00:00,0.0,0.9,-0.7,247.0
2025-05-27 12:58:58.658,1.1,16.3,0.1,0.1,00:00:00,0.0,1.0,-0.7,247.0
2025-05-27 12:58:59.659,1.0,15.9,0.0,0.2,00:00:00,0.0,0.9,-0.7,247.0
2025-05-27 12:59:00.657,1.0,15.2,0.0,0.3,00:00:00,0.0,0.9,-0.7,247.0
2025-05-27 12:59:01.659,0.9,14.5,0.0,0.4,00:00:00,0.0,0.9,-0.7,247.0
2025-05-27 12:59:02.658,0.9,13.6,0.0,0.4,00:00:00,0.0,0.9,-0.7,247.0
2025-05-27 12:59:03.657,0.9,13.1,0.0,0.3,00:00:00,0.0,1.0,-0.7,247.0
2025-05-27 12:59:04.658,0.9,12.7,-0.0,0.3,00:00:00,0.0,1.1,-0.7,247.0
2025-05-27 12:59:05.657,0.9,12.3,-0.0,0.3,00:00:00,0.0,1.1,-0.8,247.0
2025-05-27 12:59:06.658,0.9,11.9,-0.0,0.2,00:00:00,0.0,1.1,-0.8,247.0
2025-05-27 12:59:07.658,0.9,11.7,0.0,0.1,00:00:00,0.0,1.2,-0.8,247.0
2025-05-27 12:59:08.658,0.9,11.8,0.0,0.1,00:00:00,0.0,1.3,-0.7,247.0
2025-05-27 12:59:09.657,0.9,12.0,-0.0,0.2,00:00:00,0.0,1.4,-0.7,247.0
2025-05-27 12:59:10.659,0.9,12.4,-0.0,0.3,00:00:00,0.0,1.4,-0.7,247.0
2025-05-27 12:59:11.658,0.9,12.7,0.0,0.4,00:00:00,0.0,1.4,-0.7,247.0
2025-05-27 12:59:12.659,1.0,12.8,0.0,0.3,00:00:00,0.0,1.3,-0.7,247.0
2025-05-27 12:59:13.659,1.0,12.8,0.0,0.3,00:00:00,0.0,1.3,-0.7,247.0
2025-05-27 12:59:14.656,1.0,13.1,-0.0,0.4,00:00:00,0.0,1.3,-0.7,247.0
2025-05-27 12:59:15.661,0.9,14.3,-0.0,0.8,00:00:00,0.0,1.5,-0.7,247.0
2025-05-27 12:59:16.657,0.8,15.9,-0.1,1.1,00:00:00,0.0,1.7,-0.7,247.0
2025-05-27 12:59:17.656,0.7,17.9,-0.1,1.4,00:00:00,0.0,1.8,-0.7,247.0
2025-05-27 12:59:18.657,0.7,20.3,-0.1,1.5,00:00:00,0.0,1.7,-0.7,247.0
2025-05-27 12:59:19.658,0.7,22.0,-0.0,1.6,00:00:00,0.0,1.5,-0.7,247.0
2025-05-27 12:59:20.658,0.8,23.4,-0.0,1.4,00:00:00,0.0,1.2,-0.7,247.0
2025-05-27 12:59:21.658,0.8,24.5,-0.0,1.2,00:00:00,0.0,0.9,-0.6,247.0
2025-05-27 12:59:22.659,0.7,25.6,-0.0,1.0,00:00:00,0.0,0.6,-0.6,247.0
2025-05-27 12:59:23.660,0.8,26.4,0.0,0.7,00:00:00,0.0,0.4,-0.5,247.0
2025-05-27 12:59:24.659,0.9,27.2,0.0,0.4,00:00:00,0.0,0.1,-0.5,247.0
2025-05-27 12:59:25.659,1.0,28.0,0.1,0.2,00:00:00,0.0,0.0,-0.5,247.0
2025-05-27 12:59:26.661,1.0,28.9,0.1,0.1,00:00:00,0.0,-0.1,-0.4,247.0
2025-05-27 12:59:27.660,1.0,29.8,0.0,0.1,00:00:00,0.0,-0.0,-0.4,247.0
2025-05-27 12:59:28.659,0.9,31.1,0.0,0.2,00:00:00,0.0,0.2,-0.4,247.0
2025-05-27 12:59:29.656,0.9,32.4,0.0,0.3,00:00:00,0.0,0.4,-0.4,247.0
2025-05-27 12:59:30.657,0.9,33.6,0.0,0.4,00:00:00,0.0,0.5,-0.5,247.0
2025-05-27 12:59:31.658,0.9,34.6,0.0,0.5,00:00:00,0.0,0.5,-0.4,247.0
2025-05-27 12:59:32.658,1.0,35.4,0.0,0.4,00:00:00,0.0,0.5,-0.5,247.0
2025-05-27 12:59:33.657,0.9,35.9,0.0,0.3,00:00:00,0.0,0.4,-0.4,247.0
2025-05-27 12:59:34.659,1.0,36.2,0.0,0.2,00:00:00,0.0,0.4,-0.5,247.0
2025-05-27 12:59:35.659,1.0,36.3,0.0,0.1,00:00:00,0.0,0.3,-0.5,247.0
2025-05-27 12:59:36.658,1.1,36.3,0.0,0.1,00:00:00,0.0,0.2,-0.5,247.0
2025-05-27 12:59:37.658,1.1,35.8,0.1,0.3,00:00:00,0.0,0.1,-0.5,247.0
2025-05-27 12:59:38.658,1.2,35.3,0.1,0.4,00:00:00,0.0,0.2,-0.4,247.0
2025-05-27 12:59:39.658,1.2,35.0,0.0,0.4,00:00:00,0.0,0.3,-0.4,247.0
2025-05-27 12:59:40.659,1.1,35.0,0.0,0.3,00:00:00,0.0,0.5,-0.4,247.0
2025-05-27 12:59:41.658,1.0,35.2,-0.0,0.1,00:00:00,0.0,0.7,-0.4,247.0
2025-05-27 12:59:42.657,1.0,35.6,-0.0,0.1,00:00:00,0.0,0.9,-0.4,247.0
2025-05-27 12:59:43.660,1.0,35.3,-0.0,0.0,00:00:00,0.0,0.9,-0.4,247.0
2025-05-27 12:59:44.658,1.0,34.7,-0.0,0.1,00:00:00,0.0,0.8,-0.4,247.0
2025-05-27 12:59:45.656,1.0,34.3,-0.0,0.1,00:00:00,0.0,0.9,-0.5,247.0
2025-05-27 12:59:46.658,1.1,33.5,-0.0,0.3,00:00:00,0.0,0.9,-0.5,247.0
2025-05-27 12:59:47.659,1.1,32.6,0.0,0.4,00:00:00,0.0,0.8,-0.5,247.0
2025-05-27 12:59:48.661,1.2,31.5,0.0,0.5,00:00:00,0.0,0.7,-0.6,247.0
2025-05-27 12:59:49.657,1.3,30.3,0.0,0.7,00:00:00,0.0,0.6,-0.7,247.0
2025-05-27 12:59:50.659,1.3,28.7,0.0,0.7,00:00:00,0.0,0.7,-0.7,247.0
2025-05-27 12:59:51.660,1.4,27.7,0.1,0.7,00:00:00,0.0,0.8,-0.7,247.0
2025-05-27 12:59:52.658,1.3,27.1,0.1,0.6,00:00:00,0.0,1.0,-0.7,247.0
2025-05-27 12:59:53.657,1.3,26.5,0.1,0.5,00:00:00,0.0,1.1,-0.7,247.0
2025-05-27 12:59:54.657,1.3,25.8,0.1,0.4,00:00:00,0.0,1.2,-0.8,247.0
2025-05-27 12:59:55.658,1.3,25.2,0.0,0.4,00:00:00,0.0,1.2,-0.8,247.0
2025-05-27 12:59:56.658,1.2,24.8,0.0,0.2,00:00:00,0.0,1.3,-0.7,247.0
2025-05-27 12:59:57.658,1.1,24.1,-0.0,0.2,00:00:00,0.0,1.3,-0.7,247.0
2025-05-27 12:59:58.657,1.1,22.9,-0.0,0.3,00:00:00,0.0,1.3,-0.7,247.0
2025-05-27 12:59:59.657,1.1,21.9,-0.0,0.3,00:00:00,0.0,1.3,-0.6,247.0
2025-05-27 13:00:00.658,1.1,21.1,-0.0,0.2,00:00:00,0.0,1.5,-0.6,247.0
2025-05-27 13:00:01.660,1.1,20.2,-0.0,0.1,00:00:00,0.0,1.5,-0.6,247.0
2025-05-27 13:00:02.657,1.1,19.4,-0.0,0.1,00:00:00,0.0,1.6,-0.5,247.0
2025-05-27 13:00:03.660,1.1,18.7,-0.0,0.0,00:00:00,0.0,1.6,-0.6,247.0
2025-05-27 13:00:04.658,1.1,17.9,-0.0,0.1,00:00:00,0.0,1.5,-0.6,247.0
2025-05-27 13:00:05.657,1.0,17.0,-0.0,0.1,00:00:00,0.0,1.5,-0.5,247.0
2025-05-27 13:00:06.659,1.0,16.2,-0.0,0.0,00:00:00,0.0,1.5,-0.5,247.0
2025-05-27 13:00:07.659,1.0,15.8,0.0,0.0,00:00:00,0.0,1.5,-0.6,247.0
2025-05-27 13:00:08.657,1.0,15.3,-0.0,0.1,00:00:00,0.0,1.5,-0.6,247.0
2025-05-27 13:00:09.658,1.0,14.9,0.0,0.1,00:00:00,0.0,1.5,-0.6,247.0
2025-05-27 13:00:10.658,1.1,14.6,0.0,0.1,00:00:00,0.0,1.4,-0.6,247.0
2025-05-27 13:00:11.657,1.1,14.2,0.0,0.1,00:00:00,0.0,1.3,-0.6,247.0
2025-05-27 13:00:12.658,1.1,13.8,0.0,0.0,00:00:00,0.0,1.2,-0.6,247.0
2025-05-27 13:00:13.658,1.1,13.6,0.0,0.1,00:00:00,0.0,1.3,-0.6,247.0
2025-05-27 13:00:14.658,1.1,13.5,0.0,0.1,00:00:00,0.0,1.2,-0.6,247.0
2025-05-27 13:00:15.657,1.2,13.5,0.0,0.1,00:00:00,0.0,1.1,-0.6,247.0
2025-05-27 13:00:16.658,1.2,13.6,0.0,0.1,00:00:00,0.0,1.0,-0.5,247.0
2025-05-27 13:00:17.658,1.3,13.7,0.0,0.1,00:00:00,0.0,1.0,-0.5,247.0
2025-05-27 13:00:18.657,1.3,13.9,0.0,0.1,00:00:00,0.0,0.9,-0.6,247.0
2025-05-27 13:00:19.658,1.2,14.1,0.0,0.1,00:00:00,0.0,0.9,-0.6,247.0
2025-05-27 13:00:20.658,1.3,14.3,0.0,0.1,00:00:00,0.0,0.9,-0.6,247.0
2025-05-27 13:00:21.658,1.3,14.3,0.0,0.0,00:00:00,0.0,0.8,-0.6,247.0
2025-05-27 13:00:22.659,1.3,14.3,0.0,0.0,00:00:00,0.0,0.8,-0.6,247.0
2025-05-27 13:00:23.659,1.2,14.3,-0.0,0.0,00:00:00,0.0,0.8,-0.6,247.0
2025-05-27 13:00:24.657,1.2,14.4,-0.0,0.1,00:00:00,0.0,0.9,-0.6,247.0
2025-05-27 13:00:25.656,1.2,14.5,-0.0,0.1,00:00:00,0.0,0.9,-0.6,247.0
2025-05-27 13:00:26.656,1.2,14.4,-0.0,0.0,00:00:00,0.0,0.9,-0.7,247.0
2025-05-27 13:00:27.658,1.2,14.2,0.0,0.0,00:00:00,0.0,0.9,-0.6,247.0
2025-05-27 13:00:28.658,1.2,14.3,-0.0,0.1,00:00:00,0.0,1.0,-0.6,247.0
2025-05-27 13:00:29.656,1.3,14.3,0.0,0.1,00:00:00,0.0,1.0,-0.6,247.0
2025-05-27 13:00:30.658,1.3,14.2,0.0,0.1,00:00:00,0.0,0.9,-0.7,247.0
2025-05-27 13:00:31.657,1.3,14.1,0.0,0.1,00:00:00,0.0,1.0,-0.7,247.0
2025-05-27 13:00:32.658,1.3,14.0,0.0,0.1,00:00:00,0.0,0.9,-0.7,247.0
2025-05-27 13:00:33.660,1.3,13.8,0.0,0.1,00:00:00,0.0,0.9,-0.7,247.0
2025-05-27 13:00:34.657,1.3,13.7,0.0,0.2,00:00:00,0.0,0.9,-0.7,247.0
2025-05-27 13:00:35.656,1.3,13.4,0.0,0.2,00:00:00,0.0,0.9,-0.7,247.0
2025-05-27 13:00:36.658,1.4,13.3,0.0,0.1,00:00:00,0.0,0.9,-0.6,247.0
2025-05-27 13:00:37.658,1.4,13.5,0.0,0.2,00:00:00,0.0,1.0,-0.6,247.0
2025-05-27 13:00:38.657,1.4,13.9,0.0,0.2,00:00:00,0.0,1.0,-0.6,247.0
2025-05-27 13:00:39.658,1.3,14.2,0.0,0.2,00:00:00,0.0,1.0,-0.5,247.0
2025-05-27 13:00:40.658,1.3,14.8,0.0,0.2,00:00:00,0.0,1.0,-0.5,247.0
2025-05-27 13:00:41.657,1.3,15.3,0.0,0.2,00:00:00,0.0,0.9,-0.4,247.0
2025-05-27 13:00:42.659,1.4,15.6,0.0,0.1,00:00:00,0.0,0.7,-0.4,247.0
2025-05-27 13:00:43.659,1.4,15.8,0.0,0.1,00:00:00,0.0,0.7,-0.4,247.0
2025-05-27 13:00:44.657,1.4,15.9,0.0,0.0,00:00:00,0.0,0.7,-0.4,247.0
2025-05-27 13:00:45.658,1.3,16.1,0.0,0.1,00:00:00,0.0,0.7,-0.4,247.0
2025-05-27 13:00:46.660,1.3,16.5,0.0,0.1,00:00:00,0.0,0.8,-0.4,247.0
2025-05-27 13:00:47.658,1.3,16.9,0.0,0.1,00:00:00,0.0,0.8,-0.4,247.0
2025-05-27 13:00:48.659,1.3,17.6,0.0,0.2,00:00:00,0.0,0.8,-0.5,247.0
2025-05-27 13:00:49.659,1.3,18.0,0.0,0.2,00:00:00,0.0,0.8,-0.5,247.0
2025-05-27 13:00:50.658,1.3,18.2,-0.0,0.1,00:00:00,0.0,0.8,-0.6,247.0
2025-05-27 13:00:51.659,1.2,18.5,-0.0,0.2,00:00:00,0.0,0.9,-0.7,247.0
2025-05-27 13:00:52.658,1.1,18.5,-0.0,0.1,00:00:00,0.0,0.8,-0.6,247.0
2025-05-27 13:00:53.659,1.1,18.0,-0.0,0.1,00:00:00,0.0,0.7,-0.6,247.0
2025-05-27 13:00:54.657,1.1,16.9,-0.0,0.3,00:00:00,0.0,0.6,-0.4,247.0
2025-05-27 13:00:55.657,1.1,16.1,0.0,0.4,00:00:00,0.0,0.5,-0.3,247.0
2025-05-27 13:00:56.659,1.0,15.3,-0.0,0.5,00:00:00,0.0,0.7,-0.1,247.0
2025-05-27 13:00:57.657,1.0,14.4,-0.0,0.5,00:00:00,0.0,0.6,-0.1,247.0
2025-05-27 13:00:58.658,1.1,13.6,0.0,0.4,00:00:00,0.0,0.8,-0.1,247.0
2025-05-27 13:00:59.658,1.1,12.8,0.0,0.4,00:00:00,0.0,1.0,0.0,247.0
2025-05-27 13:01:00.658,1.1,11.9,0.0,0.4,00:00:00,0.0,0.8,-0.1,247.0
2025-05-27 13:01:01.659,1.2,11.3,-0.0,0.2,00:00:00,0.0,0.7,-0.2,247.0
2025-05-27 13:01:02.658,1.1,10.5,-0.0,0.2,00:00:00,0.0,0.6,-0.2,247.0
2025-05-27 13:01:03.659,1.1,10.0,-0.0,0.2,00:00:00,0.0,0.6,-0.3,247.0
2025-05-27 13:01:04.657,1.1,9.5,-0.0,0.2,00:00:00,0.0,0.8,-0.4,247.0
2025-05-27 13:01:05.657,1.1,8.9,-0.0,0.1,00:00:00,0.0,0.5,-0.2,247.0
2025-05-27 13:01:06.659,1.1,8.4,-0.0,0.1,00:00:00,0.0,0.7,-0.2,247.0
2025-05-27 13:01:07.657,1.1,7.8,-0.0,0.1,00:00:00,0.0,1.2,-0.7,247.0
2025-05-27 13:01:08.657,1.2,7.1,0.0,0.2,00:00:00,0.0,1.2,-0.7,247.0
2025-05-27 13:01:09.658,1.2,6.5,0.0,0.2,00:00:00,0.0,1.2,-0.7,246.0
2025-05-27 13:01:10.657,1.3,6.0,0.0,0.1,00:00:00,0.0,1.2,-0.8,246.0
2025-05-27 13:01:11.658,1.4,5.7,0.0,0.1,00:00:00,0.0,1.2,-0.7,246.0
2025-05-27 13:01:12.657,1.4,5.5,0.0,0.0,00:00:00,0.0,1.2,-0.8,246.0
2025-05-27 13:01:13.658,1.4,5.4,0.0,0.0,00:00:00,0.0,1.2,-0.8,246.0
2025-05-27 13:01:14.657,1.4,5.3,0.0,0.1,00:00:00,0.0,1.0,-0.8,246.0
2025-05-27 13:01:15.658,1.4,5.3,0.0,0.1,00:00:00,0.0,1.0,-0.8,246.0
2025-05-27 13:01:16.659,1.4,5.3,0.0,0.0,00:00:00,0.0,0.9,-0.7,246.0
2025-05-27 13:01:17.660,1.4,5.2,-0.0,0.0,00:00:00,0.0,0.9,-0.7,246.0
2025-05-27 13:01:18.657,1.4,5.4,-0.0,0.1,00:00:00,0.0,0.9,-0.7,246.0
2025-05-27 13:01:19.660,1.4,5.5,0.0,0.1,00:00:00,0.0,0.9,-0.7,246.0
2025-05-27 13:01:20.656,1.5,5.4,0.0,0.0,00:00:00,0.0,0.8,-0.7,246.0
2025-05-27 13:01:21.658,1.5,5.3,0.0,0.0,00:00:00,0.0,0.8,-0.6,246.0
2025-05-27 13:01:22.656,1.5,5.2,0.0,0.1,00:00:00,0.0,0.7,-0.4,246.0
2025-05-27 13:01:23.657,1.6,5.1,0.0,0.1,00:00:00,0.0,0.7,-0.4,246.0
2025-05-27 13:01:24.658,1.5,5.1,0.0,0.0,00:00:00,0.0,0.7,-0.4,246.0
2025-05-27 13:01:25.658,1.5,5.0,0.0,0.1,00:00:00,0.0,0.8,-0.5,246.0
2025-05-27 13:01:26.658,1.5,4.8,0.0,0.1,00:00:00,0.0,0.7,-0.5,246.0
2025-05-27 13:01:27.658,1.5,5.1,0.0,0.1,00:00:00,0.0,0.6,-0.6,246.0
2025-05-27 13:01:28.657,1.5,5.6,0.0,0.1,00:00:00,0.0,0.8,-0.9,246.0
2025-05-27 13:01:29.660,1.6,6.2,0.0,0.2,00:00:00,0.0,0.8,-0.8,246.0
2025-05-27 13:01:30.657,1.6,6.8,0.0,0.1,00:00:00,0.0,0.8,-0.8,246.0
2025-05-27 13:01:31.660,1.7,7.8,0.0,0.3,00:00:00,0.0,1.9,-0.0,244.0
2025-05-27 13:01:32.659,1.7,7.8,0.0,0.3,00:00:00,0.0,1.9,-0.0,244.0
2025-05-27 13:01:33.656,1.7,7.8,0.0,0.3,00:00:00,0.0,1.9,-0.0,244.0
2025-05-27 13:01:34.657,1.7,7.8,0.0,0.3,00:00:00,0.0,1.9,-0.0,244.0
2025-05-27 13:01:35.657,1.7,7.8,0.0,0.3,00:00:00,0.0,1.9,-0.0,244.0
2025-05-27 13:01:36.660,1.7,7.8,0.0,0.3,00:00:00,0.0,1.9,-0.0,244.0
2025-05-27 13:01:37.659,1.7,7.8,0.0,0.3,00:00:00,0.0,1.9,-0.0,244.0
2025-05-27 13:01:38.657,1.7,7.8,0.0,0.3,00:00:00,0.0,1.9,-0.0,244.0
2025-05-27 13:01:39.657,1.7,7.8,0.0,0.3,00:00:00,0.0,1.9,-0.0,244.0
2025-05-27 13:01:40.658,1.7,7.8,0.0,0.3,00:00:00,0.0,1.9,-0.0,244.0
2025-05-27 13:01:41.657,1.7,7.8,0.0,0.3,00:00:00,0.0,1.9,-0.0,244.0
2025-05-27 13:01:42.657,1.7,7.8,0.0,0.3,00:00:00,0.0,1.9,-0.0,244.0
2025-05-27 13:01:43.658,1.7,7.8,0.0,0.3,00:00:00,0.0,1.9,-0.0,244.0
2025-05-27 13:01:44.658,1.7,7.8,0.0,0.3,00:00:00,0.0,1.9,-0.0,244.0
2025-05-27 13:01:45.658,1.7,7.8,0.0,0.3,00:00:00,0.0,1.9,-0.0,244.0
2025-05-27 13:01:46.658,1.7,7.8,0.0,0.3,00:00:00,0.0,1.9,-0.0,244.0
2025-05-27 13:01:47.657,1.7,7.8,0.0,0.3,00:00:00,0.0,1.9,-0.0,244.0
2025-05-27 13:01:48.657,1.7,7.8,0.0,0.3,00:00:00,0.0,1.9,-0.0,244.0
2025-05-27 13:01:49.657,1.7,7.8,0.0,0.3,00:00:00,0.0,1.9,-0.0,244.0
2025-05-27 13:01:50.658,1.7,7.8,0.0,0.3,00:00:00,0.0,1.9,-0.0,244.0
2025-05-27 13:01:51.657,1.7,7.8,0.0,0.3,00:00:00,0.0,1.9,-0.0,244.0
2025-05-27 13:01:52.657,1.7,7.8,0.0,0.3,00:00:00,0.0,1.9,-0.0,244.0
2025-05-27 13:01:53.657,1.7,7.8,0.0,0.3,00:00:00,0.0,1.9,-0.0,244.0
2025-05-27 13:01:54.657,1.7,7.8,0.0,0.3,00:00:00,0.0,1.9,-0.0,244.0
2025-05-27 13:01:55.657,1.7,7.8,0.0,0.3,00:00:00,0.0,1.9,-0.0,244.0
2025-05-27 13:01:56.658,1.7,7.8,0.0,0.3,00:00:00,0.0,1.9,-0.0,244.0
2025-05-27 13:01:57.660,1.7,7.8,0.0,0.3,00:00:00,0.0,1.9,-0.0,244.0
2025-05-27 13:01:58.657,1.7,7.8,0.0,0.3,00:00:00,0.0,1.9,-0.0,244.0
2025-05-27 13:01:59.659,1.7,7.8,0.0,0.3,00:00:00,0.0,1.9,-0.0,244.0
2025-05-27 13:02:00.660,1.7,7.8,0.0,0.3,00:00:00,0.0,1.9,-0.0,244.0
2025-05-27 13:02:01.659,1.7,7.8,0.0,0.3,00:00:00,0.0,1.9,-0.0,244.0
2025-05-27 13:02:02.659,1.7,7.8,0.0,0.3,00:00:00,0.0,1.9,-0.0,244.0
2025-05-27 13:02:03.657,1.7,7.8,0.0,0.3,00:00:00,0.0,1.9,-0.0,244.0
2025-05-27 13:02:04.658,1.7,7.8,0.0,0.3,00:00:00,0.0,1.9,-0.0,244.0
2025-05-27 13:02:05.658,1.7,7.8,0.0,0.3,00:00:00,0.0,1.9,-0.0,244.0
2025-05-27 13:02:06.656,1.7,7.8,0.0,0.3,00:00:00,0.0,1.9,-0.0,244.0
2025-05-27 13:02:07.658,1.7,7.8,0.0,0.3,00:00:00,0.0,1.9,-0.0,244.0
2025-05-27 13:02:08.658,1.7,7.8,0.0,0.3,00:00:00,0.0,1.9,-0.0,244.0
2025-05-27 13:02:09.658,1.7,7.8,0.0,0.3,00:00:00,0.0,1.9,-0.0,244.0
2025-05-27 13:02:10.659,1.7,7.8,0.0,0.3,00:00:00,0.0,1.9,-0.0,244.0
2025-05-27 13:02:11.657,1.7,7.8,0.0,0.3,00:00:00,0.0,1.9,-0.0,244.0
2025-05-27 13:02:12.656,1.7,7.8,0.0,0.3,00:00:00,0.0,1.9,-0.0,244.0
2025-05-27 13:02:13.659,1.7,7.8,0.0,0.3,00:00:00,0.0,1.9,-0.0,244.0
2025-05-27 13:02:14.658,1.7,7.8,0.0,0.3,00:00:00,0.0,1.9,-0.0,244.0
2025-05-27 13:02:15.656,1.7,7.8,0.0,0.3,00:00:00,0.0,1.9,-0.0,244.0
2025-05-27 13:02:16.659,1.7,7.8,0.0,0.3,00:00:00,0.0,1.9,-0.0,244.0
2025-05-27 13:02:17.657,1.7,7.8,0.0,0.3,00:00:00,0.0,1.9,-0.0,244.0
2025-05-27 13:02:18.660,1.7,7.8,0.0,0.3,00:00:00,0.0,1.9,-0.0,244.0
2025-05-27 13:02:19.659,1.7,7.8,0.0,0.3,00:00:00,0.0,1.9,-0.0,244.0
2025-05-27 13:02:20.659,1.7,7.8,0.0,0.3,00:00:00,0.0,1.9,-0.0,244.0
2025-05-27 13:02:21.659,1.7,7.8,0.0,0.3,00:00:00,0.0,1.9,-0.0,244.0
2025-05-27 13:02:22.657,1.7,7.8,0.0,0.3,00:00:00,0.0,1.9,-0.0,244.0
2025-05-27 13:02:23.658,1.7,7.8,0.0,0.3,00:00:00,0.0,1.9,-0.0,244.0
2025-05-27 13:02:24.658,1.7,7.8,0.0,0.3,00:00:00,0.0,1.9,-0.0,244.0
2025-05-27 13:02:25.657,1.7,7.8,0.0,0.3,00:00:00,0.0,1.9,-0.0,244.0
2025-05-27 13:02:26.657,1.7,7.8,0.0,0.3,00:00:00,0.0,1.9,-0.0,244.0
2025-05-27 13:02:27.657,1.7,7.8,0.0,0.3,00:00:00,0.0,1.9,-0.0,244.0
2025-05-27 13:02:28.658,1.7,7.8,0.0,0.3,00:00:00,0.0,1.9,-0.0,244.0
2025-05-27 13:02:29.659,1.7,7.8,0.0,0.3,00:00:00,0.0,1.9,-0.0,244.0
2025-05-27 13:02:30.659,1.7,7.8,0.0,0.3,00:00:00,0.0,1.9,-0.0,244.0
2025-05-27 13:02:31.661,1.7,7.8,0.0,0.3,00:00:00,0.0,1.9,-0.0,244.0
2025-05-27 13:02:32.660,1.7,7.8,0.0,0.3,00:00:00,0.0,1.9,-0.0,244.0
2025-05-27 13:02:33.660,1.7,7.8,0.0,0.3,00:00:00,0.0,1.9,-0.0,244.0
2025-05-27 13:02:34.657,1.7,7.8,0.0,0.3,00:00:00,0.0,1.9,-0.0,244.0
2025-05-27 13:02:35.658,1.7,7.8,0.0,0.3,00:00:00,0.0,1.9,-0.0,244.0
2025-05-27 13:02:36.658,1.7,7.8,0.0,0.3,00:00:00,0.0,1.9,-0.0,244.0
2025-05-27 13:02:37.656,1.7,7.8,0.0,0.3,00:00:00,0.0,1.9,-0.0,244.0
2025-05-27 13:02:38.659,1.7,7.8,0.0,0.3,00:00:00,0.0,1.9,-0.0,244.0
2025-05-27 13:02:39.658,1.7,7.8,0.0,0.3,00:00:00,0.0,1.9,-0.0,244.0
2025-05-27 13:02:40.658,1.7,7.8,0.0,0.3,00:00:00,0.0,1.9,-0.0,244.0
2025-05-27 13:02:41.658,1.7,7.8,0.0,0.3,00:00:00,0.0,1.9,-0.0,244.0
2025-05-27 13:02:42.658,1.7,7.8,0.0,0.3,00:00:00,0.0,1.9,-0.0,244.0
2025-05-27 13:02:43.661,1.7,7.8,0.0,0.3,00:00:00,0.0,1.9,-0.0,244.0
2025-05-27 13:02:44.660,1.7,7.8,0.0,0.3,00:00:00,0.0,1.9,-0.0,244.0
2025-05-27 13:02:45.657,1.7,7.8,0.0,0.3,00:00:00,0.0,1.9,-0.0,244.0
2025-05-27 13:02:46.657,1.7,7.8,0.0,0.3,00:00:00,0.0,1.9,-0.0,244.0
2025-05-27 13:02:47.659,1.7,7.8,0.0,0.3,00:00:00,0.0,1.9,-0.0,244.0
2025-05-27 13:02:48.658,1.7,7.8,0.0,0.3,00:00:00,0.0,1.9,-0.0,244.0
2025-05-27 13:02:49.658,1.7,7.8,0.0,0.3,00:00:00,0.0,1.9,-0.0,244.0
2025-05-27 13:02:50.659,1.7,7.8,0.0,0.3,00:00:00,0.0,1.9,-0.0,244.0
2025-05-27 13:02:51.656,1.7,7.8,0.0,0.3,00:00:00,0.0,1.9,-0.0,244.0
2025-05-27 13:02:52.657,1.7,7.8,0.0,0.3,00:00:00,0.0,1.9,-0.0,244.0
2025-05-27 13:02:53.658,1.7,7.8,0.0,0.3,00:00:00,0.0,1.9,-0.0,244.0
2025-05-27 13:02:54.657,1.7,7.8,0.0,0.3,00:00:00,0.0,1.9,-0.0,244.0
2025-05-27 13:02:55.656,1.7,7.8,0.0,0.3,00:00:00,0.0,1.9,-0.0,244.0
2025-05-27 13:02:56.657,1.7,7.8,0.0,0.3,00:00:00,0.0,1.9,-0.0,244.0
2025-05-27 13:02:57.657,1.7,7.8,0.0,0.3,00:00:00,0.0,1.9,-0.0,244.0
2025-05-27 13:02:58.659,1.7,7.8,0.0,0.3,00:00:00,0.0,1.9,-0.0,244.0
2025-05-27 13:02:59.658,1.7,7.8,0.0,0.3,00:00:00,0.0,1.9,-0.0,244.0
2025-05-27 13:03:00.657,1.7,7.8,0.0,0.3,00:00:00,0.0,1.9,-0.0,244.0
2025-05-27 13:03:01.659,1.7,7.8,0.0,0.3,00:00:00,0.0,1.9,-0.0,244.0
2025-05-27 13:03:02.657,1.7,7.8,0.0,0.3,00:00:00,0.0,1.9,-0.0,244.0
2025-05-27 13:03:03.658,1.7,7.8,0.0,0.3,00:00:00,0.0,1.9,-0.0,244.0
2025-05-27 13:03:04.659,1.7,7.8,0.0,0.3,00:00:00,0.0,1.9,-0.0,244.0
2025-05-27 13:03:05.660,1.7,7.8,0.0,0.3,00:00:00,0.0,1.9,-0.0,244.0
2025-05-27 13:03:06.658,1.7,7.8,0.0,0.3,00:00:00,0.0,1.9,-0.0,244.0
2025-05-27 13:03:07.658,1.7,7.8,0.0,0.3,00:00:00,0.0,1.9,-0.0,244.0
2025-05-27 13:03:08.660,1.7,7.8,0.0,0.3,00:00:00,0.0,1.9,-0.0,244.0
2025-05-27 13:03:09.659,1.7,7.8,0.0,0.3,00:00:00,0.0,1.9,-0.0,244.0
2025-05-27 13:03:10.660,1.7,7.8,0.0,0.3,00:00:00,0.0,1.9,-0.0,244.0
2025-05-27 13:03:11.660,1.7,7.8,0.0,0.3,00:00:00,0.0,1.9,-0.0,244.0
2025-05-27 13:03:12.659,1.7,7.8,0.0,0.3,00:00:00,0.0,1.9,-0.0,244.0
2025-05-27 13:03:13.660,1.7,7.8,0.0,0.3,00:00:00,0.0,1.9,-0.0,244.0
2025-05-27 13:03:14.661,1.7,7.8,0.0,0.3,00:00:00,0.0,1.9,-0.0,244.0
2025-05-27 13:03:15.657,1.7,7.8,0.0,0.3,00:00:00,0.0,1.9,-0.0,244.0
2025-05-27 13:03:16.657,1.7,7.8,0.0,0.3,00:00:00,0.0,1.9,-0.0,244.0
2025-05-27 13:03:17.660,1.7,7.8,0.0,0.3,00:00:00,0.0,1.9,-0.0,244.0
2025-05-27 13:03:18.658,1.7,7.8,0.0,0.3,00:00:00,0.0,1.9,-0.0,244.0
2025-05-27 13:03:19.659,1.7,7.8,0.0,0.3,00:00:00,0.0,1.9,-0.0,244.0
2025-05-27 13:03:20.659,1.7,7.8,0.0,0.3,00:00:00,0.0,1.9,-0.0,244.0
2025-05-27 13:03:21.659,1.7,7.8,0.0,0.3,00:00:00,0.0,1.9,-0.0,244.0
2025-05-27 13:03:22.657,1.7,7.8,0.0,0.3,00:00:00,0.0,1.9,-0.0,244.0
2025-05-27 13:03:23.661,1.7,7.8,0.0,0.3,00:00:00,0.0,1.9,-0.0,244.0
2025-05-27 13:03:24.660,1.7,7.8,0.0,0.3,00:00:00,0.0,1.9,-0.0,244.0
2025-05-27 13:03:25.658,1.7,7.8,0.0,0.3,00:00:00,0.0,1.9,-0.0,244.0
2025-05-27 13:03:26.673,1.7,7.8,0.0,0.3,00:00:00,0.0,1.9,-0.0,244.0
2025-05-27 13:03:27.661,1.7,7.8,0.0,0.3,00:00:00,0.0,1.9,-0.0,244.0
2025-05-27 13:03:28.659,1.7,7.8,0.0,0.3,00:00:00,0.0,1.9,-0.0,244.0
2025-05-27 13:03:29.659,1.7,7.8,0.0,0.3,00:00:00,0.0,1.9,-0.0,244.0
2025-05-27 13:03:30.658,1.7,7.8,0.0,0.3,00:00:00,0.0,1.9,-0.0,244.0
2025-05-27 13:03:31.658,1.7,7.8,0.0,0.3,00:00:00,0.0,1.9,-0.0,244.0
2025-05-27 13:03:32.656,1.7,7.8,0.0,0.3,00:00:00,0.0,1.9,-0.0,244.0
2025-05-27 13:03:33.657,1.7,7.8,0.0,0.3,00:00:00,0.0,1.9,-0.0,244.0
2025-05-27 13:03:34.658,1.7,7.8,0.0,0.3,00:00:00,0.0,1.9,-0.0,244.0
2025-05-27 13:03:35.657,1.7,7.8,0.0,0.3,00:00:00,0.0,1.9,-0.0,244.0
2025-05-27 13:03:36.657,1.7,7.8,0.0,0.3,00:00:00,0.0,1.9,-0.0,244.0
2025-05-27 13:03:37.658,1.7,7.8,0.0,0.3,00:00:00,0.0,1.9,-0.0,244.0
2025-05-27 13:03:38.658,1.7,7.8,0.0,0.3,00:00:00,0.0,1.9,-0.0,244.0
2025-05-27 13:03:39.659,1.7,7.8,0.0,0.3,00:00:00,0.0,1.9,-0.0,244.0
2025-05-27 13:03:40.658,1.7,7.8,0.0,0.3,00:00:00,0.0,1.9,-0.0,244.0
2025-05-27 13:03:41.659,1.7,7.8,0.0,0.3,00:00:00,0.0,1.9,-0.0,244.0
2025-05-27 13:03:42.659,1.7,7.8,0.0,0.3,00:00:00,0.0,1.9,-0.0,244.0
2025-05-27 13:03:43.657,1.7,7.8,0.0,0.3,00:00:00,0.0,1.9,-0.0,244.0
2025-05-27 13:03:44.658,1.7,7.8,0.0,0.3,00:00:00,0.0,1.9,-0.0,244.0
2025-05-27 13:03:45.661,1.7,7.8,0.0,0.3,00:00:00,0.0,1.9,-0.0,244.0
2025-05-27 13:03:46.657,1.7,7.8,0.0,0.3,00:00:00,0.0,1.9,-0.0,244.0
2025-05-27 13:03:47.660,1.7,7.8,0.0,0.3,00:00:00,0.0,1.9,-0.0,244.0
2025-05-27 13:03:48.657,1.7,7.8,0.0,0.3,00:00:00,0.0,1.9,-0.0,244.0
2025-05-27 13:03:49.657,1.7,7.8,0.0,0.3,00:00:00,0.0,1.9,-0.0,244.0
2025-05-27 13:03:50.657,1.7,7.8,0.0,0.3,00:00:00,0.0,1.9,-0.0,244.0
2025-05-27 13:03:51.659,1.7,7.8,0.0,0.3,00:00:00,0.0,1.9,-0.0,244.0
2025-05-27 13:03:52.658,1.7,7.8,0.0,0.3,00:00:00,0.0,1.9,-0.0,244.0
2025-05-27 13:03:53.658,1.7,7.8,0.0,0.3,00:00:00,0.0,1.9,-0.0,244.0
2025-05-27 13:03:54.656,1.7,7.8,0.0,0.3,00:00:00,0.0,1.9,-0.0,244.0
2025-05-27 13:03:55.656,1.7,7.8,0.0,0.3,00:00:00,0.0,1.9,-0.0,244.0
2025-05-27 13:03:56.658,1.7,7.8,0.0,0.3,00:00:00,0.0,1.9,-0.0,244.0
2025-05-27 13:03:57.656,1.7,7.8,0.0,0.3,00:00:00,0.0,1.9,-0.0,244.0
2025-05-27 13:03:58.658,1.7,7.8,0.0,0.3,00:00:00,0.0,1.9,-0.0,244.0
2025-05-27 13:03:59.657,1.7,7.8,0.0,0.3,00:00:00,0.0,1.9,-0.0,244.0
2025-05-27 13:04:00.658,1.7,7.8,0.0,0.3,00:00:00,0.0,1.9,-0.0,244.0
2025-05-27 13:04:01.657,1.7,7.8,0.0,0.3,00:00:00,0.0,1.9,-0.0,244.0
2025-05-27 13:04:02.657,1.7,7.8,0.0,0.3,00:00:00,0.0,1.9,-0.0,244.0
2025-05-27 13:04:03.658,1.7,7.8,0.0,0.3,00:00:00,0.0,1.9,-0.0,244.0
2025-05-27 13:04:04.659,1.7,7.8,0.0,0.3,00:00:00,0.0,1.9,-0.0,244.0
2025-05-27 13:04:05.657,1.7,7.8,0.0,0.3,00:00:00,0.0,1.9,-0.0,244.0
2025-05-27 13:04:06.657,1.7,7.8,0.0,0.3,00:00:00,0.0,1.9,-0.0,244.0
2025-05-27 13:04:07.657,1.7,7.8,0.0,0.3,00:00:00,0.0,1.9,-0.0,244.0
2025-05-27 13:04:08.657,1.7,7.8,0.0,0.3,00:00:00,0.0,1.9,-0.0,244.0
2025-05-27 13:04:09.660,1.7,7.8,0.0,0.3,00:00:00,0.0,1.9,-0.0,244.0
2025-05-27 13:04:10.658,1.7,7.8,0.0,0.3,00:00:00,0.0,1.9,-0.0,244.0
2025-05-27 13:04:11.657,1.7,7.8,0.0,0.3,00:00:00,0.0,1.9,-0.0,244.0
2025-05-27 13:04:12.657,1.7,7.8,0.0,0.3,00:00:00,0.0,1.9,-0.0,244.0
2025-05-27 13:04:13.659,1.7,7.8,0.0,0.3,00:00:00,0.0,1.9,-0.0,244.0
2025-05-27 13:04:14.660,1.7,7.8,0.0,0.3,00:00:00,0.0,1.9,-0.0,244.0
2025-05-27 13:04:15.659,1.7,7.8,0.0,0.3,00:00:00,0.0,1.9,-0.0,244.0
2025-05-27 13:04:16.660,1.7,7.8,0.0,0.3,00:00:00,0.0,1.9,-0.0,244.0
2025-05-27 13:04:17.660,1.7,7.8,0.0,0.3,00:00:00,0.0,1.9,-0.0,244.0
2025-05-27 13:04:18.657,1.7,7.8,0.0,0.3,00:00:00,0.0,1.9,-0.0,244.0
2025-05-27 13:04:19.658,1.7,7.8,0.0,0.3,00:00:00,0.0,1.9,-0.0,244.0
2025-05-27 13:04:20.658,1.7,7.8,0.0,0.3,00:00:00,0.0,1.9,-0.0,244.0
2025-05-27 13:04:21.657,1.7,7.8,0.0,0.3,00:00:00,0.0,1.9,-0.0,244.0
2025-05-27 13:04:22.657,1.7,7.8,0.0,0.3,00:00:00,0.0,1.9,-0.0,244.0
2025-05-27 13:04:23.657,1.7,7.8,0.0,0.3,00:00:00,0.0,1.9,-0.0,244.0
2025-05-27 13:04:24.658,1.7,7.8,0.0,0.3,00:00:00,0.0,1.9,-0.0,244.0
2025-05-27 13:04:25.657,1.7,7.8,0.0,0.3,00:00:00,0.0,1.9,-0.0,244.0
2025-05-27 13:04:26.660,1.7,7.8,0.0,0.3,00:00:00,0.0,1.9,-0.0,244.0
2025-05-27 13:04:27.657,1.7,7.8,0.0,0.3,00:00:00,0.0,1.9,-0.0,244.0
2025-05-27 13:04:28.657,1.7,7.8,0.0,0.3,00:00:00,0.0,1.9,-0.0,244.0
2025-05-27 13:04:29.658,1.7,7.8,0.0,0.3,00:00:00,0.0,1.9,-0.0,244.0
2025-05-27 13:04:30.658,1.7,7.8,0.0,0.3,00:00:00,0.0,1.9,-0.0,244.0
2025-05-27 13:04:31.658,1.7,7.8,0.0,0.3,00:00:00,0.0,1.9,-0.0,244.0
2025-05-27 13:04:32.659,1.7,7.8,0.0,0.3,00:00:00,0.0,1.9,-0.0,244.0
2025-05-27 13:04:33.659,1.7,7.8,0.0,0.3,00:00:00,0.0,1.9,-0.0,244.0
2025-05-27 13:04:34.657,1.7,7.8,0.0,0.3,00:00:00,0.0,1.9,-0.0,244.0
2025-05-27 13:04:35.659,1.7,7.8,0.0,0.3,00:00:00,0.0,1.9,-0.0,244.0
2025-05-27 13:04:36.658,1.7,7.8,0.0,0.3,00:00:00,0.0,1.9,-0.0,244.0
2025-05-27 13:04:37.657,1.7,7.8,0.0,0.3,00:00:00,0.0,1.9,-0.0,244.0
2025-05-27 13:04:38.658,1.7,7.8,0.0,0.3,00:00:00,0.0,1.9,-0.0,244.0
2025-05-27 13:04:39.657,1.7,7.8,0.0,0.3,00:00:00,0.0,1.9,-0.0,244.0
2025-05-27 13:04:40.657,1.7,7.8,0.0,0.3,00:00:00,0.0,1.9,-0.0,244.0
2025-05-27 13:04:41.657,1.7,7.8,0.0,0.3,00:00:00,0.0,1.9,-0.0,244.0
2025-05-27 13:04:42.658,1.7,7.8,0.0,0.3,00:00:00,0.0,1.9,-0.0,244.0
2025-05-27 13:04:43.657,1.7,7.8,0.0,0.3,00:00:00,0.0,1.9,-0.0,244.0
2025-05-27 13:04:44.659,1.7,7.8,0.0,0.3,00:00:00,0.0,1.9,-0.0,244.0
2025-05-27 13:04:45.658,1.7,7.8,0.0,0.3,00:00:00,0.0,1.9,-0.0,244.0
2025-05-27 13:04:46.659,1.7,7.8,0.0,0.3,00:00:00,0.0,1.9,-0.0,244.0
2025-05-27 13:04:47.658,1.7,7.8,0.0,0.3,00:00:00,0.0,1.9,-0.0,244.0
2025-05-27 13:04:48.656,1.7,7.8,0.0,0.3,00:00:00,0.0,1.9,-0.0,244.0
2025-05-27 13:04:49.657,1.7,7.8,0.0,0.3,00:00:00,0.0,1.9,-0.0,244.0
2025-05-27 13:04:50.657,1.7,7.8,0.0,0.3,00:00:00,0.0,1.9,-0.0,244.0
2025-05-27 13:04:51.657,1.7,7.8,0.0,0.3,00:00:00,0.0,1.9,-0.0,244.0
2025-05-27 13:04:52.657,1.7,7.8,0.0,0.3,00:00:00,0.0,1.9,-0.0,244.0
2025-05-27 13:04:53.658,1.7,7.8,0.0,0.3,00:00:00,0.0,1.9,-0.0,244.0
2025-05-27 13:04:54.657,1.7,7.8,0.0,0.3,00:00:00,0.0,1.9,-0.0,244.0
2025-05-27 13:04:55.657,1.7,7.8,0.0,0.3,00:00:00,0.0,1.9,-0.0,244.0
2025-05-27 13:04:56.658,1.7,7.8,0.0,0.3,00:00:00,0.0,1.9,-0.0,244.0
2025-05-27 13:04:57.657,1.7,7.8,0.0,0.3,00:00:00,0.0,1.9,-0.0,244.0
2025-05-27 13:04:58.658,1.7,7.8,0.0,0.3,00:00:00,0.0,1.9,-0.0,244.0
2025-05-27 13:04:59.659,1.7,7.8,0.0,0.3,00:00:00,0.0,1.9,-0.0,244.0
2025-05-27 13:05:00.657,1.7,7.8,0.0,0.3,00:00:00,0.0,1.9,-0.0,244.0
2025-05-27 13:05:01.659,1.7,7.8,0.0,0.3,00:00:00,0.0,1.9,-0.0,244.0
2025-05-27 13:05:02.660,1.7,7.8,0.0,0.3,00:00:00,0.0,1.9,-0.0,244.0
2025-05-27 13:05:03.657,1.7,7.8,0.0,0.3,00:00:00,0.0,1.9,-0.0,244.0
2025-05-27 13:05:04.658,1.7,7.8,0.0,0.3,00:00:00,0.0,1.9,-0.0,244.0
2025-05-27 13:05:05.657,1.7,7.8,0.0,0.3,00:00:00,0.0,1.9,-0.0,244.0
2025-05-27 13:05:06.658,1.7,7.8,0.0,0.3,00:00:00,0.0,1.9,-0.0,244.0
2025-05-27 13:05:07.659,1.7,7.8,0.0,0.3,00:00:00,0.0,1.9,-0.0,244.0
2025-05-27 13:05:08.658,1.7,7.8,0.0,0.3,00:00:00,0.0,1.9,-0.0,244.0
2025-05-27 13:05:09.658,1.7,7.8,0.0,0.3,00:00:00,0.0,1.9,-0.0,244.0
2025-05-27 13:05:10.658,1.7,7.8,0.0,0.3,00:00:00,0.0,1.9,-0.0,244.0
2025-05-27 13:05:11.658,1.7,7.8,0.0,0.3,00:00:00,0.0,1.9,-0.0,244.0
2025-05-27 13:05:12.656,1.7,7.8,0.0,0.3,00:00:00,0.0,1.9,-0.0,244.0
2025-05-27 13:05:13.660,1.7,7.8,0.0,0.3,00:00:00,0.0,1.9,-0.0,244.0
2025-05-27 13:05:14.659,1.7,7.8,0.0,0.3,00:00:00,0.0,1.9,-0.0,244.0
2025-05-27 13:05:15.658,1.7,7.8,0.0,0.3,00:00:00,0.0,1.9,-0.0,244.0
2025-05-27 13:05:16.659,1.7,7.8,0.0,0.3,00:00:00,0.0,1.9,-0.0,244.0
2025-05-27 13:05:17.656,1.7,7.8,0.0,0.3,00:00:00,0.0,1.9,-0.0,244.0
2025-05-27 13:05:18.657,1.7,7.8,0.0,0.3,00:00:00,0.0,1.9,-0.0,244.0
2025-05-27 13:05:19.656,1.7,7.8,0.0,0.3,00:00:00,0.0,1.9,-0.0,244.0
2025-05-27 13:05:20.657,1.7,7.8,0.0,0.3,00:00:00,0.0,1.9,-0.0,244.0
2025-05-27 13:05:21.658,1.7,7.8,0.0,0.3,00:00:00,0.0,1.9,-0.0,244.0
2025-05-27 13:05:22.658,1.7,7.8,0.0,0.3,00:00:00,0.0,1.9,-0.0,244.0
2025-05-27 13:05:23.659,1.7,7.8,0.0,0.3,00:00:00,0.0,1.9,-0.0,244.0
2025-05-27 13:05:24.660,1.7,7.8,0.0,0.3,00:00:00,0.0,1.9,-0.0,244.0
2025-05-27 13:05:25.659,1.7,7.8,0.0,0.3,00:00:00,0.0,1.9,-0.0,244.0
2025-05-27 13:05:26.659,1.7,7.8,0.0,0.3,00:00:00,0.0,1.9,-0.0,244.0
2025-05-27 13:05:27.660,1.7,7.8,0.0,0.3,00:00:00,0.0,1.9,-0.0,244.0
2025-05-27 13:05:28.658,1.7,7.8,0.0,0.3,00:00:00,0.0,1.9,-0.0,244.0
2025-05-27 13:05:29.657,1.7,7.8,0.0,0.3,00:00:00,0.0,1.9,-0.0,244.0
2025-05-27 13:05:30.657,1.7,7.8,0.0,0.3,00:00:00,0.0,1.9,-0.0,244.0
2025-05-27 13:05:31.659,1.7,7.8,0.0,0.3,00:00:00,0.0,1.9,-0.0,244.0
2025-05-27 13:05:32.656,1.7,7.8,0.0,0.3,00:00:00,0.0,1.9,-0.0,244.0
2025-05-27 13:05:33.659,1.7,7.8,0.0,0.3,00:00:00,0.0,1.9,-0.0,244.0
2025-05-27 13:05:34.657,1.7,7.8,0.0,0.3,00:00:00,0.0,1.9,-0.0,244.0
2025-05-27 13:05:35.659,1.7,7.8,0.0,0.3,00:00:00,0.0,1.9,-0.0,244.0
2025-05-27 13:05:36.657,1.7,7.8,0.0,0.3,00:00:00,0.0,1.9,-0.0,244.0
2025-05-27 13:05:37.657,1.7,7.8,0.0,0.3,00:00:00,0.0,1.9,-0.0,244.0
2025-05-27 13:05:38.657,1.7,7.8,0.0,0.3,00:00:00,0.0,1.9,-0.0,244.0
2025-05-27 13:05:39.658,1.7,7.8,0.0,0.3,00:00:00,0.0,1.9,-0.0,244.0
2025-05-27 13:05:40.657,1.7,7.8,0.0,0.3,00:00:00,0.0,1.9,-0.0,244.0
2025-05-27 13:05:41.660,1.7,7.8,0.0,0.3,00:00:00,0.0,1.9,-0.0,244.0
2025-05-27 13:05:42.660,1.7,7.8,0.0,0.3,00:00:00,0.0,1.9,-0.0,244.0
2025-05-27 13:05:43.659,1.7,7.8,0.0,0.3,00:00:00,0.0,1.9,-0.0,244.0
2025-05-27 13:05:44.657,1.7,7.8,0.0,0.3,00:00:00,0.0,1.9,-0.0,244.0
2025-05-27 13:05:45.659,1.7,7.8,0.0,0.3,00:00:00,0.0,1.9,-0.0,244.0
2025-05-27 13:05:46.657,1.7,7.8,0.0,0.3,00:00:00,0.0,1.9,-0.0,244.0
2025-05-27 13:05:47.657,1.7,7.8,0.0,0.3,00:00:00,0.0,1.9,-0.0,244.0
2025-05-27 13:05:48.657,1.7,7.8,0.0,0.3,00:00:00,0.0,1.9,-0.0,244.0
2025-05-27 13:05:49.660,1.7,7.8,0.0,0.3,00:00:00,0.0,1.9,-0.0,244.0
2025-05-27 13:05:50.658,1.7,7.8,0.0,0.3,00:00:00,0.0,1.9,-0.0,244.0
2025-05-27 13:05:51.659,1.7,7.8,0.0,0.3,00:00:00,0.0,1.9,-0.0,244.0
2025-05-27 13:05:52.658,1.7,7.8,0.0,0.3,00:00:00,0.0,1.9,-0.0,244.0
2025-05-27 13:05:53.659,1.7,7.8,0.0,0.3,00:00:00,0.0,1.9,-0.0,244.0
2025-05-27 13:05:54.657,1.7,7.8,0.0,0.3,00:00:00,0.0,1.9,-0.0,244.0
2025-05-27 13:05:55.658,1.7,7.8,0.0,0.3,00:00:00,0.0,1.9,-0.0,244.0
2025-05-27 13:05:56.658,1.7,7.8,0.0,0.3,00:00:00,0.0,1.9,-0.0,244.0
2025-05-27 13:05:57.658,1.7,7.8,0.0,0.3,00:00:00,0.0,1.9,-0.0,244.0
2025-05-27 13:05:58.657,1.7,7.8,0.0,0.3,00:00:00,0.0,1.9,-0.0,244.0
2025-05-27 13:05:59.658,1.7,7.8,0.0,0.3,00:00:00,0.0,1.9,-0.0,244.0
2025-05-27 13:06:00.658,1.7,7.8,0.0,0.3,00:00:00,0.0,1.9,-0.0,244.0
2025-05-27 13:06:01.658,1.7,7.8,0.0,0.3,00:00:00,0.0,1.9,-0.0,244.0
2025-05-27 13:06:02.658,1.7,7.8,0.0,0.3,00:00:00,0.0,1.9,-0.0,244.0
2025-05-27 13:06:03.658,1.7,7.8,0.0,0.3,00:00:00,0.0,1.9,-0.0,244.0
2025-05-27 13:06:04.658,1.7,7.8,0.0,0.3,00:00:00,0.0,1.9,-0.0,244.0
2025-05-27 13:06:05.660,1.7,7.8,0.0,0.3,00:00:00,0.0,1.9,-0.0,244.0
2025-05-27 13:06:06.657,1.7,7.8,0.0,0.3,00:00:00,0.0,1.9,-0.0,244.0
2025-05-27 13:06:07.660,1.7,7.8,0.0,0.3,00:00:00,0.0,1.9,-0.0,244.0
2025-05-27 13:06:08.658,1.7,7.8,0.0,0.3,00:00:00,0.0,1.9,-0.0,244.0
2025-05-27 13:06:09.658,1.7,7.8,0.0,0.3,00:00:00,0.0,1.9,-0.0,244.0
2025-05-27 13:06:10.657,1.7,7.8,0.0,0.3,00:00:00,0.0,1.9,-0.0,244.0
2025-05-27 13:06:11.660,1.7,7.8,0.0,0.3,00:00:00,0.0,1.9,-0.0,244.0
2025-05-27 13:06:12.657,1.7,7.8,0.0,0.3,00:00:00,0.0,1.9,-0.0,244.0
2025-05-27 13:06:13.658,1.7,7.8,0.0,0.3,00:00:00,0.0,1.9,-0.0,244.0
2025-05-27 13:06:14.657,1.7,7.8,0.0,0.3,00:00:00,0.0,1.9,-0.0,244.0
2025-05-27 13:06:15.658,1.7,7.8,0.0,0.3,00:00:00,0.0,1.9,-0.0,244.0
2025-05-27 13:06:16.659,1.7,7.8,0.0,0.3,00:00:00,0.0,1.9,-0.0,244.0
2025-05-27 13:06:17.657,1.7,7.8,0.0,0.3,00:00:00,0.0,1.9,-0.0,244.0
2025-05-27 13:06:18.657,1.7,7.8,0.0,0.3,00:00:00,0.0,1.9,-0.0,244.0
2025-05-27 13:06:19.658,1.7,7.8,0.0,0.3,00:00:00,0.0,1.9,-0.0,244.0
2025-05-27 13:06:20.656,1.7,7.8,0.0,0.3,00:00:00,0.0,1.9,-0.0,244.0
2025-05-27 13:06:21.661,1.7,7.8,0.0,0.3,00:00:00,0.0,1.9,-0.0,244.0
2025-05-27 13:06:22.657,1.7,7.8,0.0,0.3,00:00:00,0.0,1.9,-0.0,244.0
2025-05-27 13:06:23.659,1.7,7.8,0.0,0.3,00:00:00,0.0,1.9,-0.0,244.0
2025-05-27 13:06:24.660,1.7,7.8,0.0,0.3,00:00:00,0.0,1.9,-0.0,244.0
2025-05-27 13:06:25.660,1.7,7.8,0.0,0.3,00:00:00,0.0,1.9,-0.0,244.0
2025-05-27 13:06:26.660,1.7,7.8,0.0,0.3,00:00:00,0.0,1.9,-0.0,244.0
2025-05-27 13:06:27.659,1.7,7.8,0.0,0.3,00:00:00,0.0,1.9,-0.0,244.0
2025-05-27 13:06:28.659,1.7,7.8,0.0,0.3,00:00:00,0.0,1.9,-0.0,244.0
2025-05-27 13:06:29.659,1.7,7.8,0.0,0.3,00:00:00,0.0,1.9,-0.0,244.0
2025-05-27 13:06:30.658,1.7,7.8,0.0,0.3,00:00:00,0.0,1.9,-0.0,244.0
2025-05-27 13:06:31.660,1.7,7.8,0.0,0.3,00:00:00,0.0,1.9,-0.0,244.0
2025-05-27 13:06:32.658,1.7,7.8,0.0,0.3,00:00:00,0.0,1.9,-0.0,244.0
2025-05-27 13:06:33.658,1.7,7.8,0.0,0.3,00:00:00,0.0,1.9,-0.0,244.0
2025-05-27 13:06:34.657,1.7,7.8,0.0,0.3,00:00:00,0.0,1.9,-0.0,244.0
2025-05-27 13:06:35.658,1.7,7.8,0.0,0.3,00:00:00,0.0,1.9,-0.0,244.0
2025-05-27 13:06:36.656,1.7,7.8,0.0,0.3,00:00:00,0.0,1.9,-0.0,244.0
2025-05-27 13:06:37.660,1.7,7.8,0.0,0.3,00:00:00,0.0,1.9,-0.0,244.0
2025-05-27 13:06:38.658,1.7,7.8,0.0,0.3,00:00:00,0.0,1.9,-0.0,244.0
2025-05-27 13:06:39.659,1.7,7.8,0.0,0.3,00:00:00,0.0,1.9,-0.0,244.0
2025-05-27 13:06:40.658,1.7,7.8,0.0,0.3,00:00:00,0.0,1.9,-0.0,244.0
2025-05-27 13:06:41.659,1.7,7.8,0.0,0.3,00:00:00,0.0,1.9,-0.0,244.0
2025-05-27 13:06:42.657,1.7,7.8,0.0,0.3,00:00:00,0.0,1.9,-0.0,244.0
2025-05-27 13:06:43.658,1.7,7.8,0.0,0.3,00:00:00,0.0,1.9,-0.0,244.0
2025-05-27 13:06:44.658,1.7,7.8,0.0,0.3,00:00:00,0.0,1.9,-0.0,244.0
2025-05-27 13:06:45.659,1.7,7.8,0.0,0.3,00:00:00,0.0,1.9,-0.0,244.0
2025-05-27 13:06:46.657,1.7,7.8,0.0,0.3,00:00:00,0.0,1.9,-0.0,244.0
2025-05-27 13:06:47.660,1.7,7.8,0.0,0.3,00:00:00,0.0,1.9,-0.0,244.0
2025-05-27 13:06:48.658,1.7,7.8,0.0,0.3,00:00:00,0.0,1.9,-0.0,244.0
2025-05-27 13:06:49.659,1.7,7.8,0.0,0.3,00:00:00,0.0,1.9,-0.0,244.0
2025-05-27 13:06:50.658,1.7,7.8,0.0,0.3,00:00:00,0.0,1.9,-0.0,244.0
2025-05-27 13:06:51.657,1.7,7.8,0.0,0.3,00:00:00,0.0,1.9,-0.0,244.0
2025-05-27 13:06:52.660,1.7,7.8,0.0,0.3,00:00:00,0.0,1.9,-0.0,244.0
2025-05-27 13:06:53.659,1.7,7.8,0.0,0.3,00:00:00,0.0,1.9,-0.0,244.0
2025-05-27 13:06:54.656,1.7,7.8,0.0,0.3,00:00:00,0.0,1.9,-0.0,244.0
2025-05-27 13:06:55.657,1.7,7.8,0.0,0.3,00:00:00,0.0,1.9,-0.0,244.0
2025-05-27 13:06:56.657,1.7,7.8,0.0,0.3,00:00:00,0.0,1.9,-0.0,244.0
2025-05-27 13:06:57.657,1.7,7.8,0.0,0.3,00:00:00,0.0,1.9,-0.0,244.0
2025-05-27 13:06:58.656,1.7,7.8,0.0,0.3,00:00:00,0.0,1.9,-0.0,244.0
2025-05-27 13:06:59.659,1.7,7.8,0.0,0.3,00:00:00,0.0,1.9,-0.0,244.0
2025-05-27 13:07:00.657,1.7,7.8,0.0,0.3,00:00:00,0.0,1.9,-0.0,244.0
2025-05-27 13:07:01.657,1.7,7.8,0.0,0.3,00:00:00,0.0,1.9,-0.0,244.0
2025-05-27 13:07:02.659,1.7,7.8,0.0,0.3,00:00:00,0.0,1.9,-0.0,244.0
2025-05-27 13:07:03.658,1.7,7.8,0.0,0.3,00:00:00,0.0,1.9,-0.0,244.0
2025-05-27 13:07:04.656,1.7,7.8,0.0,0.3,00:00:00,0.0,1.9,-0.0,244.0
2025-05-27 13:07:05.657,1.7,7.8,0.0,0.3,00:00:00,0.0,1.9,-0.0,244.0
2025-05-27 13:07:06.657,1.7,7.8,0.0,0.3,00:00:00,0.0,1.9,-0.0,244.0
2025-05-27 13:07:07.659,1.7,7.8,0.0,0.3,00:00:00,0.0,1.9,-0.0,244.0
2025-05-27 13:07:08.658,1.7,7.8,0.0,0.3,00:00:00,0.0,1.9,-0.0,244.0
2025-05-27 13:07:09.658,1.7,7.8,0.0,0.3,00:00:00,0.0,1.9,-0.0,244.0
2025-05-27 13:07:10.658,1.7,7.8,0.0,0.3,00:00:00,0.0,1.9,-0.0,244.0
2025-05-27 13:07:11.658,1.7,7.8,0.0,0.3,00:00:00,0.0,1.9,-0.0,244.0
2025-05-27 13:07:12.658,1.7,7.8,0.0,0.3,00:00:00,0.0,1.9,-0.0,244.0
2025-05-27 13:07:13.659,1.7,7.8,0.0,0.3,00:00:00,0.0,1.9,-0.0,244.0
2025-05-27 13:07:14.660,1.7,7.8,0.0,0.3,00:00:00,0.0,1.9,-0.0,244.0
2025-05-27 13:07:15.658,1.7,7.8,0.0,0.3,00:00:00,0.0,1.9,-0.0,244.0
2025-05-27 13:07:16.657,1.7,7.8,0.0,0.3,00:00:00,0.0,1.9,-0.0,244.0
2025-05-27 13:07:17.658,1.7,7.8,0.0,0.3,00:00:00,0.0,1.9,-0.0,244.0
2025-05-27 13:07:18.660,1.7,7.8,0.0,0.3,00:00:00,0.0,1.9,-0.0,244.0
2025-05-27 13:07:19.657,1.7,7.8,0.0,0.3,00:00:00,0.0,1.9,-0.0,244.0
2025-05-27 13:07:20.657,1.7,7.8,0.0,0.3,00:00:00,0.0,1.9,-0.0,244.0
2025-05-27 13:07:21.658,1.7,7.8,0.0,0.3,00:00:00,0.0,1.9,-0.0,244.0
2025-05-27 13:07:22.659,1.7,7.8,0.0,0.3,00:00:00,0.0,1.9,-0.0,244.0
2025-05-27 13:07:23.659,1.7,7.8,0.0,0.3,00:00:00,0.0,1.9,-0.0,244.0
2025-05-27 13:07:24.658,1.7,7.8,0.0,0.3,00:00:00,0.0,1.9,-0.0,244.0
2025-05-27 13:07:25.657,1.7,7.8,0.0,0.3,00:00:00,0.0,1.9,-0.0,244.0
2025-05-27 13:07:26.657,1.7,7.8,0.0,0.3,00:00:00,0.0,1.9,-0.0,244.0
2025-05-27 13:07:27.658,1.7,7.8,0.0,0.3,00:00:00,0.0,1.9,-0.0,244.0
2025-05-27 13:07:28.657,1.7,7.8,0.0,0.3,00:00:00,0.0,1.9,-0.0,244.0
2025-05-27 13:07:29.658,1.7,7.8,0.0,0.3,00:00:00,0.0,1.9,-0.0,244.0
2025-05-27 13:07:30.659,1.7,7.8,0.0,0.3,00:00:00,0.0,1.9,-0.0,244.0
2025-05-27 13:07:31.657,1.7,7.8,0.0,0.3,00:00:00,0.0,1.9,-0.0,244.0
2025-05-27 13:07:32.659,1.7,7.8,0.0,0.3,00:00:00,0.0,1.9,-0.0,244.0
2025-05-27 13:07:33.657,1.7,7.8,0.0,0.3,00:00:00,0.0,1.9,-0.0,244.0
2025-05-27 13:07:34.657,1.7,7.8,0.0,0.3,00:00:00,0.0,1.9,-0.0,244.0
2025-05-27 13:07:35.658,1.7,7.8,0.0,0.3,00:00:00,0.0,1.9,-0.0,244.0
2025-05-27 13:07:36.656,1.7,7.8,0.0,0.3,00:00:00,0.0,1.9,-0.0,244.0
2025-05-27 13:07:37.658,1.7,7.8,0.0,0.3,00:00:00,0.0,1.9,-0.0,244.0
2025-05-27 13:07:38.656,1.7,7.8,0.0,0.3,00:00:00,0.0,1.9,-0.0,244.0
2025-05-27 13:07:39.657,1.7,7.8,0.0,0.3,00:00:00,0.0,1.9,-0.0,244.0
2025-05-27 13:07:40.657,1.7,7.8,0.0,0.3,00:00:00,0.0,1.9,-0.0,244.0
2025-05-27 13:07:41.658,1.7,7.8,0.0,0.3,00:00:00,0.0,1.9,-0.0,244.0
2025-05-27 13:07:42.658,1.7,7.8,0.0,0.3,00:00:00,0.0,1.9,-0.0,244.0
2025-05-27 13:07:43.658,1.7,7.8,0.0,0.3,00:00:00,0.0,1.9,-0.0,244.0
2025-05-27 13:07:44.658,1.7,7.8,0.0,0.3,00:00:00,0.0,1.9,-0.0,244.0
2025-05-27 13:07:45.659,1.7,7.8,0.0,0.3,00:00:00,0.0,1.9,-0.0,244.0
2025-05-27 13:07:46.659,1.7,7.8,0.0,0.3,00:00:00,0.0,1.9,-0.0,244.0
2025-05-27 13:07:47.656,1.7,7.8,0.0,0.3,00:00:00,0.0,1.9,-0.0,244.0
2025-05-27 13:07:48.657,1.7,7.8,0.0,0.3,00:00:00,0.0,1.9,-0.0,244.0
2025-05-27 13:07:49.657,1.7,7.8,0.0,0.3,00:00:00,0.0,1.9,-0.0,244.0
2025-05-27 13:07:50.658,1.7,7.8,0.0,0.3,00:00:00,0.0,1.9,-0.0,244.0
2025-05-27 13:07:51.659,1.7,7.8,0.0,0.3,00:00:00,0.0,1.9,-0.0,244.0
2025-05-27 13:07:52.659,1.7,7.8,0.0,0.3,00:00:00,0.0,1.9,-0.0,244.0
2025-05-27 13:07:53.657,1.7,7.8,0.0,0.3,00:00:00,0.0,1.9,-0.0,244.0
2025-05-27 13:07:54.658,1.7,7.8,0.0,0.3,00:00:00,0.0,1.9,-0.0,244.0
2025-05-27 13:07:55.657,1.7,7.8,0.0,0.3,00:00:00,0.0,1.9,-0.0,244.0
2025-05-27 13:07:56.658,1.7,7.8,0.0,0.3,00:00:00,0.0,1.9,-0.0,244.0
2025-05-27 13:07:57.657,1.7,7.8,0.0,0.3,00:00:00,0.0,1.9,-0.0,244.0
2025-05-27 13:07:58.657,1.7,7.8,0.0,0.3,00:00:00,0.0,1.9,-0.0,244.0
2025-05-27 13:07:59.658,1.7,7.8,0.0,0.3,00:00:00,0.0,1.9,-0.0,244.0
2025-05-27 13:08:00.658,1.7,7.8,0.0,0.3,00:00:00,0.0,1.9,-0.0,244.0
2025-05-27 13:08:01.659,1.7,7.8,0.0,0.3,00:00:00,0.0,1.9,-0.0,244.0
2025-05-27 13:08:02.658,1.7,7.8,0.0,0.3,00:00:00,0.0,1.9,-0.0,244.0
2025-05-27 13:08:03.659,1.7,7.8,0.0,0.3,00:00:00,0.0,1.9,-0.0,244.0
2025-05-27 13:08:04.658,1.7,7.8,0.0,0.3,00:00:00,0.0,1.9,-0.0,244.0
2025-05-27 13:08:05.657,1.7,7.8,0.0,0.3,00:00:00,0.0,1.9,-0.0,244.0
2025-05-27 13:08:06.657,1.7,7.8,0.0,0.3,00:00:00,0.0,1.9,-0.0,244.0
2025-05-27 13:08:07.659,1.7,7.8,0.0,0.3,00:00:00,0.0,1.9,-0.0,244.0
2025-05-27 13:08:08.658,1.7,7.8,0.0,0.3,00:00:00,0.0,1.9,-0.0,244.0
2025-05-27 13:08:09.659,1.7,7.8,0.0,0.3,00:00:00,0.0,1.9,-0.0,244.0
2025-05-27 13:08:10.659,1.7,7.8,0.0,0.3,00:00:00,0.0,1.9,-0.0,244.0
2025-05-27 13:08:11.657,1.7,7.8,0.0,0.3,00:00:00,0.0,1.9,-0.0,244.0
2025-05-27 13:08:12.658,1.7,7.8,0.0,0.3,00:00:00,0.0,1.9,-0.0,244.0
2025-05-27 13:08:13.657,1.7,7.8,0.0,0.3,00:00:00,0.0,1.9,-0.0,244.0
2025-05-27 13:08:14.657,1.7,7.8,0.0,0.3,00:00:00,0.0,1.9,-0.0,244.0
2025-05-27 13:08:15.657,1.7,7.8,0.0,0.3,00:00:00,0.0,1.9,-0.0,244.0
2025-05-27 13:08:16.657,1.7,7.8,0.0,0.3,00:00:00,0.0,1.9,-0.0,244.0
2025-05-27 13:08:17.657,1.7,7.8,0.0,0.3,00:00:00,0.0,1.9,-0.0,244.0
2025-05-27 13:08:18.657,1.7,7.8,0.0,0.3,00:00:00,0.0,1.9,-0.0,244.0
2025-05-27 13:08:19.659,1.7,7.8,0.0,0.3,00:00:00,0.0,1.9,-0.0,244.0
2025-05-27 13:08:20.657,1.7,7.8,0.0,0.3,00:00:00,0.0,1.9,-0.0,244.0
2025-05-27 13:08:21.657,1.7,7.8,0.0,0.3,00:00:00,0.0,1.9,-0.0,244.0
2025-05-27 13:08:22.657,1.7,7.8,0.0,0.3,00:00:00,0.0,1.9,-0.0,244.0
2025-05-27 13:08:23.659,1.7,7.8,0.0,0.3,00:00:00,0.0,1.9,-0.0,244.0
2025-05-27 13:08:24.657,1.7,7.8,0.0,0.3,00:00:00,0.0,1.9,-0.0,244.0
2025-05-27 13:08:25.657,1.7,7.8,0.0,0.3,00:00:00,0.0,1.9,-0.0,244.0
2025-05-27 13:08:26.659,1.7,7.8,0.0,0.3,00:00:00,0.0,1.9,-0.0,244.0
2025-05-27 13:08:27.657,1.7,7.8,0.0,0.3,00:00:00,0.0,1.9,-0.0,244.0
2025-05-27 13:08:28.657,1.7,7.8,0.0,0.3,00:00:00,0.0,1.9,-0.0,244.0
2025-05-27 13:08:29.657,1.7,7.8,0.0,0.3,00:00:00,0.0,1.9,-0.0,244.0
2025-05-27 13:08:30.657,1.7,7.8,0.0,0.3,00:00:00,0.0,1.9,-0.0,244.0
2025-05-27 13:08:31.657,1.7,7.8,0.0,0.3,00:00:00,0.0,1.9,-0.0,244.0
2025-05-27 13:08:32.656,1.7,7.8,0.0,0.3,00:00:00,0.0,1.9,-0.0,244.0
2025-05-27 13:08:33.658,1.7,7.8,0.0,0.3,00:00:00,0.0,1.9,-0.0,244.0
2025-05-27 13:08:34.656,1.7,7.8,0.0,0.3,00:00:00,0.0,1.9,-0.0,244.0
2025-05-27 13:08:35.657,1.7,7.8,0.0,0.3,00:00:00,0.0,1.9,-0.0,244.0
2025-05-27 13:08:36.657,1.7,7.8,0.0,0.3,00:00:00,0.0,1.9,-0.0,244.0
2025-05-27 13:08:37.657,1.7,7.8,0.0,0.3,00:00:00,0.0,1.9,-0.0,244.0
2025-05-27 13:08:38.656,1.7,7.8,0.0,0.3,00:00:00,0.0,1.9,-0.0,244.0
2025-05-27 13:08:39.657,1.7,7.8,0.0,0.3,00:00:00,0.0,1.9,-0.0,244.0
2025-05-27 13:08:40.658,1.7,7.8,0.0,0.3,00:00:00,0.0,1.9,-0.0,244.0
2025-05-27 13:08:41.657,1.7,7.8,0.0,0.3,00:00:00,0.0,1.9,-0.0,244.0
2025-05-27 13:08:42.659,1.7,7.8,0.0,0.3,00:00:00,0.0,1.9,-0.0,244.0
2025-05-27 13:08:43.657,1.7,7.8,0.0,0.3,00:00:00,0.0,1.9,-0.0,244.0
2025-05-27 13:08:44.657,1.7,7.8,0.0,0.3,00:00:00,0.0,1.9,-0.0,244.0
2025-05-27 13:08:45.656,1.7,7.8,0.0,0.3,00:00:00,0.0,1.9,-0.0,244.0
2025-05-27 13:08:46.657,1.7,7.8,0.0,0.3,00:00:00,0.0,1.9,-0.0,244.0
2025-05-27 13:08:47.657,1.7,7.8,0.0,0.3,00:00:00,0.0,1.9,-0.0,244.0
2025-05-27 13:08:48.656,1.7,7.8,0.0,0.3,00:00:00,0.0,1.9,-0.0,244.0
2025-05-27 13:08:49.658,1.7,7.8,0.0,0.3,00:00:00,0.0,1.9,-0.0,244.0
2025-05-27 13:08:50.657,1.7,7.8,0.0,0.3,00:00:00,0.0,1.9,-0.0,244.0
2025-05-27 13:08:51.659,1.7,7.8,0.0,0.3,00:00:00,0.0,1.9,-0.0,244.0
2025-05-27 13:08:52.658,1.7,7.8,0.0,0.3,00:00:00,0.0,1.9,-0.0,244.0
2025-05-27 13:08:53.658,1.7,7.8,0.0,0.3,00:00:00,0.0,1.9,-0.0,244.0
2025-05-27 13:08:54.660,1.7,7.8,0.0,0.3,00:00:00,0.0,1.9,-0.0,244.0
2025-05-27 13:08:55.658,1.7,7.8,0.0,0.3,00:00:00,0.0,1.9,-0.0,244.0
2025-05-27 13:08:56.657,1.7,7.8,0.0,0.3,00:00:00,0.0,1.9,-0.0,244.0
2025-05-27 13:08:57.659,1.7,7.8,0.0,0.3,00:00:00,0.0,1.9,-0.0,244.0
2025-05-27 13:08:58.659,1.7,7.8,0.0,0.3,00:00:00,0.0,1.9,-0.0,244.0
2025-05-27 13:08:59.659,1.7,7.8,0.0,0.3,00:00:00,0.0,1.9,-0.0,244.0
2025-05-27 13:09:00.660,1.7,7.8,0.0,0.3,00:00:00,0.0,1.9,-0.0,244.0
2025-05-27 13:09:01.657,1.7,7.8,0.0,0.3,00:00:00,0.0,1.9,-0.0,244.0
2025-05-27 13:09:02.659,1.7,7.8,0.0,0.3,00:00:00,0.0,1.9,-0.0,244.0
2025-05-27 13:09:03.657,1.7,7.8,0.0,0.3,00:00:00,0.0,1.9,-0.0,244.0
2025-05-27 13:09:04.659,1.7,7.8,0.0,0.3,00:00:00,0.0,1.9,-0.0,244.0
2025-05-27 13:09:05.658,1.7,7.8,0.0,0.3,00:00:00,0.0,1.9,-0.0,244.0
2025-05-27 13:09:06.658,1.7,7.8,0.0,0.3,00:00:00,0.0,1.9,-0.0,244.0
2025-05-27 13:09:07.658,1.7,7.8,0.0,0.3,00:00:00,0.0,1.9,-0.0,244.0
2025-05-27 13:09:08.660,1.7,7.8,0.0,0.3,00:00:00,0.0,1.9,-0.0,244.0
2025-05-27 13:09:09.657,1.7,7.8,0.0,0.3,00:00:00,0.0,1.9,-0.0,244.0
2025-05-27 13:09:10.658,1.7,7.8,0.0,0.3,00:00:00,0.0,1.9,-0.0,244.0
2025-05-27 13:09:11.657,1.7,7.8,0.0,0.3,00:00:00,0.0,1.9,-0.0,244.0
2025-05-27 13:09:12.658,1.7,7.8,0.0,0.3,00:00:00,0.0,1.9,-0.0,244.0
2025-05-27 13:09:13.658,1.7,7.8,0.0,0.3,00:00:00,0.0,1.9,-0.0,244.0
2025-05-27 13:09:14.658,1.7,7.8,0.0,0.3,00:00:00,0.0,1.9,-0.0,244.0
2025-05-27 13:09:15.656,1.7,7.8,0.0,0.3,00:00:00,0.0,1.9,-0.0,244.0
2025-05-27 13:09:16.658,1.7,7.8,0.0,0.3,00:00:00,0.0,1.9,-0.0,244.0
2025-05-27 13:09:17.659,1.7,7.8,0.0,0.3,00:00:00,0.0,1.9,-0.0,244.0
2025-05-27 13:09:18.658,1.7,7.8,0.0,0.3,00:00:00,0.0,1.9,-0.0,244.0
2025-05-27 13:09:19.656,1.7,7.8,0.0,0.3,00:00:00,0.0,1.9,-0.0,244.0
2025-05-27 13:09:20.659,1.7,7.8,0.0,0.3,00:00:00,0.0,1.9,-0.0,244.0
2025-05-27 13:09:21.659,1.7,7.8,0.0,0.3,00:00:00,0.0,1.9,-0.0,244.0
2025-05-27 13:09:22.656,1.7,7.8,0.0,0.3,00:00:00,0.0,1.9,-0.0,244.0
2025-05-27 13:09:23.657,1.7,7.8,0.0,0.3,00:00:00,0.0,1.9,-0.0,244.0
2025-05-27 13:09:24.656,1.7,7.8,0.0,0.3,00:00:00,0.0,1.9,-0.0,244.0
2025-05-27 13:09:25.657,1.7,7.8,0.0,0.3,00:00:00,0.0,1.9,-0.0,244.0
2025-05-27 13:09:26.659,1.7,7.8,0.0,0.3,00:00:00,0.0,1.9,-0.0,244.0
2025-05-27 13:09:27.656,1.7,7.8,0.0,0.3,00:00:00,0.0,1.9,-0.0,244.0
2025-05-27 13:09:28.657,1.7,7.8,0.0,0.3,00:00:00,0.0,1.9,-0.0,244.0
2025-05-27 13:09:29.657,1.7,7.8,0.0,0.3,00:00:00,0.0,1.9,-0.0,244.0
2025-05-27 13:09:30.658,1.7,7.8,0.0,0.3,00:00:00,0.0,1.9,-0.0,244.0
2025-05-27 13:09:31.658,1.7,7.8,0.0,0.3,00:00:00,0.0,1.9,-0.0,244.0
2025-05-27 13:09:32.656,1.7,7.8,0.0,0.3,00:00:00,0.0,1.9,-0.0,244.0
2025-05-27 13:09:33.657,1.7,7.8,0.0,0.3,00:00:00,0.0,1.9,-0.0,244.0
2025-05-27 13:09:34.657,1.7,7.8,0.0,0.3,00:00:00,0.0,1.9,-0.0,244.0
2025-05-27 13:09:35.657,1.7,7.8,0.0,0.3,00:00:00,0.0,1.9,-0.0,244.0
2025-05-27 13:09:36.659,1.7,7.8,0.0,0.3,00:00:00,0.0,1.9,-0.0,244.0
2025-05-27 13:09:37.657,1.7,7.8,0.0,0.3,00:00:00,0.0,1.9,-0.0,244.0
2025-05-27 13:09:38.657,1.7,7.8,0.0,0.3,00:00:00,0.0,1.9,-0.0,244.0
2025-05-27 13:09:39.660,1.7,7.8,0.0,0.3,00:00:00,0.0,1.9,-0.0,244.0
2025-05-27 13:09:40.657,1.7,7.8,0.0,0.3,00:00:00,0.0,1.9,-0.0,244.0
2025-05-27 13:09:41.657,1.7,7.8,0.0,0.3,00:00:00,0.0,1.9,-0.0,244.0
2025-05-27 13:09:42.658,1.7,7.8,0.0,0.3,00:00:00,0.0,1.9,-0.0,244.0
2025-05-27 13:09:43.657,1.7,7.8,0.0,0.3,00:00:00,0.0,1.9,-0.0,244.0
2025-05-27 13:09:44.657,1.7,7.8,0.0,0.3,00:00:00,0.0,1.9,-0.0,244.0
2025-05-27 13:09:45.660,1.7,7.8,0.0,0.3,00:00:00,0.0,1.9,-0.0,244.0
2025-05-27 13:09:46.658,1.7,7.8,0.0,0.3,00:00:00,0.0,1.9,-0.0,244.0
2025-05-27 13:09:47.660,1.7,7.8,0.0,0.3,00:00:00,0.0,1.9,-0.0,244.0
2025-05-27 13:09:48.659,1.7,7.8,0.0,0.3,00:00:00,0.0,1.9,-0.0,244.0
2025-05-27 13:09:49.659,1.7,7.8,0.0,0.3,00:00:00,0.0,1.9,-0.0,244.0
2025-05-27 13:09:50.659,1.7,7.8,0.0,0.3,00:00:00,0.0,1.9,-0.0,244.0
2025-05-27 13:09:51.660,1.7,7.8,0.0,0.3,00:00:00,0.0,1.9,-0.0,244.0
2025-05-27 13:09:52.658,1.7,7.8,0.0,0.3,00:00:00,0.0,1.9,-0.0,244.0
2025-05-27 13:09:53.658,1.7,7.8,0.0,0.3,00:00:00,0.0,1.9,-0.0,244.0
2025-05-27 13:09:54.660,1.7,7.8,0.0,0.3,00:00:00,0.0,1.9,-0.0,244.0
2025-05-27 13:09:55.657,1.7,7.8,0.0,0.3,00:00:00,0.0,1.9,-0.0,244.0
2025-05-27 13:09:56.658,1.7,7.8,0.0,0.3,00:00:00,0.0,1.9,-0.0,244.0
2025-05-27 13:09:57.658,1.7,7.8,0.0,0.3,00:00:00,0.0,1.9,-0.0,244.0
2025-05-27 13:09:58.658,1.7,7.8,0.0,0.3,00:00:00,0.0,1.9,-0.0,244.0
2025-05-27 13:09:59.657,1.7,7.8,0.0,0.3,00:00:00,0.0,1.9,-0.0,244.0
2025-05-27 13:10:00.657,1.7,7.8,0.0,0.3,00:00:00,0.0,1.9,-0.0,244.0
2025-05-27 13:10:01.660,1.7,7.8,0.0,0.3,00:00:00,0.0,1.9,-0.0,244.0
2025-05-27 13:10:02.660,1.7,7.8,0.0,0.3,00:00:00,0.0,1.9,-0.0,244.0
2025-05-27 13:10:03.657,1.7,7.8,0.0,0.3,00:00:00,0.0,1.9,-0.0,244.0
2025-05-27 13:10:04.658,1.7,7.8,0.0,0.3,00:00:00,0.0,1.9,-0.0,244.0
2025-05-27 13:10:05.657,1.7,7.8,0.0,0.3,00:00:00,0.0,1.9,-0.0,244.0
2025-05-27 13:10:06.657,1.7,7.8,0.0,0.3,00:00:00,0.0,1.9,-0.0,244.0
2025-05-27 13:10:07.659,1.7,7.8,0.0,0.3,00:00:00,0.0,1.9,-0.0,244.0
2025-05-27 13:10:08.660,1.7,7.8,0.0,0.3,00:00:00,0.0,1.9,-0.0,244.0
2025-05-27 13:10:09.660,1.7,7.8,0.0,0.3,00:00:00,0.0,1.9,-0.0,244.0
2025-05-27 13:10:10.657,1.7,7.8,0.0,0.3,00:00:00,0.0,1.9,-0.0,244.0
2025-05-27 13:10:11.657,1.7,7.8,0.0,0.3,00:00:00,0.0,1.9,-0.0,244.0
2025-05-27 13:10:12.658,1.7,7.8,0.0,0.3,00:00:00,0.0,1.9,-0.0,244.0
2025-05-27 13:10:13.657,1.7,7.8,0.0,0.3,00:00:00,0.0,1.9,-0.0,244.0
2025-05-27 13:10:14.658,1.7,7.8,0.0,0.3,00:00:00,0.0,1.9,-0.0,244.0
2025-05-27 13:10:15.657,1.7,7.8,0.0,0.3,00:00:00,0.0,1.9,-0.0,244.0
2025-05-27 13:10:16.659,1.7,7.8,0.0,0.3,00:00:00,0.0,1.9,-0.0,244.0
2025-05-27 13:10:17.659,1.7,7.8,0.0,0.3,00:00:00,0.0,1.9,-0.0,244.0
2025-05-27 13:10:18.660,1.7,7.8,0.0,0.3,00:00:00,0.0,1.9,-0.0,244.0
2025-05-27 13:10:19.659,1.7,7.8,0.0,0.3,00:00:00,0.0,1.9,-0.0,244.0
2025-05-27 13:10:20.659,1.7,7.8,0.0,0.3,00:00:00,0.0,1.9,-0.0,244.0
2025-05-27 13:10:21.657,1.7,7.8,0.0,0.3,00:00:00,0.0,1.9,-0.0,244.0
2025-05-27 13:10:22.658,1.7,7.8,0.0,0.3,00:00:00,0.0,1.9,-0.0,244.0
2025-05-27 13:10:23.657,1.7,7.8,0.0,0.3,00:00:00,0.0,1.9,-0.0,244.0
2025-05-27 13:10:24.659,1.7,7.8,0.0,0.3,00:00:00,0.0,1.9,-0.0,244.0
2025-05-27 13:10:25.657,1.7,7.8,0.0,0.3,00:00:00,0.0,1.9,-0.0,244.0
2025-05-27 13:10:26.656,1.7,7.8,0.0,0.3,00:00:00,0.0,1.9,-0.0,244.0
2025-05-27 13:10:27.660,1.7,7.8,0.0,0.3,00:00:00,0.0,1.9,-0.0,244.0
2025-05-27 13:10:28.658,1.7,7.8,0.0,0.3,00:00:00,0.0,1.9,-0.0,244.0
2025-05-27 13:10:29.659,1.7,7.8,0.0,0.3,00:00:00,0.0,1.9,-0.0,244.0
2025-05-27 13:10:30.657,1.7,7.8,0.0,0.3,00:00:00,0.0,1.9,-0.0,244.0
2025-05-27 13:10:31.659,1.7,7.8,0.0,0.3,00:00:00,0.0,1.9,-0.0,244.0
2025-05-27 13:10:32.657,1.7,7.8,0.0,0.3,00:00:00,0.0,1.9,-0.0,244.0
2025-05-27 13:10:33.657,1.7,7.8,0.0,0.3,00:00:00,0.0,1.9,-0.0,244.0
2025-05-27 13:10:34.657,1.7,7.8,0.0,0.3,00:00:00,0.0,1.9,-0.0,244.0
2025-05-27 13:10:35.657,1.7,7.8,0.0,0.3,00:00:00,0.0,1.9,-0.0,244.0
2025-05-27 13:10:36.660,1.7,7.8,0.0,0.3,00:00:00,0.0,1.9,-0.0,244.0
2025-05-27 13:10:37.657,1.7,7.8,0.0,0.3,00:00:00,0.0,1.9,-0.0,244.0
2025-05-27 13:10:38.660,1.7,7.8,0.0,0.3,00:00:00,0.0,1.9,-0.0,244.0
2025-05-27 13:10:39.657,1.7,7.8,0.0,0.3,00:00:00,0.0,1.9,-0.0,244.0
2025-05-27 13:10:40.659,1.7,7.8,0.0,0.3,00:00:00,0.0,1.9,-0.0,244.0
2025-05-27 13:10:41.656,1.7,7.8,0.0,0.3,00:00:00,0.0,1.9,-0.0,244.0
2025-05-27 13:10:42.659,1.7,7.8,0.0,0.3,00:00:00,0.0,1.9,-0.0,244.0
2025-05-27 13:10:43.657,1.7,7.8,0.0,0.3,00:00:00,0.0,1.9,-0.0,244.0
2025-05-27 13:10:44.659,1.7,7.8,0.0,0.3,00:00:00,0.0,1.9,-0.0,244.0
2025-05-27 13:10:45.656,1.7,7.8,0.0,0.3,00:00:00,0.0,1.9,-0.0,244.0
2025-05-27 13:10:46.656,1.7,7.8,0.0,0.3,00:00:00,0.0,1.9,-0.0,244.0
2025-05-27 13:10:47.657,1.7,7.8,0.0,0.3,00:00:00,0.0,1.9,-0.0,244.0
2025-05-27 13:10:48.659,1.7,7.8,0.0,0.3,00:00:00,0.0,1.9,-0.0,244.0
2025-05-27 13:10:49.659,1.7,7.8,0.0,0.3,00:00:00,0.0,1.9,-0.0,244.0
2025-05-27 13:10:50.660,1.7,7.8,0.0,0.3,00:00:00,0.0,1.9,-0.0,244.0
2025-05-27 13:10:51.658,1.7,7.8,0.0,0.3,00:00:00,0.0,1.9,-0.0,244.0
2025-05-27 13:10:52.659,1.7,7.8,0.0,0.3,00:00:00,0.0,1.9,-0.0,244.0
2025-05-27 13:10:53.660,1.7,7.8,0.0,0.3,00:00:00,0.0,1.9,-0.0,244.0
2025-05-27 13:10:54.659,1.7,7.8,0.0,0.3,00:00:00,0.0,1.9,-0.0,244.0
2025-05-27 13:10:55.657,1.7,7.8,0.0,0.3,00:00:00,0.0,1.9,-0.0,244.0
2025-05-27 13:10:56.657,1.7,7.8,0.0,0.3,00:00:00,0.0,1.9,-0.0,244.0
2025-05-27 13:10:57.657,1.7,7.8,0.0,0.3,00:00:00,0.0,1.9,-0.0,244.0
2025-05-27 13:10:58.657,1.7,7.8,0.0,0.3,00:00:00,0.0,1.9,-0.0,244.0
2025-05-27 13:10:59.659,1.7,7.8,0.0,0.3,00:00:00,0.0,1.9,-0.0,244.0
2025-05-27 13:11:00.657,1.7,7.8,0.0,0.3,00:00:00,0.0,1.9,-0.0,244.0
2025-05-27 13:11:01.656,1.7,7.8,0.0,0.3,00:00:00,0.0,1.9,-0.0,244.0
2025-05-27 13:11:02.660,1.7,7.8,0.0,0.3,00:00:00,0.0,1.9,-0.0,244.0
2025-05-27 13:11:03.659,1.7,7.8,0.0,0.3,00:00:00,0.0,1.9,-0.0,244.0
2025-05-27 13:11:04.657,1.7,7.8,0.0,0.3,00:00:00,0.0,1.9,-0.0,244.0
2025-05-27 13:11:05.658,1.7,7.8,0.0,0.3,00:00:00,0.0,1.9,-0.0,244.0
2025-05-27 13:11:06.660,1.7,7.8,0.0,0.3,00:00:00,0.0,1.9,-0.0,244.0
2025-05-27 13:11:07.661,1.7,7.8,0.0,0.3,00:00:00,0.0,1.9,-0.0,244.0
2025-05-27 13:11:08.656,1.7,7.8,0.0,0.3,00:00:00,0.0,1.9,-0.0,244.0
2025-05-27 13:11:09.657,1.7,7.8,0.0,0.3,00:00:00,0.0,1.9,-0.0,244.0
2025-05-27 13:11:10.656,1.7,7.8,0.0,0.3,00:00:00,0.0,1.9,-0.0,244.0
2025-05-27 13:11:11.658,1.7,7.8,0.0,0.3,00:00:00,0.0,1.9,-0.0,244.0
2025-05-27 13:11:12.657,1.7,7.8,0.0,0.3,00:00:00,0.0,1.9,-0.0,244.0
2025-05-27 13:11:13.659,1.7,7.8,0.0,0.3,00:00:00,0.0,1.9,-0.0,244.0
2025-05-27 13:11:14.660,1.7,7.8,0.0,0.3,00:00:00,0.0,1.9,-0.0,244.0
2025-05-27 13:11:15.660,1.7,7.8,0.0,0.3,00:00:00,0.0,1.9,-0.0,244.0
2025-05-27 13:11:16.657,1.7,7.8,0.0,0.3,00:00:00,0.0,1.9,-0.0,244.0
2025-05-27 13:11:17.657,1.7,7.8,0.0,0.3,00:00:00,0.0,1.9,-0.0,244.0
2025-05-27 13:11:18.657,1.7,7.8,0.0,0.3,00:00:00,0.0,1.9,-0.0,244.0
2025-05-27 13:11:19.657,1.7,7.8,0.0,0.3,00:00:00,0.0,1.9,-0.0,244.0
2025-05-27 13:11:20.659,1.7,7.8,0.0,0.3,00:00:00,0.0,1.9,-0.0,244.0
2025-05-27 13:11:21.657,1.7,7.8,0.0,0.3,00:00:00,0.0,1.9,-0.0,244.0
2025-05-27 13:11:22.660,1.7,7.8,0.0,0.3,00:00:00,0.0,1.9,-0.0,244.0
2025-05-27 13:11:23.656,1.7,7.8,0.0,0.3,00:00:00,0.0,1.9,-0.0,244.0
2025-05-27 13:11:24.657,1.7,7.8,0.0,0.3,00:00:00,0.0,1.9,-0.0,244.0
2025-05-27 13:11:25.659,1.7,7.8,0.0,0.3,00:00:00,0.0,1.9,-0.0,244.0
2025-05-27 13:11:26.659,1.7,7.8,0.0,0.3,00:00:00,0.0,1.9,-0.0,244.0
2025-05-27 13:11:27.658,1.7,7.8,0.0,0.3,00:00:00,0.0,1.9,-0.0,244.0
2025-05-27 13:11:28.659,1.7,7.8,0.0,0.3,00:00:00,0.0,1.9,-0.0,244.0
2025-05-27 13:11:29.659,1.7,7.8,0.0,0.3,00:00:00,0.0,1.9,-0.0,244.0
2025-05-27 13:11:30.658,1.7,7.8,0.0,0.3,00:00:00,0.0,1.9,-0.0,244.0
2025-05-27 13:11:31.659,1.7,7.8,0.0,0.3,00:00:00,0.0,1.9,-0.0,244.0
2025-05-27 13:11:32.659,1.7,7.8,0.0,0.3,00:00:00,0.0,1.9,-0.0,244.0
2025-05-27 13:11:33.657,1.7,7.8,0.0,0.3,00:00:00,0.0,1.9,-0.0,244.0
2025-05-27 13:11:34.659,1.7,7.8,0.0,0.3,00:00:00,0.0,1.9,-0.0,244.0
2025-05-27 13:11:35.659,1.7,7.8,0.0,0.3,00:00:00,0.0,1.9,-0.0,244.0
2025-05-27 13:11:36.659,1.7,7.8,0.0,0.3,00:00:00,0.0,1.9,-0.0,244.0
2025-05-27 13:11:37.659,1.7,7.8,0.0,0.3,00:00:00,0.0,1.9,-0.0,244.0
2025-05-27 13:11:38.657,1.7,7.8,0.0,0.3,00:00:00,0.0,1.9,-0.0,244.0
2025-05-27 13:11:39.659,1.7,7.8,0.0,0.3,00:00:00,0.0,1.9,-0.0,244.0
2025-05-27 13:11:40.659,1.7,7.8,0.0,0.3,00:00:00,0.0,1.9,-0.0,244.0
2025-05-27 13:11:41.657,1.7,7.8,0.0,0.3,00:00:00,0.0,1.9,-0.0,244.0
2025-05-27 13:11:42.656,1.7,7.8,0.0,0.3,00:00:00,0.0,1.9,-0.0,244.0
2025-05-27 13:11:43.658,1.7,7.8,0.0,0.3,00:00:00,0.0,1.9,-0.0,244.0
2025-05-27 13:11:44.658,1.7,7.8,0.0,0.3,00:00:00,0.0,1.9,-0.0,244.0
2025-05-27 13:11:45.660,1.7,7.8,0.0,0.3,00:00:00,0.0,1.9,-0.0,244.0
2025-05-27 13:11:46.657,1.7,7.8,0.0,0.3,00:00:00,0.0,1.9,-0.0,244.0
2025-05-27 13:11:47.657,1.7,7.8,0.0,0.3,00:00:00,0.0,1.9,-0.0,244.0
2025-05-27 13:11:48.656,1.7,7.8,0.0,0.3,00:00:00,0.0,1.9,-0.0,244.0
2025-05-27 13:11:49.656,1.7,7.8,0.0,0.3,00:00:00,0.0,1.9,-0.0,244.0
2025-05-27 13:11:50.657,1.7,7.8,0.0,0.3,00:00:00,0.0,1.9,-0.0,244.0
2025-05-27 13:11:51.659,1.7,7.8,0.0,0.3,00:00:00,0.0,1.9,-0.0,244.0
2025-05-27 13:11:52.657,1.7,7.8,0.0,0.3,00:00:00,0.0,1.9,-0.0,244.0
2025-05-27 13:11:53.660,1.7,7.8,0.0,0.3,00:00:00,0.0,1.9,-0.0,244.0
2025-05-27 13:11:54.660,1.7,7.8,0.0,0.3,00:00:00,0.0,1.9,-0.0,244.0
2025-05-27 13:11:55.657,1.7,7.8,0.0,0.3,00:00:00,0.0,1.9,-0.0,244.0
2025-05-27 13:11:56.658,1.7,7.8,0.0,0.3,00:00:00,0.0,1.9,-0.0,244.0
2025-05-27 13:11:57.657,1.7,7.8,0.0,0.3,00:00:00,0.0,1.9,-0.0,244.0
2025-05-27 13:11:58.659,1.7,7.8,0.0,0.3,00:00:00,0.0,1.9,-0.0,244.0
2025-05-27 13:11:59.657,1.7,7.8,0.0,0.3,00:00:00,0.0,1.9,-0.0,244.0
2025-05-27 13:12:00.656,1.7,7.8,0.0,0.3,00:00:00,0.0,1.9,-0.0,244.0
2025-05-27 13:12:01.657,1.7,7.8,0.0,0.3,00:00:00,0.0,1.9,-0.0,244.0
2025-05-27 13:12:02.657,1.7,7.8,0.0,0.3,00:00:00,0.0,1.9,-0.0,244.0
2025-05-27 13:12:03.657,1.7,7.8,0.0,0.3,00:00:00,0.0,1.9,-0.0,244.0
2025-05-27 13:12:04.657,1.7,7.8,0.0,0.3,00:00:00,0.0,1.9,-0.0,244.0
2025-05-27 13:12:05.659,1.7,7.8,0.0,0.3,00:00:00,0.0,1.9,-0.0,244.0
2025-05-27 13:12:06.656,1.7,7.8,0.0,0.3,00:00:00,0.0,1.9,-0.0,244.0
2025-05-27 13:12:07.658,1.7,7.8,0.0,0.3,00:00:00,0.0,1.9,-0.0,244.0
2025-05-27 13:12:08.657,1.7,7.8,0.0,0.3,00:00:00,0.0,1.9,-0.0,244.0
2025-05-27 13:12:09.660,1.7,7.8,0.0,0.3,00:00:00,0.0,1.9,-0.0,244.0
2025-05-27 13:12:10.657,1.7,7.8,0.0,0.3,00:00:00,0.0,1.9,-0.0,244.0
2025-05-27 13:12:11.657,1.7,7.8,0.0,0.3,00:00:00,0.0,1.9,-0.0,244.0
2025-05-27 13:12:12.659,1.7,7.8,0.0,0.3,00:00:00,0.0,1.9,-0.0,244.0
2025-05-27 13:12:13.659,1.7,7.8,0.0,0.3,00:00:00,0.0,1.9,-0.0,244.0
2025-05-27 13:12:14.656,1.7,7.8,0.0,0.3,00:00:00,0.0,1.9,-0.0,244.0
2025-05-27 13:12:15.656,1.7,7.8,0.0,0.3,00:00:00,0.0,1.9,-0.0,244.0
2025-05-27 13:12:16.657,1.7,7.8,0.0,0.3,00:00:00,0.0,1.9,-0.0,244.0
2025-05-27 13:12:17.657,1.7,7.8,0.0,0.3,00:00:00,0.0,1.9,-0.0,244.0
2025-05-27 13:12:18.657,1.7,7.8,0.0,0.3,00:00:00,0.0,1.9,-0.0,244.0
2025-05-27 13:12:19.659,1.7,7.8,0.0,0.3,00:00:00,0.0,1.9,-0.0,244.0
2025-05-27 13:12:20.656,1.7,7.8,0.0,0.3,00:00:00,0.0,1.9,-0.0,244.0
2025-05-27 13:12:21.657,1.7,7.8,0.0,0.3,00:00:00,0.0,1.9,-0.0,244.0
2025-05-27 13:12:22.659,1.7,7.8,0.0,0.3,00:00:00,0.0,1.9,-0.0,244.0
2025-05-27 13:12:23.656,1.7,7.8,0.0,0.3,00:00:00,0.0,1.9,-0.0,244.0
2025-05-27 13:12:24.656,1.7,7.8,0.0,0.3,00:00:00,0.0,1.9,-0.0,244.0
2025-05-27 13:12:25.657,1.7,7.8,0.0,0.3,00:00:00,0.0,1.9,-0.0,244.0
2025-05-27 13:12:26.658,1.7,7.8,0.0,0.3,00:00:00,0.0,1.9,-0.0,244.0
2025-05-27 13:12:27.656,1.7,7.8,0.0,0.3,00:00:00,0.0,1.9,-0.0,244.0
2025-05-27 13:12:28.660,1.7,7.8,0.0,0.3,00:00:00,0.0,1.9,-0.0,244.0
2025-05-27 13:12:29.657,1.7,7.8,0.0,0.3,00:00:00,0.0,1.9,-0.0,244.0
2025-05-27 13:12:30.657,1.7,7.8,0.0,0.3,00:00:00,0.0,1.9,-0.0,244.0
2025-05-27 13:12:31.656,1.7,7.8,0.0,0.3,00:00:00,0.0,1.9,-0.0,244.0
2025-05-27 13:12:32.656,1.7,7.8,0.0,0.3,00:00:00,0.0,1.9,-0.0,244.0
2025-05-27 13:12:33.657,1.7,7.8,0.0,0.3,00:00:00,0.0,1.9,-0.0,244.0
2025-05-27 13:12:34.660,1.7,7.8,0.0,0.3,00:00:00,0.0,1.9,-0.0,244.0
2025-05-27 13:12:35.657,1.7,7.8,0.0,0.3,00:00:00,0.0,1.9,-0.0,244.0
2025-05-27 13:12:36.657,1.7,7.8,0.0,0.3,00:00:00,0.0,1.9,-0.0,244.0
2025-05-27 13:12:37.657,1.7,7.8,0.0,0.3,00:00:00,0.0,1.9,-0.0,244.0
2025-05-27 13:12:38.656,1.7,7.8,0.0,0.3,00:00:00,0.0,1.9,-0.0,244.0
2025-05-27 13:12:39.657,1.7,7.8,0.0,0.3,00:00:00,0.0,1.9,-0.0,244.0
2025-05-27 13:12:40.658,1.7,7.8,0.0,0.3,00:00:00,0.0,1.9,-0.0,244.0
2025-05-27 13:12:41.657,1.7,7.8,0.0,0.3,00:00:00,0.0,1.9,-0.0,244.0
2025-05-27 13:12:42.660,1.7,7.8,0.0,0.3,00:00:00,0.0,1.9,-0.0,244.0
2025-05-27 13:12:43.656,1.7,7.8,0.0,0.3,00:00:00,0.0,1.9,-0.0,244.0
2025-05-27 13:12:44.657,1.7,7.8,0.0,0.3,00:00:00,0.0,1.9,-0.0,244.0
2025-05-27 13:12:45.657,1.7,7.8,0.0,0.3,00:00:00,0.0,1.9,-0.0,244.0
2025-05-27 13:12:46.657,1.7,7.8,0.0,0.3,00:00:00,0.0,1.9,-0.0,244.0
2025-05-27 13:12:47.659,1.7,7.8,0.0,0.3,00:00:00,0.0,1.9,-0.0,244.0
2025-05-27 13:12:48.657,1.7,7.8,0.0,0.3,00:00:00,0.0,1.9,-0.0,244.0
2025-05-27 13:12:49.658,1.7,7.8,0.0,0.3,00:00:00,0.0,1.9,-0.0,244.0
2025-05-27 13:12:50.659,1.7,7.8,0.0,0.3,00:00:00,0.0,1.9,-0.0,244.0
2025-05-27 13:12:51.658,1.7,7.8,0.0,0.3,00:00:00,0.0,1.9,-0.0,244.0
2025-05-27 13:12:52.658,1.7,7.8,0.0,0.3,00:00:00,0.0,1.9,-0.0,244.0
2025-05-27 13:12:53.657,1.7,7.8,0.0,0.3,00:00:00,0.0,1.9,-0.0,244.0
2025-05-27 13:12:54.657,1.7,7.8,0.0,0.3,00:00:00,0.0,1.9,-0.0,244.0
2025-05-27 13:12:55.656,1.7,7.8,0.0,0.3,00:00:00,0.0,1.9,-0.0,244.0
2025-05-27 13:12:56.659,1.7,7.8,0.0,0.3,00:00:00,0.0,1.9,-0.0,244.0
2025-05-27 13:12:57.657,1.7,7.8,0.0,0.3,00:00:00,0.0,1.9,-0.0,244.0
2025-05-27 13:12:58.658,1.7,7.8,0.0,0.3,00:00:00,0.0,1.9,-0.0,244.0
2025-05-27 13:12:59.657,1.7,7.8,0.0,0.3,00:00:00,0.0,1.9,-0.0,244.0
2025-05-27 13:13:00.657,1.7,7.8,0.0,0.3,00:00:00,0.0,1.9,-0.0,244.0
2025-05-27 13:13:01.658,1.7,7.8,0.0,0.3,00:00:00,0.0,1.9,-0.0,244.0
2025-05-27 13:13:02.657,1.7,7.8,0.0,0.3,00:00:00,0.0,1.9,-0.0,244.0
2025-05-27 13:13:03.658,1.7,7.8,0.0,0.3,00:00:00,0.0,1.9,-0.0,244.0
2025-05-27 13:13:04.657,1.7,7.8,0.0,0.3,00:00:00,0.0,1.9,-0.0,244.0
2025-05-27 13:13:05.658,1.7,7.8,0.0,0.3,00:00:00,0.0,1.9,-0.0,244.0
2025-05-27 13:13:06.660,1.7,7.8,0.0,0.3,00:00:00,0.0,1.9,-0.0,244.0
2025-05-27 13:13:07.657,1.7,7.8,0.0,0.3,00:00:00,0.0,1.9,-0.0,244.0
2025-05-27 13:13:08.658,1.7,7.8,0.0,0.3,00:00:00,0.0,1.9,-0.0,244.0
2025-05-27 13:13:09.659,1.7,7.8,0.0,0.3,00:00:00,0.0,1.9,-0.0,244.0
2025-05-27 13:13:10.657,1.7,7.8,0.0,0.3,00:00:00,0.0,1.9,-0.0,244.0
2025-05-27 13:13:11.659,1.7,7.8,0.0,0.3,00:00:00,0.0,1.9,-0.0,244.0
2025-05-27 13:13:12.657,1.7,7.8,0.0,0.3,00:00:00,0.0,1.9,-0.0,244.0
2025-05-27 13:13:13.660,1.7,7.8,0.0,0.3,00:00:00,0.0,1.9,-0.0,244.0
2025-05-27 13:13:14.656,1.7,7.8,0.0,0.3,00:00:00,0.0,1.9,-0.0,244.0
2025-05-27 13:13:15.659,1.7,7.8,0.0,0.3,00:00:00,0.0,1.9,-0.0,244.0
2025-05-27 13:13:16.658,1.7,7.8,0.0,0.3,00:00:00,0.0,1.9,-0.0,244.0
2025-05-27 13:13:17.658,1.7,7.8,0.0,0.3,00:00:00,0.0,1.9,-0.0,244.0
2025-05-27 13:13:18.659,1.7,7.8,0.0,0.3,00:00:00,0.0,1.9,-0.0,244.0
2025-05-27 13:13:19.659,1.7,7.8,0.0,0.3,00:00:00,0.0,1.9,-0.0,244.0
2025-05-27 13:13:20.659,1.7,7.8,0.0,0.3,00:00:00,0.0,1.9,-0.0,244.0
2025-05-27 13:13:21.659,1.7,7.8,0.0,0.3,00:00:00,0.0,1.9,-0.0,244.0
2025-05-27 13:13:22.657,1.7,7.8,0.0,0.3,00:00:00,0.0,1.9,-0.0,244.0
2025-05-27 13:13:23.656,1.7,7.8,0.0,0.3,00:00:00,0.0,1.9,-0.0,244.0
2025-05-27 13:13:24.658,1.7,7.8,0.0,0.3,00:00:00,0.0,1.9,-0.0,244.0
2025-05-27 13:13:25.658,1.7,7.8,0.0,0.3,00:00:00,0.0,1.9,-0.0,244.0
2025-05-27 13:13:26.660,1.7,7.8,0.0,0.3,00:00:00,0.0,1.9,-0.0,244.0
2025-05-27 13:13:27.660,1.7,7.8,0.0,0.3,00:00:00,0.0,1.9,-0.0,244.0
2025-05-27 13:13:28.660,1.7,7.8,0.0,0.3,00:00:00,0.0,1.9,-0.0,244.0
2025-05-27 13:13:29.657,1.7,7.8,0.0,0.3,00:00:00,0.0,1.9,-0.0,244.0
2025-05-27 13:13:30.658,1.7,7.8,0.0,0.3,00:00:00,0.0,1.9,-0.0,244.0
2025-05-27 13:13:31.658,1.7,7.8,0.0,0.3,00:00:00,0.0,1.9,-0.0,244.0
2025-05-27 13:13:32.657,1.7,7.8,0.0,0.3,00:00:00,0.0,1.9,-0.0,244.0
2025-05-27 13:13:33.657,1.7,7.8,0.0,0.3,00:00:00,0.0,1.9,-0.0,244.0
2025-05-27 13:13:34.659,1.7,7.8,0.0,0.3,00:00:00,0.0,1.9,-0.0,244.0
2025-05-27 13:13:35.660,1.7,7.8,0.0,0.3,00:00:00,0.0,1.9,-0.0,244.0
2025-05-27 13:13:36.658,1.7,7.8,0.0,0.3,00:00:00,0.0,1.9,-0.0,244.0
2025-05-27 13:13:37.657,1.7,7.8,0.0,0.3,00:00:00,0.0,1.9,-0.0,244.0
2025-05-27 13:13:38.657,1.7,7.8,0.0,0.3,00:00:00,0.0,1.9,-0.0,244.0
2025-05-27 13:13:39.657,1.7,7.8,0.0,0.3,00:00:00,0.0,1.9,-0.0,244.0
2025-05-27 13:13:40.658,1.7,7.8,0.0,0.3,00:00:00,0.0,1.9,-0.0,244.0
2025-05-27 13:13:41.660,1.7,7.8,0.0,0.3,00:00:00,0.0,1.9,-0.0,244.0
2025-05-27 13:13:42.658,1.7,7.8,0.0,0.3,00:00:00,0.0,1.9,-0.0,244.0
2025-05-27 13:13:43.660,1.7,7.8,0.0,0.3,00:00:00,0.0,1.9,-0.0,244.0
2025-05-27 13:13:44.658,1.7,7.8,0.0,0.3,00:00:00,0.0,1.9,-0.0,244.0
2025-05-27 13:13:45.659,1.7,7.8,0.0,0.3,00:00:00,0.0,1.9,-0.0,244.0
2025-05-27 13:13:46.659,1.7,7.8,0.0,0.3,00:00:00,0.0,1.9,-0.0,244.0
2025-05-27 13:13:47.659,1.7,7.8,0.0,0.3,00:00:00,0.0,1.9,-0.0,244.0
2025-05-27 13:13:48.656,1.7,7.8,0.0,0.3,00:00:00,0.0,1.9,-0.0,244.0
2025-05-27 13:13:49.657,1.7,7.8,0.0,0.3,00:00:00,0.0,1.9,-0.0,244.0
2025-05-27 13:13:50.660,1.7,7.8,0.0,0.3,00:00:00,0.0,1.9,-0.0,244.0
2025-05-27 13:13:51.656,1.7,7.8,0.0,0.3,00:00:00,0.0,1.9,-0.0,244.0
2025-05-27 13:13:52.657,1.7,7.8,0.0,0.3,00:00:00,0.0,1.9,-0.0,244.0
2025-05-27 13:13:53.659,1.7,7.8,0.0,0.3,00:00:00,0.0,1.9,-0.0,244.0
2025-05-27 13:13:54.656,1.7,7.8,0.0,0.3,00:00:00,0.0,1.9,-0.0,244.0
2025-05-27 13:13:55.657,1.7,7.8,0.0,0.3,00:00:00,0.0,1.9,-0.0,244.0
2025-05-27 13:13:56.656,1.7,7.8,0.0,0.3,00:00:00,0.0,1.9,-0.0,244.0
2025-05-27 13:13:57.657,1.7,7.8,0.0,0.3,00:00:00,0.0,1.9,-0.0,244.0
2025-05-27 13:13:58.658,1.7,7.8,0.0,0.3,00:00:00,0.0,1.9,-0.0,244.0
2025-05-27 13:13:59.656,1.7,7.8,0.0,0.3,00:00:00,0.0,1.9,-0.0,244.0
2025-05-27 13:14:00.659,1.7,7.8,0.0,0.3,00:00:00,0.0,1.9,-0.0,244.0
2025-05-27 13:14:01.656,1.7,7.8,0.0,0.3,00:00:00,0.0,1.9,-0.0,244.0
2025-05-27 13:14:02.658,1.7,7.8,0.0,0.3,00:00:00,0.0,1.9,-0.0,244.0
2025-05-27 13:14:03.659,1.7,7.8,0.0,0.3,00:00:00,0.0,1.9,-0.0,244.0
2025-05-27 13:14:04.659,1.7,7.8,0.0,0.3,00:00:00,0.0,1.9,-0.0,244.0
2025-05-27 13:14:05.658,1.7,7.8,0.0,0.3,00:00:00,0.0,1.9,-0.0,244.0
2025-05-27 13:14:06.658,1.7,7.8,0.0,0.3,00:00:00,0.0,1.9,-0.0,244.0
2025-05-27 13:14:07.659,1.7,7.8,0.0,0.3,00:00:00,0.0,1.9,-0.0,244.0
2025-05-27 13:14:08.659,1.7,7.8,0.0,0.3,00:00:00,0.0,1.9,-0.0,244.0
2025-05-27 13:14:09.659,1.7,7.8,0.0,0.3,00:00:00,0.0,1.9,-0.0,244.0
2025-05-27 13:14:10.660,1.7,7.8,0.0,0.3,00:00:00,0.0,1.9,-0.0,244.0
2025-05-27 13:14:11.659,1.7,7.8,0.0,0.3,00:00:00,0.0,1.9,-0.0,244.0
2025-05-27 13:14:12.659,1.7,7.8,0.0,0.3,00:00:00,0.0,1.9,-0.0,244.0
2025-05-27 13:14:13.657,1.7,7.8,0.0,0.3,00:00:00,0.0,1.9,-0.0,244.0
2025-05-27 13:14:14.658,1.7,7.8,0.0,0.3,00:00:00,0.0,1.9,-0.0,244.0
2025-05-27 13:14:15.657,1.7,7.8,0.0,0.3,00:00:00,0.0,1.9,-0.0,244.0
2025-05-27 13:14:16.657,1.7,7.8,0.0,0.3,00:00:00,0.0,1.9,-0.0,244.0
2025-05-27 13:14:17.657,1.7,7.8,0.0,0.3,00:00:00,0.0,1.9,-0.0,244.0
2025-05-27 13:14:18.658,1.7,7.8,0.0,0.3,00:00:00,0.0,1.9,-0.0,244.0
2025-05-27 13:14:19.657,1.7,7.8,0.0,0.3,00:00:00,0.0,1.9,-0.0,244.0
2025-05-27 13:14:20.659,1.7,7.8,0.0,0.3,00:00:00,0.0,1.9,-0.0,244.0
2025-05-27 13:14:21.657,1.7,7.8,0.0,0.3,00:00:00,0.0,1.9,-0.0,244.0
2025-05-27 13:14:22.656,1.7,7.8,0.0,0.3,00:00:00,0.0,1.9,-0.0,244.0
2025-05-27 13:14:23.657,1.7,7.8,0.0,0.3,00:00:00,0.0,1.9,-0.0,244.0
2025-05-27 13:14:24.657,1.7,7.8,0.0,0.3,00:00:00,0.0,1.9,-0.0,244.0
2025-05-27 13:14:25.657,1.7,7.8,0.0,0.3,00:00:00,0.0,1.9,-0.0,244.0
2025-05-27 13:14:26.657,1.7,7.8,0.0,0.3,00:00:00,0.0,1.9,-0.0,244.0
2025-05-27 13:14:27.657,1.7,7.8,0.0,0.3,00:00:00,0.0,1.9,-0.0,244.0
2025-05-27 13:14:28.658,1.7,7.8,0.0,0.3,00:00:00,0.0,1.9,-0.0,244.0
2025-05-27 13:14:29.659,1.7,7.8,0.0,0.3,00:00:00,0.0,1.9,-0.0,244.0
2025-05-27 13:14:30.660,1.7,7.8,0.0,0.3,00:00:00,0.0,1.9,-0.0,244.0
2025-05-27 13:14:31.660,1.7,7.8,0.0,0.3,00:00:00,0.0,1.9,-0.0,244.0
2025-05-27 13:14:32.659,1.7,7.8,0.0,0.3,00:00:00,0.0,1.9,-0.0,244.0
2025-05-27 13:14:33.657,1.7,7.8,0.0,0.3,00:00:00,0.0,1.9,-0.0,244.0
2025-05-27 13:14:34.659,1.7,7.8,0.0,0.3,00:00:00,0.0,1.9,-0.0,244.0
2025-05-27 13:14:35.660,1.7,7.8,0.0,0.3,00:00:00,0.0,1.9,-0.0,244.0
2025-05-27 13:14:36.657,1.7,7.8,0.0,0.3,00:00:00,0.0,1.9,-0.0,244.0
2025-05-27 13:14:37.657,1.7,7.8,0.0,0.3,00:00:00,0.0,1.9,-0.0,244.0
2025-05-27 13:14:38.659,1.7,7.8,0.0,0.3,00:00:00,0.0,1.9,-0.0,244.0
2025-05-27 13:14:39.659,1.7,7.8,0.0,0.3,00:00:00,0.0,1.9,-0.0,244.0
2025-05-27 13:14:40.656,1.7,7.8,0.0,0.3,00:00:00,0.0,1.9,-0.0,244.0
2025-05-27 13:14:41.657,1.7,7.8,0.0,0.3,00:00:00,0.0,1.9,-0.0,244.0
2025-05-27 13:14:42.660,1.7,7.8,0.0,0.3,00:00:00,0.0,1.9,-0.0,244.0
2025-05-27 13:14:43.659,1.7,7.8,0.0,0.3,00:00:00,0.0,1.9,-0.0,244.0
2025-05-27 13:14:44.660,1.7,7.8,0.0,0.3,00:00:00,0.0,1.9,-0.0,244.0
2025-05-27 13:14:45.656,1.7,7.8,0.0,0.3,00:00:00,0.0,1.9,-0.0,244.0
2025-05-27 13:14:46.657,1.7,7.8,0.0,0.3,00:00:00,0.0,1.9,-0.0,244.0
2025-05-27 13:14:47.660,1.7,7.8,0.0,0.3,00:00:00,0.0,1.9,-0.0,244.0
2025-05-27 13:14:48.659,1.7,7.8,0.0,0.3,00:00:00,0.0,1.9,-0.0,244.0
2025-05-27 13:14:49.657,1.7,7.8,0.0,0.3,00:00:00,0.0,1.9,-0.0,244.0
2025-05-27 13:14:50.659,1.7,7.8,0.0,0.3,00:00:00,0.0,1.9,-0.0,244.0
2025-05-27 13:14:51.657,1.7,7.8,0.0,0.3,00:00:00,0.0,1.9,-0.0,244.0
2025-05-27 13:14:52.656,1.7,7.8,0.0,0.3,00:00:00,0.0,1.9,-0.0,244.0
2025-05-27 13:14:53.659,1.7,7.8,0.0,0.3,00:00:00,0.0,1.9,-0.0,244.0
2025-05-27 13:14:54.658,1.7,7.8,0.0,0.3,00:00:00,0.0,1.9,-0.0,244.0
2025-05-27 13:14:55.659,1.7,7.8,0.0,0.3,00:00:00,0.0,1.9,-0.0,244.0
2025-05-27 13:14:56.656,1.7,7.8,0.0,0.3,00:00:00,0.0,1.9,-0.0,244.0
2025-05-27 13:14:57.659,1.7,7.8,0.0,0.3,00:00:00,0.0,1.9,-0.0,244.0
2025-05-27 13:14:58.659,1.7,7.8,0.0,0.3,00:00:00,0.0,1.9,-0.0,244.0
2025-05-27 13:14:59.657,1.7,7.8,0.0,0.3,00:00:00,0.0,1.9,-0.0,244.0
2025-05-27 13:15:00.657,1.7,7.8,0.0,0.3,00:00:00,0.0,1.9,-0.0,244.0
2025-05-27 13:15:01.656,1.7,7.8,0.0,0.3,00:00:00,0.0,1.9,-0.0,244.0
2025-05-27 13:15:02.657,1.7,7.8,0.0,0.3,00:00:00,0.0,1.9,-0.0,244.0
2025-05-27 13:15:03.659,1.7,7.8,0.0,0.3,00:00:00,0.0,1.9,-0.0,244.0
2025-05-27 13:15:04.657,1.7,7.8,0.0,0.3,00:00:00,0.0,1.9,-0.0,244.0
2025-05-27 13:15:05.657,1.7,7.8,0.0,0.3,00:00:00,0.0,1.9,-0.0,244.0
2025-05-27 13:15:06.656,1.7,7.8,0.0,0.3,00:00:00,0.0,1.9,-0.0,244.0
2025-05-27 13:15:07.657,1.7,7.8,0.0,0.3,00:00:00,0.0,1.9,-0.0,244.0
2025-05-27 13:15:08.657,1.7,7.8,0.0,0.3,00:00:00,0.0,1.9,-0.0,244.0
2025-05-27 13:15:09.657,1.7,7.8,0.0,0.3,00:00:00,0.0,1.9,-0.0,244.0
2025-05-27 13:15:10.657,1.7,7.8,0.0,0.3,00:00:00,0.0,1.9,-0.0,244.0
2025-05-27 13:15:11.657,1.7,7.8,0.0,0.3,00:00:00,0.0,1.9,-0.0,244.0
2025-05-27 13:15:12.659,1.7,7.8,0.0,0.3,00:00:00,0.0,1.9,-0.0,244.0
2025-05-27 13:15:13.657,1.7,7.8,0.0,0.3,00:00:00,0.0,1.9,-0.0,244.0
2025-05-27 13:15:14.659,1.7,7.8,0.0,0.3,00:00:00,0.0,1.9,-0.0,244.0
2025-05-27 13:15:15.660,1.7,7.8,0.0,0.3,00:00:00,0.0,1.9,-0.0,244.0
2025-05-27 13:15:16.657,1.7,7.8,0.0,0.3,00:00:00,0.0,1.9,-0.0,244.0
2025-05-27 13:15:17.657,1.7,7.8,0.0,0.3,00:00:00,0.0,1.9,-0.0,244.0
2025-05-27 13:15:18.657,1.7,7.8,0.0,0.3,00:00:00,0.0,1.9,-0.0,244.0
2025-05-27 13:15:19.657,1.7,7.8,0.0,0.3,00:00:00,0.0,1.9,-0.0,244.0
2025-05-27 13:15:20.659,1.7,7.8,0.0,0.3,00:00:00,0.0,1.9,-0.0,244.0
2025-05-27 13:15:21.660,1.7,7.8,0.0,0.3,00:00:00,0.0,1.9,-0.0,244.0
2025-05-27 13:15:22.658,1.7,7.8,0.0,0.3,00:00:00,0.0,1.9,-0.0,244.0
2025-05-27 13:15:23.660,1.7,7.8,0.0,0.3,00:00:00,0.0,1.9,-0.0,244.0
2025-05-27 13:15:24.657,1.7,7.8,0.0,0.3,00:00:00,0.0,1.9,-0.0,244.0
2025-05-27 13:15:25.659,1.7,7.8,0.0,0.3,00:00:00,0.0,1.9,-0.0,244.0
2025-05-27 13:15:26.659,1.7,7.8,0.0,0.3,00:00:00,0.0,1.9,-0.0,244.0
2025-05-27 13:15:27.659,1.7,7.8,0.0,0.3,00:00:00,0.0,1.9,-0.0,244.0
2025-05-27 13:15:28.656,1.7,7.8,0.0,0.3,00:00:00,0.0,1.9,-0.0,244.0
2025-05-27 13:15:29.659,1.7,7.8,0.0,0.3,00:00:00,0.0,1.9,-0.0,244.0
2025-05-27 13:15:30.657,1.7,7.8,0.0,0.3,00:00:00,0.0,1.9,-0.0,244.0
2025-05-27 13:15:31.659,1.7,7.8,0.0,0.3,00:00:00,0.0,1.9,-0.0,244.0
2025-05-27 13:15:32.660,1.7,7.8,0.0,0.3,00:00:00,0.0,1.9,-0.0,244.0
2025-05-27 13:15:33.657,1.7,7.8,0.0,0.3,00:00:00,0.0,1.9,-0.0,244.0
2025-05-27 13:15:34.657,1.7,7.8,0.0,0.3,00:00:00,0.0,1.9,-0.0,244.0
2025-05-27 13:15:35.657,1.7,7.8,0.0,0.3,00:00:00,0.0,1.9,-0.0,244.0
2025-05-27 13:15:36.657,1.7,7.8,0.0,0.3,00:00:00,0.0,1.9,-0.0,244.0
2025-05-27 13:15:37.656,1.7,7.8,0.0,0.3,00:00:00,0.0,1.9,-0.0,244.0
2025-05-27 13:15:38.657,1.7,7.8,0.0,0.3,00:00:00,0.0,1.9,-0.0,244.0
2025-05-27 13:15:39.657,1.7,7.8,0.0,0.3,00:00:00,0.0,1.9,-0.0,244.0
2025-05-27 13:15:40.657,1.7,7.8,0.0,0.3,00:00:00,0.0,1.9,-0.0,244.0
2025-05-27 13:15:41.659,1.7,7.8,0.0,0.3,00:00:00,0.0,1.9,-0.0,244.0
2025-05-27 13:15:42.657,1.7,7.8,0.0,0.3,00:00:00,0.0,1.9,-0.0,244.0
2025-05-27 13:15:43.657,1.7,7.8,0.0,0.3,00:00:00,0.0,1.9,-0.0,244.0
2025-05-27 13:15:44.658,1.7,7.8,0.0,0.3,00:00:00,0.0,1.9,-0.0,244.0
2025-05-27 13:15:45.660,1.7,7.8,0.0,0.3,00:00:00,0.0,1.9,-0.0,244.0
2025-05-27 13:15:46.657,1.7,7.8,0.0,0.3,00:00:00,0.0,1.9,-0.0,244.0
2025-05-27 13:15:47.657,1.7,7.8,0.0,0.3,00:00:00,0.0,1.9,-0.0,244.0
2025-05-27 13:15:48.657,1.7,7.8,0.0,0.3,00:00:00,0.0,1.9,-0.0,244.0
2025-05-27 13:15:49.657,1.7,7.8,0.0,0.3,00:00:00,0.0,1.9,-0.0,244.0
2025-05-27 13:15:50.659,1.7,7.8,0.0,0.3,00:00:00,0.0,1.9,-0.0,244.0
2025-05-27 13:15:51.659,1.7,7.8,0.0,0.3,00:00:00,0.0,1.9,-0.0,244.0
2025-05-27 13:15:52.659,1.7,7.8,0.0,0.3,00:00:00,0.0,1.9,-0.0,244.0
2025-05-27 13:15:53.656,1.7,7.8,0.0,0.3,00:00:00,0.0,1.9,-0.0,244.0
2025-05-27 13:15:54.657,1.7,7.8,0.0,0.3,00:00:00,0.0,1.9,-0.0,244.0
2025-05-27 13:15:55.657,1.7,7.8,0.0,0.3,00:00:00,0.0,1.9,-0.0,244.0
2025-05-27 13:15:56.658,1.7,7.8,0.0,0.3,00:00:00,0.0,1.9,-0.0,244.0
2025-05-27 13:15:57.657,1.7,7.8,0.0,0.3,00:00:00,0.0,1.9,-0.0,244.0
2025-05-27 13:15:58.659,1.7,7.8,0.0,0.3,00:00:00,0.0,1.9,-0.0,244.0
2025-05-27 13:15:59.660,1.7,7.8,0.0,0.3,00:00:00,0.0,1.9,-0.0,244.0
2025-05-27 13:16:00.657,1.7,7.8,0.0,0.3,00:00:00,0.0,1.9,-0.0,244.0
2025-05-27 13:16:01.659,1.7,7.8,0.0,0.3,00:00:00,0.0,1.9,-0.0,244.0
2025-05-27 13:16:02.657,1.7,7.8,0.0,0.3,00:00:00,0.0,1.9,-0.0,244.0
2025-05-27 13:16:03.656,1.7,7.8,0.0,0.3,00:00:00,0.0,1.9,-0.0,244.0
2025-05-27 13:16:04.659,1.7,7.8,0.0,0.3,00:00:00,0.0,1.9,-0.0,244.0
2025-05-27 13:16:05.658,1.7,7.8,0.0,0.3,00:00:00,0.0,1.9,-0.0,244.0
2025-05-27 13:16:06.660,1.7,7.8,0.0,0.3,00:00:00,0.0,1.9,-0.0,244.0
2025-05-27 13:16:07.657,1.7,7.8,0.0,0.3,00:00:00,0.0,1.9,-0.0,244.0
2025-05-27 13:16:08.659,1.7,7.8,0.0,0.3,00:00:00,0.0,1.9,-0.0,244.0
2025-05-27 13:16:09.659,1.7,7.8,0.0,0.3,00:00:00,0.0,1.9,-0.0,244.0
2025-05-27 13:16:10.657,1.7,7.8,0.0,0.3,00:00:00,0.0,1.9,-0.0,244.0
2025-05-27 13:16:11.659,1.7,7.8,0.0,0.3,00:00:00,0.0,1.9,-0.0,244.0
2025-05-27 13:16:12.659,1.7,7.8,0.0,0.3,00:00:00,0.0,1.9,-0.0,244.0
2025-05-27 13:16:13.659,1.7,7.8,0.0,0.3,00:00:00,0.0,1.9,-0.0,244.0
2025-05-27 13:16:14.659,1.7,7.8,0.0,0.3,00:00:00,0.0,1.9,-0.0,244.0
2025-05-27 13:16:15.657,1.7,7.8,0.0,0.3,00:00:00,0.0,1.9,-0.0,244.0
2025-05-27 13:16:16.657,1.7,7.8,0.0,0.3,00:00:00,0.0,1.9,-0.0,244.0
2025-05-27 13:16:17.659,1.7,7.8,0.0,0.3,00:00:00,0.0,1.9,-0.0,244.0
2025-05-27 13:16:18.660,1.7,7.8,0.0,0.3,00:00:00,0.0,1.9,-0.0,244.0
2025-05-27 13:16:19.659,1.7,7.8,0.0,0.3,00:00:00,0.0,1.9,-0.0,244.0
2025-05-27 13:16:20.657,1.7,7.8,0.0,0.3,00:00:00,0.0,1.9,-0.0,244.0
2025-05-27 13:16:21.657,1.7,7.8,0.0,0.3,00:00:00,0.0,1.9,-0.0,244.0
2025-05-27 13:16:22.657,1.7,7.8,0.0,0.3,00:00:00,0.0,1.9,-0.0,244.0
2025-05-27 13:16:23.659,1.7,7.8,0.0,0.3,00:00:00,0.0,1.9,-0.0,244.0
2025-05-27 13:16:24.657,1.7,7.8,0.0,0.3,00:00:00,0.0,1.9,-0.0,244.0
2025-05-27 13:16:25.656,1.7,7.8,0.0,0.3,00:00:00,0.0,1.9,-0.0,244.0
2025-05-27 13:16:26.659,1.7,7.8,0.0,0.3,00:00:00,0.0,1.9,-0.0,244.0
2025-05-27 13:16:27.657,1.7,7.8,0.0,0.3,00:00:00,0.0,1.9,-0.0,244.0
2025-05-27 13:16:28.658,1.7,7.8,0.0,0.3,00:00:00,0.0,1.9,-0.0,244.0
2025-05-27 13:16:29.659,1.7,7.8,0.0,0.3,00:00:00,0.0,1.9,-0.0,244.0
2025-05-27 13:16:30.657,1.7,7.8,0.0,0.3,00:00:00,0.0,1.9,-0.0,244.0
2025-05-27 13:16:31.658,1.7,7.8,0.0,0.3,00:00:00,0.0,1.9,-0.0,244.0
2025-05-27 13:16:32.656,1.7,7.8,0.0,0.3,00:00:00,0.0,1.9,-0.0,244.0
2025-05-27 13:16:33.658,1.7,7.8,0.0,0.3,00:00:00,0.0,1.9,-0.0,244.0
2025-05-27 13:16:34.660,1.7,7.8,0.0,0.3,00:00:00,0.0,1.9,-0.0,244.0
2025-05-27 13:16:35.657,1.7,7.8,0.0,0.3,00:00:00,0.0,1.9,-0.0,244.0
2025-05-27 13:16:36.660,1.7,7.8,0.0,0.3,00:00:00,0.0,1.9,-0.0,244.0
2025-05-27 13:16:37.656,1.7,7.8,0.0,0.3,00:00:00,0.0,1.9,-0.0,244.0
2025-05-27 13:16:38.661,1.7,7.8,0.0,0.3,00:00:00,0.0,1.9,-0.0,244.0
2025-05-27 13:16:39.658,1.7,7.8,0.0,0.3,00:00:00,0.0,1.9,-0.0,244.0
2025-05-27 13:16:40.658,1.7,7.8,0.0,0.3,00:00:00,0.0,1.9,-0.0,244.0
2025-05-27 13:16:41.658,1.7,7.8,0.0,0.3,00:00:00,0.0,1.9,-0.0,244.0
2025-05-27 13:16:42.660,1.7,7.8,0.0,0.3,00:00:00,0.0,1.9,-0.0,244.0
2025-05-27 13:16:43.659,1.7,7.8,0.0,0.3,00:00:00,0.0,1.9,-0.0,244.0
2025-05-27 13:16:44.657,1.7,7.8,0.0,0.3,00:00:00,0.0,1.9,-0.0,244.0
2025-05-27 13:16:45.659,1.7,7.8,0.0,0.3,00:00:00,0.0,1.9,-0.0,244.0
2025-05-27 13:16:46.657,1.7,7.8,0.0,0.3,00:00:00,0.0,1.9,-0.0,244.0
2025-05-27 13:16:47.657,1.7,7.8,0.0,0.3,00:00:00,0.0,1.9,-0.0,244.0
2025-05-27 13:16:48.659,1.7,7.8,0.0,0.3,00:00:00,0.0,1.9,-0.0,244.0
2025-05-27 13:16:49.657,1.7,7.8,0.0,0.3,00:00:00,0.0,1.9,-0.0,244.0
2025-05-27 13:16:50.660,1.7,7.8,0.0,0.3,00:00:00,0.0,1.9,-0.0,244.0
2025-05-27 13:16:51.659,1.7,7.8,0.0,0.3,00:00:00,0.0,1.9,-0.0,244.0
2025-05-27 13:16:52.657,1.7,7.8,0.0,0.3,00:00:00,0.0,1.9,-0.0,244.0
2025-05-27 13:16:53.657,1.7,7.8,0.0,0.3,00:00:00,0.0,1.9,-0.0,244.0
2025-05-27 13:16:54.657,1.7,7.8,0.0,0.3,00:00:00,0.0,1.9,-0.0,244.0
2025-05-27 13:16:55.659,1.7,7.8,0.0,0.3,00:00:00,0.0,1.9,-0.0,244.0
2025-05-27 13:16:56.659,1.7,7.8,0.0,0.3,00:00:00,0.0,1.9,-0.0,244.0
2025-05-27 13:16:57.659,1.7,7.8,0.0,0.3,00:00:00,0.0,1.9,-0.0,244.0
2025-05-27 13:16:58.659,1.7,7.8,0.0,0.3,00:00:00,0.0,1.9,-0.0,244.0
2025-05-27 13:16:59.656,1.7,7.8,0.0,0.3,00:00:00,0.0,1.9,-0.0,244.0
2025-05-27 13:17:00.659,1.7,7.8,0.0,0.3,00:00:00,0.0,1.9,-0.0,244.0
2025-05-27 13:17:01.657,1.7,7.8,0.0,0.3,00:00:00,0.0,1.9,-0.0,244.0
2025-05-27 13:17:02.657,1.7,7.8,0.0,0.3,00:00:00,0.0,1.9,-0.0,244.0
2025-05-27 13:17:03.659,1.7,7.8,0.0,0.3,00:00:00,0.0,1.9,-0.0,244.0
2025-05-27 13:17:04.659,1.7,7.8,0.0,0.3,00:00:00,0.0,1.9,-0.0,244.0
2025-05-27 13:17:05.660,1.7,7.8,0.0,0.3,00:00:00,0.0,1.9,-0.0,244.0
2025-05-27 13:17:06.658,1.7,7.8,0.0,0.3,00:00:00,0.0,1.9,-0.0,244.0
2025-05-27 13:17:07.658,1.7,7.8,0.0,0.3,00:00:00,0.0,1.9,-0.0,244.0
2025-05-27 13:17:08.659,1.7,7.8,0.0,0.3,00:00:00,0.0,1.9,-0.0,244.0
2025-05-27 13:17:09.658,1.7,7.8,0.0,0.3,00:00:00,0.0,1.9,-0.0,244.0
2025-05-27 13:17:10.656,1.7,7.8,0.0,0.3,00:00:00,0.0,1.9,-0.0,244.0
2025-05-27 13:17:11.657,1.7,7.8,0.0,0.3,00:00:00,0.0,1.9,-0.0,244.0
2025-05-27 13:17:12.657,1.7,7.8,0.0,0.3,00:00:00,0.0,1.9,-0.0,244.0
2025-05-27 13:17:13.659,1.7,7.8,0.0,0.3,00:00:00,0.0,1.9,-0.0,244.0
2025-05-27 13:17:14.659,1.7,7.8,0.0,0.3,00:00:00,0.0,1.9,-0.0,244.0
2025-05-27 13:17:15.659,1.7,7.8,0.0,0.3,00:00:00,0.0,1.9,-0.0,244.0
2025-05-27 13:17:16.657,1.7,7.8,0.0,0.3,00:00:00,0.0,1.9,-0.0,244.0
2025-05-27 13:17:17.660,1.7,7.8,0.0,0.3,00:00:00,0.0,1.9,-0.0,244.0
2025-05-27 13:17:18.656,1.7,7.8,0.0,0.3,00:00:00,0.0,1.9,-0.0,244.0
2025-05-27 13:17:19.657,1.7,7.8,0.0,0.3,00:00:00,0.0,1.9,-0.0,244.0
2025-05-27 13:17:20.661,1.7,7.8,0.0,0.3,00:00:00,0.0,1.9,-0.0,244.0
2025-05-27 13:17:21.660,1.7,7.8,0.0,0.3,00:00:00,0.0,1.9,-0.0,244.0
2025-05-27 13:17:22.657,1.7,7.8,0.0,0.3,00:00:00,0.0,1.9,-0.0,244.0
2025-05-27 13:17:23.657,1.7,7.8,0.0,0.3,00:00:00,0.0,1.9,-0.0,244.0
2025-05-27 13:17:24.659,1.7,7.8,0.0,0.3,00:00:00,0.0,1.9,-0.0,244.0
2025-05-27 13:17:25.656,1.7,7.8,0.0,0.3,00:00:00,0.0,1.9,-0.0,244.0
2025-05-27 13:17:26.657,1.7,7.8,0.0,0.3,00:00:00,0.0,1.9,-0.0,244.0
2025-05-27 13:17:27.658,1.7,7.8,0.0,0.3,00:00:00,0.0,1.9,-0.0,244.0
2025-05-27 13:17:28.658,1.7,7.8,0.0,0.3,00:00:00,0.0,1.9,-0.0,244.0
2025-05-27 13:17:29.659,1.7,7.8,0.0,0.3,00:00:00,0.0,1.9,-0.0,244.0
2025-05-27 13:17:30.658,1.7,7.8,0.0,0.3,00:00:00,0.0,1.9,-0.0,244.0
2025-05-27 13:17:31.660,1.7,7.8,0.0,0.3,00:00:00,0.0,1.9,-0.0,244.0
2025-05-27 13:17:32.656,1.7,7.8,0.0,0.3,00:00:00,0.0,1.9,-0.0,244.0
2025-05-27 13:17:33.657,1.7,7.8,0.0,0.3,00:00:00,0.0,1.9,-0.0,244.0
2025-05-27 13:17:34.658,1.7,7.8,0.0,0.3,00:00:00,0.0,1.9,-0.0,244.0
2025-05-27 13:17:35.657,1.7,7.8,0.0,0.3,00:00:00,0.0,1.9,-0.0,244.0
2025-05-27 13:17:36.657,1.7,7.8,0.0,0.3,00:00:00,0.0,1.9,-0.0,244.0
2025-05-27 13:17:37.657,1.7,7.8,0.0,0.3,00:00:00,0.0,1.9,-0.0,244.0
2025-05-27 13:17:38.657,1.7,7.8,0.0,0.3,00:00:00,0.0,1.9,-0.0,244.0
2025-05-27 13:17:39.657,1.7,7.8,0.0,0.3,00:00:00,0.0,1.9,-0.0,244.0
2025-05-27 13:17:40.659,1.7,7.8,0.0,0.3,00:00:00,0.0,1.9,-0.0,244.0
2025-05-27 13:17:41.658,1.7,7.8,0.0,0.3,00:00:00,0.0,1.9,-0.0,244.0
2025-05-27 13:17:42.657,1.7,7.8,0.0,0.3,00:00:00,0.0,1.9,-0.0,244.0
2025-05-27 13:17:43.658,1.7,7.8,0.0,0.3,00:00:00,0.0,1.9,-0.0,244.0
2025-05-27 13:17:44.657,1.7,7.8,0.0,0.3,00:00:00,0.0,1.9,-0.0,244.0
2025-05-27 13:17:45.657,1.7,7.8,0.0,0.3,00:00:00,0.0,1.9,-0.0,244.0
2025-05-27 13:17:46.657,1.7,7.8,0.0,0.3,00:00:00,0.0,1.9,-0.0,244.0
2025-05-27 13:17:47.657,1.7,7.8,0.0,0.3,00:00:00,0.0,1.9,-0.0,244.0
2025-05-27 13:17:48.659,1.7,7.8,0.0,0.3,00:00:00,0.0,1.9,-0.0,244.0
2025-05-27 13:17:49.658,1.7,7.8,0.0,0.3,00:00:00,0.0,1.9,-0.0,244.0
2025-05-27 13:17:50.659,1.7,7.8,0.0,0.3,00:00:00,0.0,1.9,-0.0,244.0
2025-05-27 13:17:51.659,1.7,7.8,0.0,0.3,00:00:00,0.0,1.9,-0.0,244.0
2025-05-27 13:17:52.659,1.7,7.8,0.0,0.3,00:00:00,0.0,1.9,-0.0,244.0
2025-05-27 13:17:53.660,1.7,7.8,0.0,0.3,00:00:00,0.0,1.9,-0.0,244.0
2025-05-27 13:17:54.657,1.7,7.8,0.0,0.3,00:00:00,0.0,1.9,-0.0,244.0
2025-05-27 13:17:55.657,1.7,7.8,0.0,0.3,00:00:00,0.0,1.9,-0.0,244.0
2025-05-27 13:17:56.658,1.7,7.8,0.0,0.3,00:00:00,0.0,1.9,-0.0,244.0
2025-05-27 13:17:57.659,1.7,7.8,0.0,0.3,00:00:00,0.0,1.9,-0.0,244.0
2025-05-27 13:17:58.659,1.7,7.8,0.0,0.3,00:00:00,0.0,1.9,-0.0,244.0
2025-05-27 13:17:59.659,1.7,7.8,0.0,0.3,00:00:00,0.0,1.9,-0.0,244.0
2025-05-27 13:18:00.657,1.7,7.8,0.0,0.3,00:00:00,0.0,1.9,-0.0,244.0
2025-05-27 13:18:01.660,1.7,7.8,0.0,0.3,00:00:00,0.0,1.9,-0.0,244.0
2025-05-27 13:18:02.656,1.7,7.8,0.0,0.3,00:00:00,0.0,1.9,-0.0,244.0
2025-05-27 13:18:03.658,1.7,7.8,0.0,0.3,00:00:00,0.0,1.9,-0.0,244.0
2025-05-27 13:18:04.657,1.7,7.8,0.0,0.3,00:00:00,0.0,1.9,-0.0,244.0
2025-05-27 13:18:05.657,1.7,7.8,0.0,0.3,00:00:00,0.0,1.9,-0.0,244.0
2025-05-27 13:18:06.659,1.7,7.8,0.0,0.3,00:00:00,0.0,1.9,-0.0,244.0
2025-05-27 13:18:07.657,1.7,7.8,0.0,0.3,00:00:00,0.0,1.9,-0.0,244.0
2025-05-27 13:18:08.657,1.7,7.8,0.0,0.3,00:00:00,0.0,1.9,-0.0,244.0
2025-05-27 13:18:09.660,1.7,7.8,0.0,0.3,00:00:00,0.0,1.9,-0.0,244.0
2025-05-27 13:18:10.659,1.7,7.8,0.0,0.3,00:00:00,0.0,1.9,-0.0,244.0
2025-05-27 13:18:11.657,1.7,7.8,0.0,0.3,00:00:00,0.0,1.9,-0.0,244.0
2025-05-27 13:18:12.659,1.7,7.8,0.0,0.3,00:00:00,0.0,1.9,-0.0,244.0
2025-05-27 13:18:13.658,1.7,7.8,0.0,0.3,00:00:00,0.0,1.9,-0.0,244.0
2025-05-27 13:18:14.657,1.7,7.8,0.0,0.3,00:00:00,0.0,1.9,-0.0,244.0
2025-05-27 13:18:15.661,1.7,7.8,0.0,0.3,00:00:00,0.0,1.9,-0.0,244.0
2025-05-27 13:18:16.659,1.7,7.8,0.0,0.3,00:00:00,0.0,1.9,-0.0,244.0
2025-05-27 13:18:17.657,1.7,7.8,0.0,0.3,00:00:00,0.0,1.9,-0.0,244.0
2025-05-27 13:18:18.658,1.7,7.8,0.0,0.3,00:00:00,0.0,1.9,-0.0,244.0
2025-05-27 13:18:19.658,1.7,7.8,0.0,0.3,00:00:00,0.0,1.9,-0.0,244.0
2025-05-27 13:18:20.657,1.7,7.8,0.0,0.3,00:00:00,0.0,1.9,-0.0,244.0
2025-05-27 13:18:21.658,1.7,7.8,0.0,0.3,00:00:00,0.0,1.9,-0.0,244.0
2025-05-27 13:18:22.663,1.7,7.8,0.0,0.3,00:00:00,0.0,1.9,-0.0,244.0
2025-05-27 13:18:23.659,1.7,7.8,0.0,0.3,00:00:00,0.0,1.9,-0.0,244.0
2025-05-27 13:18:24.660,1.7,7.8,0.0,0.3,00:00:00,0.0,1.9,-0.0,244.0
2025-05-27 13:18:25.658,1.7,7.8,0.0,0.3,00:00:00,0.0,1.9,-0.0,244.0
2025-05-27 13:18:26.658,1.7,7.8,0.0,0.3,00:00:00,0.0,1.9,-0.0,244.0
2025-05-27 13:18:27.662,1.7,7.8,0.0,0.3,00:00:00,0.0,1.9,-0.0,244.0
2025-05-27 13:18:28.659,1.7,7.8,0.0,0.3,00:00:00,0.0,1.9,-0.0,244.0
2025-05-27 13:18:29.659,1.7,7.8,0.0,0.3,00:00:00,0.0,1.9,-0.0,244.0
2025-05-27 13:18:30.657,1.7,7.8,0.0,0.3,00:00:00,0.0,1.9,-0.0,244.0
2025-05-27 13:18:31.660,1.7,7.8,0.0,0.3,00:00:00,0.0,1.9,-0.0,244.0
2025-05-27 13:18:32.659,1.7,7.8,0.0,0.3,00:00:00,0.0,1.9,-0.0,244.0
2025-05-27 13:18:33.657,1.7,7.8,0.0,0.3,00:00:00,0.0,1.9,-0.0,244.0
2025-05-27 13:18:34.657,1.7,7.8,0.0,0.3,00:00:00,0.0,1.9,-0.0,244.0
2025-05-27 13:18:35.658,1.7,7.8,0.0,0.3,00:00:00,0.0,1.9,-0.0,244.0
2025-05-27 13:18:36.659,1.7,7.8,0.0,0.3,00:00:00,0.0,1.9,-0.0,244.0
2025-05-27 13:18:37.658,1.7,7.8,0.0,0.3,00:00:00,0.0,1.9,-0.0,244.0
2025-05-27 13:18:38.657,1.7,7.8,0.0,0.3,00:00:00,0.0,1.9,-0.0,244.0
2025-05-27 13:18:39.659,1.7,7.8,0.0,0.3,00:00:00,0.0,1.9,-0.0,244.0
2025-05-27 13:18:40.657,1.7,7.8,0.0,0.3,00:00:00,0.0,1.9,-0.0,244.0
2025-05-27 13:18:41.657,1.7,7.8,0.0,0.3,00:00:00,0.0,1.9,-0.0,244.0
2025-05-27 13:18:42.657,1.7,7.8,0.0,0.3,00:00:00,0.0,1.9,-0.0,244.0
2025-05-27 13:18:43.657,1.7,7.8,0.0,0.3,00:00:00,0.0,1.9,-0.0,244.0
2025-05-27 13:18:44.657,1.7,7.8,0.0,0.3,00:00:00,0.0,1.9,-0.0,244.0
2025-05-27 13:18:45.656,1.7,7.8,0.0,0.3,00:00:00,0.0,1.9,-0.0,244.0
2025-05-27 13:18:46.659,1.7,7.8,0.0,0.3,00:00:00,0.0,1.9,-0.0,244.0
2025-05-27 13:18:47.657,1.7,7.8,0.0,0.3,00:00:00,0.0,1.9,-0.0,244.0
2025-05-27 13:18:48.658,1.7,7.8,0.0,0.3,00:00:00,0.0,1.9,-0.0,244.0
2025-05-27 13:18:49.659,1.7,7.8,0.0,0.3,00:00:00,0.0,1.9,-0.0,244.0
2025-05-27 13:18:50.658,1.7,7.8,0.0,0.3,00:00:00,0.0,1.9,-0.0,244.0
2025-05-27 13:18:51.658,1.7,7.8,0.0,0.3,00:00:00,0.0,1.9,-0.0,244.0
2025-05-27 13:18:52.660,1.7,7.8,0.0,0.3,00:00:00,0.0,1.9,-0.0,244.0
2025-05-27 13:18:53.659,1.7,7.8,0.0,0.3,00:00:00,0.0,1.9,-0.0,244.0
2025-05-27 13:18:54.656,1.7,7.8,0.0,0.3,00:00:00,0.0,1.9,-0.0,244.0
2025-05-27 13:18:55.660,1.7,7.8,0.0,0.3,00:00:00,0.0,1.9,-0.0,244.0
2025-05-27 13:18:56.657,1.7,7.8,0.0,0.3,00:00:00,0.0,1.9,-0.0,244.0
2025-05-27 13:18:57.657,1.7,7.8,0.0,0.3,00:00:00,0.0,1.9,-0.0,244.0
2025-05-27 13:18:58.660,1.7,7.8,0.0,0.3,00:00:00,0.0,1.9,-0.0,244.0
2025-05-27 13:18:59.657,1.7,7.8,0.0,0.3,00:00:00,0.0,1.9,-0.0,244.0
2025-05-27 13:19:00.657,1.7,7.8,0.0,0.3,00:00:00,0.0,1.9,-0.0,244.0
2025-05-27 13:19:01.657,1.7,7.8,0.0,0.3,00:00:00,0.0,1.9,-0.0,244.0
2025-05-27 13:19:02.659,1.7,7.8,0.0,0.3,00:00:00,0.0,1.9,-0.0,244.0
2025-05-27 13:19:03.659,1.7,7.8,0.0,0.3,00:00:00,0.0,1.9,-0.0,244.0
2025-05-27 13:19:04.660,1.7,7.8,0.0,0.3,00:00:00,0.0,1.9,-0.0,244.0
2025-05-27 13:19:05.659,1.7,7.8,0.0,0.3,00:00:00,0.0,1.9,-0.0,244.0
2025-05-27 13:19:06.656,1.7,7.8,0.0,0.3,00:00:00,0.0,1.9,-0.0,244.0
2025-05-27 13:19:07.660,1.7,7.8,0.0,0.3,00:00:00,0.0,1.9,-0.0,244.0
2025-05-27 13:19:08.658,1.7,7.8,0.0,0.3,00:00:00,0.0,1.9,-0.0,244.0
2025-05-27 13:19:09.656,1.7,7.8,0.0,0.3,00:00:00,0.0,1.9,-0.0,244.0
2025-05-27 13:19:10.659,1.7,7.8,0.0,0.3,00:00:00,0.0,1.9,-0.0,244.0
2025-05-27 13:19:11.657,1.7,7.8,0.0,0.3,00:00:00,0.0,1.9,-0.0,244.0
2025-05-27 13:19:12.656,1.7,7.8,0.0,0.3,00:00:00,0.0,1.9,-0.0,244.0
2025-05-27 13:19:13.657,1.7,7.8,0.0,0.3,00:00:00,0.0,1.9,-0.0,244.0
2025-05-27 13:19:14.660,1.7,7.8,0.0,0.3,00:00:00,0.0,1.9,-0.0,244.0
2025-05-27 13:19:15.660,1.7,7.8,0.0,0.3,00:00:00,0.0,1.9,-0.0,244.0
2025-05-27 13:19:16.659,1.7,7.8,0.0,0.3,00:00:00,0.0,1.9,-0.0,244.0
2025-05-27 13:19:17.657,1.7,7.8,0.0,0.3,00:00:00,0.0,1.9,-0.0,244.0
2025-05-27 13:19:18.658,1.7,7.8,0.0,0.3,00:00:00,0.0,1.9,-0.0,244.0
2025-05-27 13:19:19.656,1.7,7.8,0.0,0.3,00:00:00,0.0,1.9,-0.0,244.0
2025-05-27 13:19:20.657,1.7,7.8,0.0,0.3,00:00:00,0.0,1.9,-0.0,244.0
2025-05-27 13:19:21.657,1.7,7.8,0.0,0.3,00:00:00,0.0,1.9,-0.0,244.0
2025-05-27 13:19:22.657,1.7,7.8,0.0,0.3,00:00:00,0.0,1.9,-0.0,244.0
2025-05-27 13:19:23.660,1.7,7.8,0.0,0.3,00:00:00,0.0,1.9,-0.0,244.0
2025-05-27 13:19:24.657,1.7,7.8,0.0,0.3,00:00:00,0.0,1.9,-0.0,244.0
2025-05-27 13:19:25.658,1.7,7.8,0.0,0.3,00:00:00,0.0,1.9,-0.0,244.0
2025-05-27 13:19:26.660,1.7,7.8,0.0,0.3,00:00:00,0.0,1.9,-0.0,244.0
2025-05-27 13:19:27.657,1.7,7.8,0.0,0.3,00:00:00,0.0,1.9,-0.0,244.0
2025-05-27 13:19:28.657,1.7,7.8,0.0,0.3,00:00:00,0.0,1.9,-0.0,244.0
2025-05-27 13:19:29.659,1.7,7.8,0.0,0.3,00:00:00,0.0,1.9,-0.0,244.0
2025-05-27 13:19:30.659,1.7,7.8,0.0,0.3,00:00:00,0.0,1.9,-0.0,244.0
2025-05-27 13:19:31.659,1.7,7.8,0.0,0.3,00:00:00,0.0,1.9,-0.0,244.0
2025-05-27 13:19:32.659,1.7,7.8,0.0,0.3,00:00:00,0.0,1.9,-0.0,244.0
2025-05-27 13:19:33.660,1.7,7.8,0.0,0.3,00:00:00,0.0,1.9,-0.0,244.0
2025-05-27 13:19:34.657,1.7,7.8,0.0,0.3,00:00:00,0.0,1.9,-0.0,244.0
2025-05-27 13:19:35.659,1.7,7.8,0.0,0.3,00:00:00,0.0,1.9,-0.0,244.0
2025-05-27 13:19:36.656,1.7,7.8,0.0,0.3,00:00:00,0.0,1.9,-0.0,244.0
2025-05-27 13:19:37.657,1.7,7.8,0.0,0.3,00:00:00,0.0,1.9,-0.0,244.0
2025-05-27 13:19:38.657,1.7,7.8,0.0,0.3,00:00:00,0.0,1.9,-0.0,244.0
2025-05-27 13:19:39.658,1.7,7.8,0.0,0.3,00:00:00,0.0,1.9,-0.0,244.0
2025-05-27 13:19:40.658,1.7,7.8,0.0,0.3,00:00:00,0.0,1.9,-0.0,244.0
2025-05-27 13:19:41.657,1.7,7.8,0.0,0.3,00:00:00,0.0,1.9,-0.0,244.0
2025-05-27 13:19:42.659,1.7,7.8,0.0,0.3,00:00:00,0.0,1.9,-0.0,244.0
2025-05-27 13:19:43.657,1.7,7.8,0.0,0.3,00:00:00,0.0,1.9,-0.0,244.0
2025-05-27 13:19:44.658,1.7,7.8,0.0,0.3,00:00:00,0.0,1.9,-0.0,244.0
2025-05-27 13:19:45.661,1.7,7.8,0.0,0.3,00:00:00,0.0,1.9,-0.0,244.0
2025-05-27 13:19:46.658,1.7,7.8,0.0,0.3,00:00:00,0.0,1.9,-0.0,244.0
2025-05-27 13:19:47.657,1.7,7.8,0.0,0.3,00:00:00,0.0,1.9,-0.0,244.0
2025-05-27 13:19:48.657,1.7,7.8,0.0,0.3,00:00:00,0.0,1.9,-0.0,244.0
2025-05-27 13:19:49.660,1.7,7.8,0.0,0.3,00:00:00,0.0,1.9,-0.0,244.0
2025-05-27 13:19:50.657,1.7,7.8,0.0,0.3,00:00:00,0.0,1.9,-0.0,244.0
2025-05-27 13:19:51.656,1.7,7.8,0.0,0.3,00:00:00,0.0,1.9,-0.0,244.0
2025-05-27 13:19:52.657,1.7,7.8,0.0,0.3,00:00:00,0.0,1.9,-0.0,244.0
2025-05-27 13:19:53.657,1.7,7.8,0.0,0.3,00:00:00,0.0,1.9,-0.0,244.0
2025-05-27 13:19:54.658,1.7,7.8,0.0,0.3,00:00:00,0.0,1.9,-0.0,244.0
2025-05-27 13:19:55.657,1.7,7.8,0.0,0.3,00:00:00,0.0,1.9,-0.0,244.0
2025-05-27 13:19:56.656,1.7,7.8,0.0,0.3,00:00:00,0.0,1.9,-0.0,244.0
2025-05-27 13:19:57.658,1.7,7.8,0.0,0.3,00:00:00,0.0,1.9,-0.0,244.0
2025-05-27 13:19:58.657,1.7,7.8,0.0,0.3,00:00:00,0.0,1.9,-0.0,244.0
2025-05-27 13:19:59.659,1.7,7.8,0.0,0.3,00:00:00,0.0,1.9,-0.0,244.0
2025-05-27 13:20:00.657,1.7,7.8,0.0,0.3,00:00:00,0.0,1.9,-0.0,244.0
2025-05-27 13:20:01.660,1.7,7.8,0.0,0.3,00:00:00,0.0,1.9,-0.0,244.0
2025-05-27 13:20:02.658,1.7,7.8,0.0,0.3,00:00:00,0.0,1.9,-0.0,244.0
2025-05-27 13:20:03.656,1.7,7.8,0.0,0.3,00:00:00,0.0,1.9,-0.0,244.0
2025-05-27 13:20:04.660,1.7,7.8,0.0,0.3,00:00:00,0.0,1.9,-0.0,244.0
2025-05-27 13:20:05.660,1.7,7.8,0.0,0.3,00:00:00,0.0,1.9,-0.0,244.0
2025-05-27 13:20:06.658,1.7,7.8,0.0,0.3,00:00:00,0.0,1.9,-0.0,244.0
2025-05-27 13:20:07.658,1.7,7.8,0.0,0.3,00:00:00,0.0,1.9,-0.0,244.0
2025-05-27 13:20:08.657,1.7,7.8,0.0,0.3,00:00:00,0.0,1.9,-0.0,244.0
2025-05-27 13:20:09.661,1.7,7.8,0.0,0.3,00:00:00,0.0,1.9,-0.0,244.0
2025-05-27 13:20:10.659,1.7,7.8,0.0,0.3,00:00:00,0.0,1.9,-0.0,244.0
2025-05-27 13:20:11.659,1.7,7.8,0.0,0.3,00:00:00,0.0,1.9,-0.0,244.0
2025-05-27 13:20:12.658,1.7,7.8,0.0,0.3,00:00:00,0.0,1.9,-0.0,244.0
2025-05-27 13:20:13.658,1.7,7.8,0.0,0.3,00:00:00,0.0,1.9,-0.0,244.0
2025-05-27 13:20:14.657,1.7,7.8,0.0,0.3,00:00:00,0.0,1.9,-0.0,244.0
2025-05-27 13:20:15.657,1.7,7.8,0.0,0.3,00:00:00,0.0,1.9,-0.0,244.0
2025-05-27 13:20:16.659,1.7,7.8,0.0,0.3,00:00:00,0.0,1.9,-0.0,244.0
2025-05-27 13:20:17.660,1.7,7.8,0.0,0.3,00:00:00,0.0,1.9,-0.0,244.0
2025-05-27 13:20:18.657,1.7,7.8,0.0,0.3,00:00:00,0.0,1.9,-0.0,244.0
2025-05-27 13:20:19.658,1.7,7.8,0.0,0.3,00:00:00,0.0,1.9,-0.0,244.0
2025-05-27 13:20:20.657,1.7,7.8,0.0,0.3,00:00:00,0.0,1.9,-0.0,244.0
2025-05-27 13:20:21.660,1.7,7.8,0.0,0.3,00:00:00,0.0,1.9,-0.0,244.0
2025-05-27 13:20:22.659,1.7,7.8,0.0,0.3,00:00:00,0.0,1.9,-0.0,244.0
2025-05-27 13:20:23.658,1.7,7.8,0.0,0.3,00:00:00,0.0,1.9,-0.0,244.0
2025-05-27 13:20:24.656,1.7,7.8,0.0,0.3,00:00:00,0.0,1.9,-0.0,244.0
2025-05-27 13:20:25.659,1.7,7.8,0.0,0.3,00:00:00,0.0,1.9,-0.0,244.0
2025-05-27 13:20:26.657,1.7,7.8,0.0,0.3,00:00:00,0.0,1.9,-0.0,244.0
2025-05-27 13:20:27.658,1.7,7.8,0.0,0.3,00:00:00,0.0,1.9,-0.0,244.0
2025-05-27 13:20:28.659,1.7,7.8,0.0,0.3,00:00:00,0.0,1.9,-0.0,244.0
2025-05-27 13:20:29.657,1.7,7.8,0.0,0.3,00:00:00,0.0,1.9,-0.0,244.0
2025-05-27 13:20:30.656,1.7,7.8,0.0,0.3,00:00:00,0.0,1.9,-0.0,244.0
2025-05-27 13:20:31.659,1.7,7.8,0.0,0.3,00:00:00,0.0,1.9,-0.0,244.0
2025-05-27 13:20:32.658,1.7,7.8,0.0,0.3,00:00:00,0.0,1.9,-0.0,244.0
2025-05-27 13:20:33.657,1.7,7.8,0.0,0.3,00:00:00,0.0,1.9,-0.0,244.0
2025-05-27 13:20:34.658,1.7,7.8,0.0,0.3,00:00:00,0.0,1.9,-0.0,244.0
2025-05-27 13:20:35.657,1.7,7.8,0.0,0.3,00:00:00,0.0,1.9,-0.0,244.0
2025-05-27 13:20:36.657,1.7,7.8,0.0,0.3,00:00:00,0.0,1.9,-0.0,244.0
2025-05-27 13:20:37.656,1.7,7.8,0.0,0.3,00:00:00,0.0,1.9,-0.0,244.0
2025-05-27 13:20:38.659,1.7,7.8,0.0,0.3,00:00:00,0.0,1.9,-0.0,244.0
2025-05-27 13:20:39.657,1.7,7.8,0.0,0.3,00:00:00,0.0,1.9,-0.0,244.0
2025-05-27 13:20:40.659,1.7,7.8,0.0,0.3,00:00:00,0.0,1.9,-0.0,244.0
2025-05-27 13:20:41.657,1.7,7.8,0.0,0.3,00:00:00,0.0,1.9,-0.0,244.0
2025-05-27 13:20:42.657,1.7,7.8,0.0,0.3,00:00:00,0.0,1.9,-0.0,244.0
2025-05-27 13:20:43.657,1.7,7.8,0.0,0.3,00:00:00,0.0,1.9,-0.0,244.0
2025-05-27 13:20:44.657,1.7,7.8,0.0,0.3,00:00:00,0.0,1.9,-0.0,244.0
2025-05-27 13:20:45.658,1.7,7.8,0.0,0.3,00:00:00,0.0,1.9,-0.0,244.0
2025-05-27 13:20:46.657,1.7,7.8,0.0,0.3,00:00:00,0.0,1.9,-0.0,244.0
2025-05-27 13:20:47.657,1.7,7.8,0.0,0.3,00:00:00,0.0,1.9,-0.0,244.0
2025-05-27 13:20:48.658,1.7,7.8,0.0,0.3,00:00:00,0.0,1.9,-0.0,244.0
2025-05-27 13:20:49.658,1.7,7.8,0.0,0.3,00:00:00,0.0,1.9,-0.0,244.0
2025-05-27 13:20:50.657,1.7,7.8,0.0,0.3,00:00:00,0.0,1.9,-0.0,244.0
2025-05-27 13:20:51.657,1.7,7.8,0.0,0.3,00:00:00,0.0,1.9,-0.0,244.0
2025-05-27 13:20:52.658,1.7,7.8,0.0,0.3,00:00:00,0.0,1.9,-0.0,244.0
2025-05-27 13:20:53.658,1.7,7.8,0.0,0.3,00:00:00,0.0,1.9,-0.0,244.0
2025-05-27 13:20:54.657,1.7,7.8,0.0,0.3,00:00:00,0.0,1.9,-0.0,244.0
2025-05-27 13:20:55.658,1.7,7.8,0.0,0.3,00:00:00,0.0,1.9,-0.0,244.0
2025-05-27 13:20:56.659,1.7,7.8,0.0,0.3,00:00:00,0.0,1.9,-0.0,244.0
2025-05-27 13:20:57.659,1.7,7.8,0.0,0.3,00:00:00,0.0,1.9,-0.0,244.0
2025-05-27 13:20:58.657,1.7,7.8,0.0,0.3,00:00:00,0.0,1.9,-0.0,244.0
2025-05-27 13:20:59.657,1.7,7.8,0.0,0.3,00:00:00,0.0,1.9,-0.0,244.0
2025-05-27 13:21:00.659,1.7,7.8,0.0,0.3,00:00:00,0.0,1.9,-0.0,244.0
2025-05-27 13:21:01.657,1.7,7.8,0.0,0.3,00:00:00,0.0,1.9,-0.0,244.0
2025-05-27 13:21:02.658,1.7,7.8,0.0,0.3,00:00:00,0.0,1.9,-0.0,244.0
2025-05-27 13:21:03.657,1.7,7.8,0.0,0.3,00:00:00,0.0,1.9,-0.0,244.0
2025-05-27 13:21:04.657,1.7,7.8,0.0,0.3,00:00:00,0.0,1.9,-0.0,244.0
2025-05-27 13:21:05.657,1.7,7.8,0.0,0.3,00:00:00,0.0,1.9,-0.0,244.0
2025-05-27 13:21:06.658,1.7,7.8,0.0,0.3,00:00:00,0.0,1.9,-0.0,244.0
2025-05-27 13:21:07.657,1.7,7.8,0.0,0.3,00:00:00,0.0,1.9,-0.0,244.0
2025-05-27 13:21:08.657,1.7,7.8,0.0,0.3,00:00:00,0.0,1.9,-0.0,244.0
2025-05-27 13:21:09.657,1.7,7.8,0.0,0.3,00:00:00,0.0,1.9,-0.0,244.0
2025-05-27 13:21:10.660,1.7,7.8,0.0,0.3,00:00:00,0.0,1.9,-0.0,244.0
2025-05-27 13:21:11.660,1.7,7.8,0.0,0.3,00:00:00,0.0,1.9,-0.0,244.0
2025-05-27 13:21:12.656,1.7,7.8,0.0,0.3,00:00:00,0.0,1.9,-0.0,244.0
2025-05-27 13:21:13.657,1.7,7.8,0.0,0.3,00:00:00,0.0,1.9,-0.0,244.0
2025-05-27 13:21:14.657,1.7,7.8,0.0,0.3,00:00:00,0.0,1.9,-0.0,244.0
2025-05-27 13:21:15.657,1.7,7.8,0.0,0.3,00:00:00,0.0,1.9,-0.0,244.0
2025-05-27 13:21:16.658,1.7,7.8,0.0,0.3,00:00:00,0.0,1.9,-0.0,244.0
2025-05-27 13:21:17.657,1.7,7.8,0.0,0.3,00:00:00,0.0,1.9,-0.0,244.0
2025-05-27 13:21:18.658,1.7,7.8,0.0,0.3,00:00:00,0.0,1.9,-0.0,244.0
2025-05-27 13:21:19.660,1.7,7.8,0.0,0.3,00:00:00,0.0,1.9,-0.0,244.0
2025-05-27 13:21:20.659,1.7,7.8,0.0,0.3,00:00:00,0.0,1.9,-0.0,244.0
2025-05-27 13:21:21.661,1.7,7.8,0.0,0.3,00:00:00,0.0,1.9,-0.0,244.0
2025-05-27 13:21:22.658,1.7,7.8,0.0,0.3,00:00:00,0.0,1.9,-0.0,244.0
2025-05-27 13:21:23.657,1.7,7.8,0.0,0.3,00:00:00,0.0,1.9,-0.0,244.0
2025-05-27 13:21:24.656,1.7,7.8,0.0,0.3,00:00:00,0.0,1.9,-0.0,244.0
2025-05-27 13:21:25.659,1.7,7.8,0.0,0.3,00:00:00,0.0,1.9,-0.0,244.0
2025-05-27 13:21:26.658,1.7,7.8,0.0,0.3,00:00:00,0.0,1.9,-0.0,244.0
2025-05-27 13:21:27.658,1.7,7.8,0.0,0.3,00:00:00,0.0,1.9,-0.0,244.0
2025-05-27 13:21:28.658,1.7,7.8,0.0,0.3,00:00:00,0.0,1.9,-0.0,244.0
2025-05-27 13:21:29.658,1.7,7.8,0.0,0.3,00:00:00,0.0,1.9,-0.0,244.0
2025-05-27 13:21:30.657,1.7,7.8,0.0,0.3,00:00:00,0.0,1.9,-0.0,244.0
2025-05-27 13:21:31.656,1.7,7.8,0.0,0.3,00:00:00,0.0,1.9,-0.0,244.0
2025-05-27 13:21:32.658,1.7,7.8,0.0,0.3,00:00:00,0.0,1.9,-0.0,244.0
2025-05-27 13:21:33.659,1.7,7.8,0.0,0.3,00:00:00,0.0,1.9,-0.0,244.0
2025-05-27 13:21:34.659,1.7,7.8,0.0,0.3,00:00:00,0.0,1.9,-0.0,244.0
2025-05-27 13:21:35.660,1.7,7.8,0.0,0.3,00:00:00,0.0,1.9,-0.0,244.0
2025-05-27 13:21:36.660,1.7,7.8,0.0,0.3,00:00:00,0.0,1.9,-0.0,244.0
2025-05-27 13:21:37.659,1.7,7.8,0.0,0.3,00:00:00,0.0,1.9,-0.0,244.0
2025-05-27 13:21:38.658,1.7,7.8,0.0,0.3,00:00:00,0.0,1.9,-0.0,244.0
2025-05-27 13:21:39.660,1.7,7.8,0.0,0.3,00:00:00,0.0,1.9,-0.0,244.0
2025-05-27 13:21:40.659,1.7,7.8,0.0,0.3,00:00:00,0.0,1.9,-0.0,244.0
2025-05-27 13:21:41.656,1.7,7.8,0.0,0.3,00:00:00,0.0,1.9,-0.0,244.0
2025-05-27 13:21:42.657,1.7,7.8,0.0,0.3,00:00:00,0.0,1.9,-0.0,244.0
2025-05-27 13:21:43.660,1.7,7.8,0.0,0.3,00:00:00,0.0,1.9,-0.0,244.0
2025-05-27 13:21:44.658,1.7,7.8,0.0,0.3,00:00:00,0.0,1.9,-0.0,244.0
2025-05-27 13:21:45.658,1.7,7.8,0.0,0.3,00:00:00,0.0,1.9,-0.0,244.0
2025-05-27 13:21:46.660,1.7,7.8,0.0,0.3,00:00:00,0.0,1.9,-0.0,244.0
2025-05-27 13:21:47.660,1.7,7.8,0.0,0.3,00:00:00,0.0,1.9,-0.0,244.0
2025-05-27 13:21:48.657,1.7,7.8,0.0,0.3,00:00:00,0.0,1.9,-0.0,244.0
2025-05-27 13:21:49.659,1.7,7.8,0.0,0.3,00:00:00,0.0,1.9,-0.0,244.0
2025-05-27 13:21:50.657,1.7,7.8,0.0,0.3,00:00:00,0.0,1.9,-0.0,244.0
2025-05-27 13:21:51.656,1.7,7.8,0.0,0.3,00:00:00,0.0,1.9,-0.0,244.0
2025-05-27 13:21:52.659,1.7,7.8,0.0,0.3,00:00:00,0.0,1.9,-0.0,244.0
2025-05-27 13:21:53.659,1.7,7.8,0.0,0.3,00:00:00,0.0,1.9,-0.0,244.0
2025-05-27 13:21:54.660,1.7,7.8,0.0,0.3,00:00:00,0.0,1.9,-0.0,244.0
2025-05-27 13:21:55.657,1.7,7.8,0.0,0.3,00:00:00,0.0,1.9,-0.0,244.0
2025-05-27 13:21:56.658,1.7,7.8,0.0,0.3,00:00:00,0.0,1.9,-0.0,244.0
2025-05-27 13:21:57.659,1.7,7.8,0.0,0.3,00:00:00,0.0,1.9,-0.0,244.0
2025-05-27 13:21:58.658,1.7,7.8,0.0,0.3,00:00:00,0.0,1.9,-0.0,244.0
2025-05-27 13:21:59.657,1.7,7.8,0.0,0.3,00:00:00,0.0,1.9,-0.0,244.0
2025-05-27 13:22:00.656,1.7,7.8,0.0,0.3,00:00:00,0.0,1.9,-0.0,244.0
2025-05-27 13:22:01.657,1.7,7.8,0.0,0.3,00:00:00,0.0,1.9,-0.0,244.0
2025-05-27 13:22:02.656,1.7,7.8,0.0,0.3,00:00:00,0.0,1.9,-0.0,244.0
2025-05-27 13:22:03.658,1.7,7.8,0.0,0.3,00:00:00,0.0,1.9,-0.0,244.0
2025-05-27 13:22:04.660,1.7,7.8,0.0,0.3,00:00:00,0.0,1.9,-0.0,244.0
2025-05-27 13:22:05.658,1.7,7.8,0.0,0.3,00:00:00,0.0,1.9,-0.0,244.0
2025-05-27 13:22:06.658,1.7,7.8,0.0,0.3,00:00:00,0.0,1.9,-0.0,244.0
2025-05-27 13:22:07.660,1.7,7.8,0.0,0.3,00:00:00,0.0,1.9,-0.0,244.0
2025-05-27 13:22:08.656,1.7,7.8,0.0,0.3,00:00:00,0.0,1.9,-0.0,244.0
2025-05-27 13:22:09.659,1.7,7.8,0.0,0.3,00:00:00,0.0,1.9,-0.0,244.0
2025-05-27 13:22:10.657,1.7,7.8,0.0,0.3,00:00:00,0.0,1.9,-0.0,244.0
2025-05-27 13:22:11.657,1.7,7.8,0.0,0.3,00:00:00,0.0,1.9,-0.0,244.0
2025-05-27 13:22:12.657,1.7,7.8,0.0,0.3,00:00:00,0.0,1.9,-0.0,244.0
2025-05-27 13:22:13.659,1.7,7.8,0.0,0.3,00:00:00,0.0,1.9,-0.0,244.0
2025-05-27 13:22:14.657,1.7,7.8,0.0,0.3,00:00:00,0.0,1.9,-0.0,244.0
2025-05-27 13:22:15.657,1.7,7.8,0.0,0.3,00:00:00,0.0,1.9,-0.0,244.0
2025-05-27 13:22:16.657,1.7,7.8,0.0,0.3,00:00:00,0.0,1.9,-0.0,244.0
2025-05-27 13:22:17.658,1.7,7.8,0.0,0.3,00:00:00,0.0,1.9,-0.0,244.0
2025-05-27 13:22:18.657,1.7,7.8,0.0,0.3,00:00:00,0.0,1.9,-0.0,244.0
2025-05-27 13:22:19.659,1.7,7.8,0.0,0.3,00:00:00,0.0,1.9,-0.0,244.0
2025-05-27 13:22:20.657,1.7,7.8,0.0,0.3,00:00:00,0.0,1.9,-0.0,244.0
2025-05-27 13:22:21.659,1.7,7.8,0.0,0.3,00:00:00,0.0,1.9,-0.0,244.0
2025-05-27 13:22:22.657,1.7,7.8,0.0,0.3,00:00:00,0.0,1.9,-0.0,244.0
2025-05-27 13:22:23.658,1.7,7.8,0.0,0.3,00:00:00,0.0,1.9,-0.0,244.0
2025-05-27 13:22:24.659,1.7,7.8,0.0,0.3,00:00:00,0.0,1.9,-0.0,244.0
2025-05-27 13:22:25.657,1.7,7.8,0.0,0.3,00:00:00,0.0,1.9,-0.0,244.0
2025-05-27 13:22:26.658,1.7,7.8,0.0,0.3,00:00:00,0.0,1.9,-0.0,244.0
2025-05-27 13:22:27.658,1.7,7.8,0.0,0.3,00:00:00,0.0,1.9,-0.0,244.0
2025-05-27 13:22:28.658,1.7,7.8,0.0,0.3,00:00:00,0.0,1.9,-0.0,244.0
2025-05-27 13:22:29.659,1.7,7.8,0.0,0.3,00:00:00,0.0,1.9,-0.0,244.0
2025-05-27 13:22:30.659,1.7,7.8,0.0,0.3,00:00:00,0.0,1.9,-0.0,244.0
2025-05-27 13:22:31.660,1.7,7.8,0.0,0.3,00:00:00,0.0,1.9,-0.0,244.0
2025-05-27 13:22:32.659,1.7,7.8,0.0,0.3,00:00:00,0.0,1.9,-0.0,244.0
2025-05-27 13:22:33.658,1.7,7.8,0.0,0.3,00:00:00,0.0,1.9,-0.0,244.0
2025-05-27 13:22:34.657,1.7,7.8,0.0,0.3,00:00:00,0.0,1.9,-0.0,244.0
2025-05-27 13:22:35.657,1.7,7.8,0.0,0.3,00:00:00,0.0,1.9,-0.0,244.0
2025-05-27 13:22:36.657,1.7,7.8,0.0,0.3,00:00:00,0.0,1.9,-0.0,244.0
2025-05-27 13:22:37.657,1.7,7.8,0.0,0.3,00:00:00,0.0,1.9,-0.0,244.0
2025-05-27 13:22:38.659,1.7,7.8,0.0,0.3,00:00:00,0.0,1.9,-0.0,244.0
2025-05-27 13:22:39.659,1.7,7.8,0.0,0.3,00:00:00,0.0,1.9,-0.0,244.0
2025-05-27 13:22:40.659,1.7,7.8,0.0,0.3,00:00:00,0.0,1.9,-0.0,244.0
2025-05-27 13:22:41.657,1.7,7.8,0.0,0.3,00:00:00,0.0,1.9,-0.0,244.0
2025-05-27 13:22:42.659,1.7,7.8,0.0,0.3,00:00:00,0.0,1.9,-0.0,244.0
2025-05-27 13:22:43.659,1.7,7.8,0.0,0.3,00:00:00,0.0,1.9,-0.0,244.0
2025-05-27 13:22:44.659,1.7,7.8,0.0,0.3,00:00:00,0.0,1.9,-0.0,244.0
2025-05-27 13:22:45.659,1.7,7.8,0.0,0.3,00:00:00,0.0,1.9,-0.0,244.0
2025-05-27 13:22:46.660,1.7,7.8,0.0,0.3,00:00:00,0.0,1.9,-0.0,244.0
2025-05-27 13:22:47.659,1.7,7.8,0.0,0.3,00:00:00,0.0,1.9,-0.0,244.0
2025-05-27 13:22:48.659,1.7,7.8,0.0,0.3,00:00:00,0.0,1.9,-0.0,244.0
2025-05-27 13:22:49.660,1.7,7.8,0.0,0.3,00:00:00,0.0,1.9,-0.0,244.0
2025-05-27 13:22:50.659,1.7,7.8,0.0,0.3,00:00:00,0.0,1.9,-0.0,244.0
2025-05-27 13:22:51.659,1.7,7.8,0.0,0.3,00:00:00,0.0,1.9,-0.0,244.0
2025-05-27 13:22:52.657,1.7,7.8,0.0,0.3,00:00:00,0.0,1.9,-0.0,244.0
2025-05-27 13:22:53.659,1.7,7.8,0.0,0.3,00:00:00,0.0,1.9,-0.0,244.0
2025-05-27 13:22:54.657,1.7,7.8,0.0,0.3,00:00:00,0.0,1.9,-0.0,244.0
2025-05-27 13:22:55.659,1.7,7.8,0.0,0.3,00:00:00,0.0,1.9,-0.0,244.0
2025-05-27 13:22:56.660,1.7,7.8,0.0,0.3,00:00:00,0.0,1.9,-0.0,244.0
2025-05-27 13:22:57.657,1.7,7.8,0.0,0.3,00:00:00,0.0,1.9,-0.0,244.0
2025-05-27 13:22:58.659,1.7,7.8,0.0,0.3,00:00:00,0.0,1.9,-0.0,244.0
2025-05-27 13:22:59.659,1.7,7.8,0.0,0.3,00:00:00,0.0,1.9,-0.0,244.0
2025-05-27 13:23:00.660,1.7,7.8,0.0,0.3,00:00:00,0.0,1.9,-0.0,244.0
2025-05-27 13:23:01.657,1.7,7.8,0.0,0.3,00:00:00,0.0,1.9,-0.0,244.0
2025-05-27 13:23:02.659,1.7,7.8,0.0,0.3,00:00:00,0.0,1.9,-0.0,244.0
2025-05-27 13:23:03.657,1.7,7.8,0.0,0.3,00:00:00,0.0,1.9,-0.0,244.0
2025-05-27 13:23:04.657,1.7,7.8,0.0,0.3,00:00:00,0.0,1.9,-0.0,244.0
2025-05-27 13:23:05.658,1.7,7.8,0.0,0.3,00:00:00,0.0,1.9,-0.0,244.0
2025-05-27 13:23:06.657,1.7,7.8,0.0,0.3,00:00:00,0.0,1.9,-0.0,244.0
2025-05-27 13:23:07.656,1.7,7.8,0.0,0.3,00:00:00,0.0,1.9,-0.0,244.0
2025-05-27 13:23:08.657,1.7,7.8,0.0,0.3,00:00:00,0.0,1.9,-0.0,244.0
2025-05-27 13:23:09.659,1.7,7.8,0.0,0.3,00:00:00,0.0,1.9,-0.0,244.0
2025-05-27 13:23:10.657,1.7,7.8,0.0,0.3,00:00:00,0.0,1.9,-0.0,244.0
2025-05-27 13:23:11.659,1.7,7.8,0.0,0.3,00:00:00,0.0,1.9,-0.0,244.0
2025-05-27 13:23:12.659,1.7,7.8,0.0,0.3,00:00:00,0.0,1.9,-0.0,244.0
2025-05-27 13:23:13.659,1.7,7.8,0.0,0.3,00:00:00,0.0,1.9,-0.0,244.0
2025-05-27 13:23:14.660,1.7,7.8,0.0,0.3,00:00:00,0.0,1.9,-0.0,244.0
2025-05-27 13:23:15.657,1.7,7.8,0.0,0.3,00:00:00,0.0,1.9,-0.0,244.0
2025-05-27 13:23:16.659,1.7,7.8,0.0,0.3,00:00:00,0.0,1.9,-0.0,244.0
2025-05-27 13:23:17.658,1.7,7.8,0.0,0.3,00:00:00,0.0,1.9,-0.0,244.0
2025-05-27 13:23:18.657,1.7,7.8,0.0,0.3,00:00:00,0.0,1.9,-0.0,244.0
2025-05-27 13:23:19.660,1.7,7.8,0.0,0.3,00:00:00,0.0,1.9,-0.0,244.0
2025-05-27 13:23:20.659,1.7,7.8,0.0,0.3,00:00:00,0.0,1.9,-0.0,244.0
2025-05-27 13:23:21.657,1.7,7.8,0.0,0.3,00:00:00,0.0,1.9,-0.0,244.0
2025-05-27 13:23:22.659,1.7,7.8,0.0,0.3,00:00:00,0.0,1.9,-0.0,244.0
2025-05-27 13:23:23.657,1.7,7.8,0.0,0.3,00:00:00,0.0,1.9,-0.0,244.0
2025-05-27 13:23:24.659,1.7,7.8,0.0,0.3,00:00:00,0.0,1.9,-0.0,244.0
2025-05-27 13:23:25.660,1.7,7.8,0.0,0.3,00:00:00,0.0,1.9,-0.0,244.0
2025-05-27 13:23:26.659,1.7,7.8,0.0,0.3,00:00:00,0.0,1.9,-0.0,244.0
2025-05-27 13:23:27.659,1.7,7.8,0.0,0.3,00:00:00,0.0,1.9,-0.0,244.0
2025-05-27 13:23:28.658,1.7,7.8,0.0,0.3,00:00:00,0.0,1.9,-0.0,244.0
2025-05-27 13:23:29.659,1.7,7.8,0.0,0.3,00:00:00,0.0,1.9,-0.0,244.0
2025-05-27 13:23:30.657,1.7,7.8,0.0,0.3,00:00:00,0.0,1.9,-0.0,244.0
2025-05-27 13:23:31.656,1.7,7.8,0.0,0.3,00:00:00,0.0,1.9,-0.0,244.0
2025-05-27 13:23:32.658,1.7,7.8,0.0,0.3,00:00:00,0.0,1.9,-0.0,244.0
2025-05-27 13:23:33.657,1.7,7.8,0.0,0.3,00:00:00,0.0,1.9,-0.0,244.0
2025-05-27 13:23:34.657,1.7,7.8,0.0,0.3,00:00:00,0.0,1.9,-0.0,244.0
2025-05-27 13:23:35.659,1.7,7.8,0.0,0.3,00:00:00,0.0,1.9,-0.0,244.0
2025-05-27 13:23:36.660,1.7,7.8,0.0,0.3,00:00:00,0.0,1.9,-0.0,244.0
2025-05-27 13:23:37.659,1.7,7.8,0.0,0.3,00:00:00,0.0,1.9,-0.0,244.0
2025-05-27 13:23:38.657,1.7,7.8,0.0,0.3,00:00:00,0.0,1.9,-0.0,244.0
2025-05-27 13:23:39.659,1.7,7.8,0.0,0.3,00:00:00,0.0,1.9,-0.0,244.0
2025-05-27 13:23:40.657,1.7,7.8,0.0,0.3,00:00:00,0.0,1.9,-0.0,244.0
2025-05-27 13:23:41.656,1.7,7.8,0.0,0.3,00:00:00,0.0,1.9,-0.0,244.0
2025-05-27 13:23:42.657,1.7,7.8,0.0,0.3,00:00:00,0.0,1.9,-0.0,244.0
2025-05-27 13:23:43.657,1.7,7.8,0.0,0.3,00:00:00,0.0,1.9,-0.0,244.0
2025-05-27 13:23:44.657,1.7,7.8,0.0,0.3,00:00:00,0.0,1.9,-0.0,244.0
2025-05-27 13:23:45.657,1.7,7.8,0.0,0.3,00:00:00,0.0,1.9,-0.0,244.0
2025-05-27 13:23:46.660,1.7,7.8,0.0,0.3,00:00:00,0.0,1.9,-0.0,244.0
2025-05-27 13:23:47.659,1.7,7.8,0.0,0.3,00:00:00,0.0,1.9,-0.0,244.0
2025-05-27 13:23:48.657,1.7,7.8,0.0,0.3,00:00:00,0.0,1.9,-0.0,244.0
2025-05-27 13:23:49.660,1.7,7.8,0.0,0.3,00:00:00,0.0,1.9,-0.0,244.0
2025-05-27 13:23:50.660,1.7,7.8,0.0,0.3,00:00:00,0.0,1.9,-0.0,244.0
2025-05-27 13:23:51.659,1.7,7.8,0.0,0.3,00:00:00,0.0,1.9,-0.0,244.0
2025-05-27 13:23:52.657,1.7,7.8,0.0,0.3,00:00:00,0.0,1.9,-0.0,244.0
2025-05-27 13:23:53.660,1.7,7.8,0.0,0.3,00:00:00,0.0,1.9,-0.0,244.0
2025-05-27 13:23:54.659,1.7,7.8,0.0,0.3,00:00:00,0.0,1.9,-0.0,244.0
2025-05-27 13:23:55.658,1.7,7.8,0.0,0.3,00:00:00,0.0,1.9,-0.0,244.0
2025-05-27 13:23:56.659,1.7,7.8,0.0,0.3,00:00:00,0.0,1.9,-0.0,244.0
2025-05-27 13:23:57.659,1.7,7.8,0.0,0.3,00:00:00,0.0,1.9,-0.0,244.0
2025-05-27 13:23:58.659,1.7,7.8,0.0,0.3,00:00:00,0.0,1.9,-0.0,244.0
2025-05-27 13:23:59.656,1.7,7.8,0.0,0.3,00:00:00,0.0,1.9,-0.0,244.0
2025-05-27 13:24:00.657,1.7,7.8,0.0,0.3,00:00:00,0.0,1.9,-0.0,244.0
2025-05-27 13:24:01.659,1.7,7.8,0.0,0.3,00:00:00,0.0,1.9,-0.0,244.0
2025-05-27 13:24:02.659,1.7,7.8,0.0,0.3,00:00:00,0.0,1.9,-0.0,244.0
2025-05-27 13:24:03.659,1.7,7.8,0.0,0.3,00:00:00,0.0,1.9,-0.0,244.0
2025-05-27 13:24:04.657,1.7,7.8,0.0,0.3,00:00:00,0.0,1.9,-0.0,244.0
2025-05-27 13:24:05.659,1.7,7.8,0.0,0.3,00:00:00,0.0,1.9,-0.0,244.0
2025-05-27 13:24:06.659,1.7,7.8,0.0,0.3,00:00:00,0.0,1.9,-0.0,244.0
2025-05-27 13:24:07.659,1.7,7.8,0.0,0.3,00:00:00,0.0,1.9,-0.0,244.0
2025-05-27 13:24:08.659,1.7,7.8,0.0,0.3,00:00:00,0.0,1.9,-0.0,244.0
2025-05-27 13:24:09.659,1.7,7.8,0.0,0.3,00:00:00,0.0,1.9,-0.0,244.0
2025-05-27 13:24:10.657,1.7,7.8,0.0,0.3,00:00:00,0.0,1.9,-0.0,244.0
2025-05-27 13:24:11.657,1.7,7.8,0.0,0.3,00:00:00,0.0,1.9,-0.0,244.0
2025-05-27 13:24:12.659,1.7,7.8,0.0,0.3,00:00:00,0.0,1.9,-0.0,244.0
2025-05-27 13:24:13.659,1.7,7.8,0.0,0.3,00:00:00,0.0,1.9,-0.0,244.0
2025-05-27 13:24:14.659,1.7,7.8,0.0,0.3,00:00:00,0.0,1.9,-0.0,244.0
2025-05-27 13:24:15.657,1.7,7.8,0.0,0.3,00:00:00,0.0,1.9,-0.0,244.0
2025-05-27 13:24:16.659,1.7,7.8,0.0,0.3,00:00:00,0.0,1.9,-0.0,244.0
2025-05-27 13:24:17.658,1.7,7.8,0.0,0.3,00:00:00,0.0,1.9,-0.0,244.0
2025-05-27 13:24:18.659,1.7,7.8,0.0,0.3,00:00:00,0.0,1.9,-0.0,244.0
2025-05-27 13:24:19.657,1.7,7.8,0.0,0.3,00:00:00,0.0,1.9,-0.0,244.0
2025-05-27 13:24:20.658,1.7,7.8,0.0,0.3,00:00:00,0.0,1.9,-0.0,244.0
2025-05-27 13:24:21.658,1.7,7.8,0.0,0.3,00:00:00,0.0,1.9,-0.0,244.0
2025-05-27 13:24:22.658,1.7,7.8,0.0,0.3,00:00:00,0.0,1.9,-0.0,244.0
2025-05-27 13:24:23.659,1.7,7.8,0.0,0.3,00:00:00,0.0,1.9,-0.0,244.0
2025-05-27 13:24:24.658,1.7,7.8,0.0,0.3,00:00:00,0.0,1.9,-0.0,244.0
2025-05-27 13:24:25.656,1.7,7.8,0.0,0.3,00:00:00,0.0,1.9,-0.0,244.0
2025-05-27 13:24:26.657,1.7,7.8,0.0,0.3,00:00:00,0.0,1.9,-0.0,244.0
2025-05-27 13:24:27.658,1.7,7.8,0.0,0.3,00:00:00,0.0,1.9,-0.0,244.0
2025-05-27 13:24:28.656,1.7,7.8,0.0,0.3,00:00:00,0.0,1.9,-0.0,244.0
2025-05-27 13:24:29.658,1.7,7.8,0.0,0.3,00:00:00,0.0,1.9,-0.0,244.0
2025-05-27 13:24:30.658,1.7,7.8,0.0,0.3,00:00:00,0.0,1.9,-0.0,244.0
2025-05-27 13:24:31.658,1.7,7.8,0.0,0.3,00:00:00,0.0,1.9,-0.0,244.0
2025-05-27 13:24:32.657,1.7,7.8,0.0,0.3,00:00:00,0.0,1.9,-0.0,244.0
2025-05-27 13:24:33.660,1.7,7.8,0.0,0.3,00:00:00,0.0,1.9,-0.0,244.0
2025-05-27 13:24:34.657,1.7,7.8,0.0,0.3,00:00:00,0.0,1.9,-0.0,244.0
2025-05-27 13:24:35.658,1.7,7.8,0.0,0.3,00:00:00,0.0,1.9,-0.0,244.0
2025-05-27 13:24:36.659,1.7,7.8,0.0,0.3,00:00:00,0.0,1.9,-0.0,244.0
2025-05-27 13:24:37.656,1.7,7.8,0.0,0.3,00:00:00,0.0,1.9,-0.0,244.0
2025-05-27 13:24:38.656,1.7,7.8,0.0,0.3,00:00:00,0.0,1.9,-0.0,244.0
2025-05-27 13:24:39.657,1.7,7.8,0.0,0.3,00:00:00,0.0,1.9,-0.0,244.0
2025-05-27 13:24:40.657,1.7,7.8,0.0,0.3,00:00:00,0.0,1.9,-0.0,244.0
2025-05-27 13:24:41.657,1.7,7.8,0.0,0.3,00:00:00,0.0,1.9,-0.0,244.0
2025-05-27 13:24:42.657,1.7,7.8,0.0,0.3,00:00:00,0.0,1.9,-0.0,244.0
2025-05-27 13:24:43.660,1.7,7.8,0.0,0.3,00:00:00,0.0,1.9,-0.0,244.0
2025-05-27 13:24:44.657,1.7,7.8,0.0,0.3,00:00:00,0.0,1.9,-0.0,244.0
2025-05-27 13:24:45.660,1.7,7.8,0.0,0.3,00:00:00,0.0,1.9,-0.0,244.0
2025-05-27 13:24:46.657,1.7,7.8,0.0,0.3,00:00:00,0.0,1.9,-0.0,244.0
2025-05-27 13:24:47.657,1.7,7.8,0.0,0.3,00:00:00,0.0,1.9,-0.0,244.0
2025-05-27 13:24:48.657,1.7,7.8,0.0,0.3,00:00:00,0.0,1.9,-0.0,244.0
2025-05-27 13:24:49.658,1.7,7.8,0.0,0.3,00:00:00,0.0,1.9,-0.0,244.0
2025-05-27 13:24:50.657,1.7,7.8,0.0,0.3,00:00:00,0.0,1.9,-0.0,244.0
2025-05-27 13:24:51.657,1.7,7.8,0.0,0.3,00:00:00,0.0,1.9,-0.0,244.0
2025-05-27 13:24:52.660,1.7,7.8,0.0,0.3,00:00:00,0.0,1.9,-0.0,244.0
2025-05-27 13:24:53.657,1.7,7.8,0.0,0.3,00:00:00,0.0,1.9,-0.0,244.0
2025-05-27 13:24:54.659,1.7,7.8,0.0,0.3,00:00:00,0.0,1.9,-0.0,244.0
2025-05-27 13:24:55.657,1.7,7.8,0.0,0.3,00:00:00,0.0,1.9,-0.0,244.0
2025-05-27 13:24:56.657,1.7,7.8,0.0,0.3,00:00:00,0.0,1.9,-0.0,244.0
2025-05-27 13:24:57.657,1.7,7.8,0.0,0.3,00:00:00,0.0,1.9,-0.0,244.0
2025-05-27 13:24:58.658,1.7,7.8,0.0,0.3,00:00:00,0.0,1.9,-0.0,244.0
2025-05-27 13:24:59.657,1.7,7.8,0.0,0.3,00:00:00,0.0,1.9,-0.0,244.0
2025-05-27 13:25:00.657,1.7,7.8,0.0,0.3,00:00:00,0.0,1.9,-0.0,244.0
2025-05-27 13:25:01.659,1.7,7.8,0.0,0.3,00:00:00,0.0,1.9,-0.0,244.0
2025-05-27 13:25:02.659,1.7,7.8,0.0,0.3,00:00:00,0.0,1.9,-0.0,244.0
2025-05-27 13:25:03.656,1.7,7.8,0.0,0.3,00:00:00,0.0,1.9,-0.0,244.0
2025-05-27 13:25:04.656,1.7,7.8,0.0,0.3,00:00:00,0.0,1.9,-0.0,244.0
2025-05-27 13:25:05.659,1.7,7.8,0.0,0.3,00:00:00,0.0,1.9,-0.0,244.0
2025-05-27 13:25:06.659,1.7,7.8,0.0,0.3,00:00:00,0.0,1.9,-0.0,244.0
2025-05-27 13:25:07.659,1.7,7.8,0.0,0.3,00:00:00,0.0,1.9,-0.0,244.0
2025-05-27 13:25:08.656,1.7,7.8,0.0,0.3,00:00:00,0.0,1.9,-0.0,244.0
2025-05-27 13:25:09.657,1.7,7.8,0.0,0.3,00:00:00,0.0,1.9,-0.0,244.0
2025-05-27 13:25:10.660,1.7,7.8,0.0,0.3,00:00:00,0.0,1.9,-0.0,244.0
2025-05-27 13:25:11.659,1.7,7.8,0.0,0.3,00:00:00,0.0,1.9,-0.0,244.0
2025-05-27 13:25:12.656,1.7,7.8,0.0,0.3,00:00:00,0.0,1.9,-0.0,244.0
2025-05-27 13:25:13.660,1.7,7.8,0.0,0.3,00:00:00,0.0,1.9,-0.0,244.0
2025-05-27 13:25:14.658,1.7,7.8,0.0,0.3,00:00:00,0.0,1.9,-0.0,244.0
2025-05-27 13:25:15.658,1.7,7.8,0.0,0.3,00:00:00,0.0,1.9,-0.0,244.0
2025-05-27 13:25:16.659,1.7,7.8,0.0,0.3,00:00:00,0.0,1.9,-0.0,244.0
2025-05-27 13:25:17.660,1.7,7.8,0.0,0.3,00:00:00,0.0,1.9,-0.0,244.0
2025-05-27 13:25:18.657,1.7,7.8,0.0,0.3,00:00:00,0.0,1.9,-0.0,244.0
2025-05-27 13:25:19.659,1.7,7.8,0.0,0.3,00:00:00,0.0,1.9,-0.0,244.0
2025-05-27 13:25:20.658,1.7,7.8,0.0,0.3,00:00:00,0.0,1.9,-0.0,244.0
2025-05-27 13:25:21.657,1.7,7.8,0.0,0.3,00:00:00,0.0,1.9,-0.0,244.0
2025-05-27 13:25:22.656,1.7,7.8,0.0,0.3,00:00:00,0.0,1.9,-0.0,244.0
2025-05-27 13:25:23.657,1.7,7.8,0.0,0.3,00:00:00,0.0,1.9,-0.0,244.0
2025-05-27 13:25:24.659,1.7,7.8,0.0,0.3,00:00:00,0.0,1.9,-0.0,244.0
2025-05-27 13:25:25.661,1.7,7.8,0.0,0.3,00:00:00,0.0,1.9,-0.0,244.0
2025-05-27 13:25:26.656,1.7,7.8,0.0,0.3,00:00:00,0.0,1.9,-0.0,244.0
2025-05-27 13:25:27.659,1.7,7.8,0.0,0.3,00:00:00,0.0,1.9,-0.0,244.0
2025-05-27 13:25:28.658,1.7,7.8,0.0,0.3,00:00:00,0.0,1.9,-0.0,244.0
2025-05-27 13:25:29.658,1.7,7.8,0.0,0.3,00:00:00,0.0,1.9,-0.0,244.0
2025-05-27 13:25:30.657,1.7,7.8,0.0,0.3,00:00:00,0.0,1.9,-0.0,244.0
2025-05-27 13:25:31.657,1.7,7.8,0.0,0.3,00:00:00,0.0,1.9,-0.0,244.0
2025-05-27 13:25:32.658,1.7,7.8,0.0,0.3,00:00:00,0.0,1.9,-0.0,244.0
2025-05-27 13:25:33.660,1.7,7.8,0.0,0.3,00:00:00,0.0,1.9,-0.0,244.0
2025-05-27 13:25:34.658,1.7,7.8,0.0,0.3,00:00:00,0.0,1.9,-0.0,244.0
2025-05-27 13:25:35.657,1.7,7.8,0.0,0.3,00:00:00,0.0,1.9,-0.0,244.0
2025-05-27 13:25:36.658,1.7,7.8,0.0,0.3,00:00:00,0.0,1.9,-0.0,244.0
2025-05-27 13:25:37.660,1.7,7.8,0.0,0.3,00:00:00,0.0,1.9,-0.0,244.0
2025-05-27 13:25:38.660,1.7,7.8,0.0,0.3,00:00:00,0.0,1.9,-0.0,244.0
2025-05-27 13:25:39.657,1.7,7.8,0.0,0.3,00:00:00,0.0,1.9,-0.0,244.0
2025-05-27 13:25:40.657,1.7,7.8,0.0,0.3,00:00:00,0.0,1.9,-0.0,244.0
2025-05-27 13:25:41.659,1.7,7.8,0.0,0.3,00:00:00,0.0,1.9,-0.0,244.0
2025-05-27 13:25:42.657,1.7,7.8,0.0,0.3,00:00:00,0.0,1.9,-0.0,244.0
2025-05-27 13:25:43.659,1.7,7.8,0.0,0.3,00:00:00,0.0,1.9,-0.0,244.0
2025-05-27 13:25:44.658,1.7,7.8,0.0,0.3,00:00:00,0.0,1.9,-0.0,244.0
2025-05-27 13:25:45.659,1.7,7.8,0.0,0.3,00:00:00,0.0,1.9,-0.0,244.0
2025-05-27 13:25:46.657,1.7,7.8,0.0,0.3,00:00:00,0.0,1.9,-0.0,244.0
2025-05-27 13:25:47.657,1.7,7.8,0.0,0.3,00:00:00,0.0,1.9,-0.0,244.0
2025-05-27 13:25:48.657,1.7,7.8,0.0,0.3,00:00:00,0.0,1.9,-0.0,244.0
2025-05-27 13:25:49.658,1.7,7.8,0.0,0.3,00:00:00,0.0,1.9,-0.0,244.0
2025-05-27 13:25:50.659,1.7,7.8,0.0,0.3,00:00:00,0.0,1.9,-0.0,244.0
2025-05-27 13:25:51.659,1.7,7.8,0.0,0.3,00:00:00,0.0,1.9,-0.0,244.0
2025-05-27 13:25:52.660,1.7,7.8,0.0,0.3,00:00:00,0.0,1.9,-0.0,244.0
2025-05-27 13:25:53.659,1.7,7.8,0.0,0.3,00:00:00,0.0,1.9,-0.0,244.0
2025-05-27 13:25:54.658,1.7,7.8,0.0,0.3,00:00:00,0.0,1.9,-0.0,244.0
2025-05-27 13:25:55.657,1.7,7.8,0.0,0.3,00:00:00,0.0,1.9,-0.0,244.0
2025-05-27 13:25:56.658,1.7,7.8,0.0,0.3,00:00:00,0.0,1.9,-0.0,244.0
2025-05-27 13:25:57.657,1.7,7.8,0.0,0.3,00:00:00,0.0,1.9,-0.0,244.0
2025-05-27 13:25:58.657,1.7,7.8,0.0,0.3,00:00:00,0.0,1.9,-0.0,244.0
2025-05-27 13:25:59.659,1.7,7.8,0.0,0.3,00:00:00,0.0,1.9,-0.0,244.0
2025-05-27 13:26:00.659,1.7,7.8,0.0,0.3,00:00:00,0.0,1.9,-0.0,244.0
2025-05-27 13:26:01.659,1.7,7.8,0.0,0.3,00:00:00,0.0,1.9,-0.0,244.0
2025-05-27 13:26:02.660,1.7,7.8,0.0,0.3,00:00:00,0.0,1.9,-0.0,244.0
2025-05-27 13:26:03.659,1.7,7.8,0.0,0.3,00:00:00,0.0,1.9,-0.0,244.0
2025-05-27 13:26:04.657,1.7,7.8,0.0,0.3,00:00:00,0.0,1.9,-0.0,244.0
2025-05-27 13:26:05.656,1.7,7.8,0.0,0.3,00:00:00,0.0,1.9,-0.0,244.0
2025-05-27 13:26:06.659,1.7,7.8,0.0,0.3,00:00:00,0.0,1.9,-0.0,244.0
2025-05-27 13:26:07.658,1.7,7.8,0.0,0.3,00:00:00,0.0,1.9,-0.0,244.0
2025-05-27 13:26:08.658,1.7,7.8,0.0,0.3,00:00:00,0.0,1.9,-0.0,244.0
2025-05-27 13:26:09.659,1.7,7.8,0.0,0.3,00:00:00,0.0,1.9,-0.0,244.0
2025-05-27 13:26:10.659,1.7,7.8,0.0,0.3,00:00:00,0.0,1.9,-0.0,244.0
2025-05-27 13:26:11.658,1.7,7.8,0.0,0.3,00:00:00,0.0,1.9,-0.0,244.0
2025-05-27 13:26:12.660,1.7,7.8,0.0,0.3,00:00:00,0.0,1.9,-0.0,244.0
2025-05-27 13:26:13.656,1.7,7.8,0.0,0.3,00:00:00,0.0,1.9,-0.0,244.0
2025-05-27 13:26:14.658,1.7,7.8,0.0,0.3,00:00:00,0.0,1.9,-0.0,244.0
2025-05-27 13:26:15.656,1.7,7.8,0.0,0.3,00:00:00,0.0,1.9,-0.0,244.0
2025-05-27 13:26:16.657,1.7,7.8,0.0,0.3,00:00:00,0.0,1.9,-0.0,244.0
2025-05-27 13:26:17.658,1.7,7.8,0.0,0.3,00:00:00,0.0,1.9,-0.0,244.0
2025-05-27 13:26:18.661,1.7,7.8,0.0,0.3,00:00:00,0.0,1.9,-0.0,244.0
2025-05-27 13:26:19.662,1.7,7.8,0.0,0.3,00:00:00,0.0,1.9,-0.0,244.0
2025-05-27 13:26:20.660,1.7,7.8,0.0,0.3,00:00:00,0.0,1.9,-0.0,244.0
2025-05-27 13:26:21.659,1.7,7.8,0.0,0.3,00:00:00,0.0,1.9,-0.0,244.0
2025-05-27 13:26:22.660,1.7,7.8,0.0,0.3,00:00:00,0.0,1.9,-0.0,244.0
2025-05-27 13:26:23.661,1.7,7.8,0.0,0.3,00:00:00,0.0,1.9,-0.0,244.0
2025-05-27 13:26:24.660,1.7,7.8,0.0,0.3,00:00:00,0.0,1.9,-0.0,244.0
2025-05-27 13:26:25.659,1.7,7.8,0.0,0.3,00:00:00,0.0,1.9,-0.0,244.0
2025-05-27 13:26:26.660,1.7,7.8,0.0,0.3,00:00:00,0.0,1.9,-0.0,244.0
2025-05-27 13:26:27.660,1.7,7.8,0.0,0.3,00:00:00,0.0,1.9,-0.0,244.0
2025-05-27 13:26:28.656,1.7,7.8,0.0,0.3,00:00:00,0.0,1.9,-0.0,244.0
2025-05-27 13:26:29.661,1.7,7.8,0.0,0.3,00:00:00,0.0,1.9,-0.0,244.0
2025-05-27 13:26:30.657,1.7,7.8,0.0,0.3,00:00:00,0.0,1.9,-0.0,244.0
2025-05-27 13:26:31.657,1.7,7.8,0.0,0.3,00:00:00,0.0,1.9,-0.0,244.0
2025-05-27 13:26:32.658,1.7,7.8,0.0,0.3,00:00:00,0.0,1.9,-0.0,244.0
2025-05-27 13:26:33.665,1.7,7.8,0.0,0.3,00:00:00,0.0,1.9,-0.0,244.0
2025-05-27 13:26:34.660,1.7,7.8,0.0,0.3,00:00:00,0.0,1.9,-0.0,244.0
2025-05-27 13:26:35.662,1.7,7.8,0.0,0.3,00:00:00,0.0,1.9,-0.0,244.0
2025-05-27 13:26:36.659,1.7,7.8,0.0,0.3,00:00:00,0.0,1.9,-0.0,244.0
2025-05-27 13:26:37.661,1.7,7.8,0.0,0.3,00:00:00,0.0,1.9,-0.0,244.0
2025-05-27 13:26:38.660,1.7,7.8,0.0,0.3,00:00:00,0.0,1.9,-0.0,244.0
2025-05-27 13:26:39.667,1.7,7.8,0.0,0.3,00:00:00,0.0,1.9,-0.0,244.0
2025-05-27 13:26:40.666,1.7,7.8,0.0,0.3,00:00:00,0.0,1.9,-0.0,244.0
2025-05-27 13:26:41.662,1.7,7.8,0.0,0.3,00:00:00,0.0,1.9,-0.0,244.0
2025-05-27 13:26:42.663,1.7,7.8,0.0,0.3,00:00:00,0.0,1.9,-0.0,244.0
2025-05-27 13:26:43.660,1.7,7.8,0.0,0.3,00:00:00,0.0,1.9,-0.0,244.0
2025-05-27 13:26:44.663,1.7,7.8,0.0,0.3,00:00:00,0.0,1.9,-0.0,244.0
2025-05-27 13:26:45.662,1.7,7.8,0.0,0.3,00:00:00,0.0,1.9,-0.0,244.0
2025-05-27 13:26:46.660,1.7,7.8,0.0,0.3,00:00:00,0.0,1.9,-0.0,244.0
2025-05-27 13:26:47.660,1.7,7.8,0.0,0.3,00:00:00,0.0,1.9,-0.0,244.0
2025-05-27 13:26:48.659,1.7,7.8,0.0,0.3,00:00:00,0.0,1.9,-0.0,244.0
2025-05-27 13:26:49.660,1.7,7.8,0.0,0.3,00:00:00,0.0,1.9,-0.0,244.0
2025-05-27 13:26:50.657,1.7,7.8,0.0,0.3,00:00:00,0.0,1.9,-0.0,244.0
2025-05-27 13:26:51.661,1.7,7.8,0.0,0.3,00:00:00,0.0,1.9,-0.0,244.0
2025-05-27 13:26:52.659,1.7,7.8,0.0,0.3,00:00:00,0.0,1.9,-0.0,244.0
2025-05-27 13:26:53.663,1.7,7.8,0.0,0.3,00:00:00,0.0,1.9,-0.0,244.0
2025-05-27 13:26:54.659,1.7,7.8,0.0,0.3,00:00:00,0.0,1.9,-0.0,244.0
2025-05-27 13:26:55.657,1.7,7.8,0.0,0.3,00:00:00,0.0,1.9,-0.0,244.0
2025-05-27 13:26:56.661,1.7,7.8,0.0,0.3,00:00:00,0.0,1.9,-0.0,244.0
2025-05-27 13:26:57.662,1.7,7.8,0.0,0.3,00:00:00,0.0,1.9,-0.0,244.0
2025-05-27 13:26:58.660,1.7,7.8,0.0,0.3,00:00:00,0.0,1.9,-0.0,244.0
2025-05-27 13:26:59.658,1.7,7.8,0.0,0.3,00:00:00,0.0,1.9,-0.0,244.0
2025-05-27 13:27:00.662,1.7,7.8,0.0,0.3,00:00:00,0.0,1.9,-0.0,244.0
2025-05-27 13:27:01.661,1.7,7.8,0.0,0.3,00:00:00,0.0,1.9,-0.0,244.0
2025-05-27 13:27:02.661,1.7,7.8,0.0,0.3,00:00:00,0.0,1.9,-0.0,244.0
2025-05-27 13:27:03.659,1.7,7.8,0.0,0.3,00:00:00,0.0,1.9,-0.0,244.0
2025-05-27 13:27:04.659,1.7,7.8,0.0,0.3,00:00:00,0.0,1.9,-0.0,244.0
2025-05-27 13:27:05.659,1.7,7.8,0.0,0.3,00:00:00,0.0,1.9,-0.0,244.0
2025-05-27 13:27:06.660,1.7,7.8,0.0,0.3,00:00:00,0.0,1.9,-0.0,244.0
2025-05-27 13:27:07.661,1.7,7.8,0.0,0.3,00:00:00,0.0,1.9,-0.0,244.0
2025-05-27 13:27:08.671,1.7,7.8,0.0,0.3,00:00:00,0.0,1.9,-0.0,244.0
2025-05-27 13:27:09.661,1.7,7.8,0.0,0.3,00:00:00,0.0,1.9,-0.0,244.0
2025-05-27 13:27:10.659,1.7,7.8,0.0,0.3,00:00:00,0.0,1.9,-0.0,244.0
2025-05-27 13:27:11.662,1.7,7.8,0.0,0.3,00:00:00,0.0,1.9,-0.0,244.0
2025-05-27 13:27:12.658,1.7,7.8,0.0,0.3,00:00:00,0.0,1.9,-0.0,244.0
2025-05-27 13:27:13.658,1.7,7.8,0.0,0.3,00:00:00,0.0,1.9,-0.0,244.0
2025-05-27 13:27:14.659,1.7,7.8,0.0,0.3,00:00:00,0.0,1.9,-0.0,244.0
2025-05-27 13:27:15.657,1.7,7.8,0.0,0.3,00:00:00,0.0,1.9,-0.0,244.0
2025-05-27 13:27:16.659,1.7,7.8,0.0,0.3,00:00:00,0.0,1.9,-0.0,244.0
2025-05-27 13:27:17.660,1.7,7.8,0.0,0.3,00:00:00,0.0,1.9,-0.0,244.0
2025-05-27 13:27:18.662,1.7,7.8,0.0,0.3,00:00:00,0.0,1.9,-0.0,244.0
2025-05-27 13:27:19.659,1.7,7.8,0.0,0.3,00:00:00,0.0,1.9,-0.0,244.0
2025-05-27 13:27:20.657,1.7,7.8,0.0,0.3,00:00:00,0.0,1.9,-0.0,244.0
2025-05-27 13:27:21.664,1.7,7.8,0.0,0.3,00:00:00,0.0,1.9,-0.0,244.0
2025-05-27 13:27:22.657,1.7,7.8,0.0,0.3,00:00:00,0.0,1.9,-0.0,244.0
2025-05-27 13:27:23.659,1.7,7.8,0.0,0.3,00:00:00,0.0,1.9,-0.0,244.0
2025-05-27 13:27:24.658,1.7,7.8,0.0,0.3,00:00:00,0.0,1.9,-0.0,244.0
2025-05-27 13:27:25.659,1.7,7.8,0.0,0.3,00:00:00,0.0,1.9,-0.0,244.0
2025-05-27 13:27:26.660,1.7,7.8,0.0,0.3,00:00:00,0.0,1.9,-0.0,244.0
2025-05-27 13:27:27.658,1.7,7.8,0.0,0.3,00:00:00,0.0,1.9,-0.0,244.0
2025-05-27 13:27:28.660,1.7,7.8,0.0,0.3,00:00:00,0.0,1.9,-0.0,244.0
2025-05-27 13:27:29.660,1.7,7.8,0.0,0.3,00:00:00,0.0,1.9,-0.0,244.0
2025-05-27 13:27:30.658,1.7,7.8,0.0,0.3,00:00:00,0.0,1.9,-0.0,244.0
2025-05-27 13:27:31.657,1.7,7.8,0.0,0.3,00:00:00,0.0,1.9,-0.0,244.0
2025-05-27 13:27:32.660,1.7,7.8,0.0,0.3,00:00:00,0.0,1.9,-0.0,244.0
2025-05-27 13:27:33.659,1.7,7.8,0.0,0.3,00:00:00,0.0,1.9,-0.0,244.0
2025-05-27 13:27:34.657,1.7,7.8,0.0,0.3,00:00:00,0.0,1.9,-0.0,244.0
2025-05-27 13:27:35.656,1.7,7.8,0.0,0.3,00:00:00,0.0,1.9,-0.0,244.0
2025-05-27 13:27:36.657,1.7,7.8,0.0,0.3,00:00:00,0.0,1.9,-0.0,244.0
2025-05-27 13:27:37.658,1.7,7.8,0.0,0.3,00:00:00,0.0,1.9,-0.0,244.0
2025-05-27 13:27:38.660,1.7,7.8,0.0,0.3,00:00:00,0.0,1.9,-0.0,244.0
2025-05-27 13:27:39.657,1.7,7.8,0.0,0.3,00:00:00,0.0,1.9,-0.0,244.0
2025-05-27 13:27:40.660,1.7,7.8,0.0,0.3,00:00:00,0.0,1.9,-0.0,244.0
2025-05-27 13:27:41.659,1.7,7.8,0.0,0.3,00:00:00,0.0,1.9,-0.0,244.0
2025-05-27 13:27:42.658,1.7,7.8,0.0,0.3,00:00:00,0.0,1.9,-0.0,244.0
2025-05-27 13:27:43.667,1.7,7.8,0.0,0.3,00:00:00,0.0,1.9,-0.0,244.0
2025-05-27 13:27:44.658,1.7,7.8,0.0,0.3,00:00:00,0.0,1.9,-0.0,244.0
2025-05-27 13:27:45.659,1.7,7.8,0.0,0.3,00:00:00,0.0,1.9,-0.0,244.0
2025-05-27 13:27:46.658,1.7,7.8,0.0,0.3,00:00:00,0.0,1.9,-0.0,244.0
2025-05-27 13:27:47.659,1.7,7.8,0.0,0.3,00:00:00,0.0,1.9,-0.0,244.0
2025-05-27 13:27:48.664,1.7,7.8,0.0,0.3,00:00:00,0.0,1.9,-0.0,244.0
2025-05-27 13:27:49.662,1.7,7.8,0.0,0.3,00:00:00,0.0,1.9,-0.0,244.0
2025-05-27 13:27:50.656,1.7,7.8,0.0,0.3,00:00:00,0.0,1.9,-0.0,244.0
2025-05-27 13:27:51.657,1.7,7.8,0.0,0.3,00:00:00,0.0,1.9,-0.0,244.0
2025-05-27 13:27:52.657,1.7,7.8,0.0,0.3,00:00:00,0.0,1.9,-0.0,244.0
2025-05-27 13:27:53.661,1.7,7.8,0.0,0.3,00:00:00,0.0,1.9,-0.0,244.0
2025-05-27 13:27:54.658,1.7,7.8,0.0,0.3,00:00:00,0.0,1.9,-0.0,244.0
2025-05-27 13:27:55.658,1.7,7.8,0.0,0.3,00:00:00,0.0,1.9,-0.0,244.0
2025-05-27 13:27:56.660,1.7,7.8,0.0,0.3,00:00:00,0.0,1.9,-0.0,244.0
2025-05-27 13:27:57.660,1.7,7.8,0.0,0.3,00:00:00,0.0,1.9,-0.0,244.0
2025-05-27 13:27:58.661,1.7,7.8,0.0,0.3,00:00:00,0.0,1.9,-0.0,244.0
2025-05-27 13:27:59.661,1.7,7.8,0.0,0.3,00:00:00,0.0,1.9,-0.0,244.0
2025-05-27 13:28:00.659,1.7,7.8,0.0,0.3,00:00:00,0.0,1.9,-0.0,244.0
2025-05-27 13:28:01.658,1.7,7.8,0.0,0.3,00:00:00,0.0,1.9,-0.0,244.0
2025-05-27 13:28:02.659,1.7,7.8,0.0,0.3,00:00:00,0.0,1.9,-0.0,244.0
2025-05-27 13:28:03.660,1.7,7.8,0.0,0.3,00:00:00,0.0,1.9,-0.0,244.0
2025-05-27 13:28:04.661,1.7,7.8,0.0,0.3,00:00:00,0.0,1.9,-0.0,244.0
2025-05-27 13:28:05.659,1.7,7.8,0.0,0.3,00:00:00,0.0,1.9,-0.0,244.0
2025-05-27 13:28:06.658,1.7,7.8,0.0,0.3,00:00:00,0.0,1.9,-0.0,244.0
2025-05-27 13:28:07.661,1.7,7.8,0.0,0.3,00:00:00,0.0,1.9,-0.0,244.0
2025-05-27 13:28:08.661,1.7,7.8,0.0,0.3,00:00:00,0.0,1.9,-0.0,244.0
2025-05-27 13:28:09.661,1.7,7.8,0.0,0.3,00:00:00,0.0,1.9,-0.0,244.0
2025-05-27 13:28:10.656,1.7,7.8,0.0,0.3,00:00:00,0.0,1.9,-0.0,244.0
2025-05-27 13:28:11.659,1.7,7.8,0.0,0.3,00:00:00,0.0,1.9,-0.0,244.0
2025-05-27 13:28:12.658,1.7,7.8,0.0,0.3,00:00:00,0.0,1.9,-0.0,244.0
2025-05-27 13:28:13.657,1.7,7.8,0.0,0.3,00:00:00,0.0,1.9,-0.0,244.0
2025-05-27 13:28:14.657,1.7,7.8,0.0,0.3,00:00:00,0.0,1.9,-0.0,244.0
2025-05-27 13:28:15.659,1.7,7.8,0.0,0.3,00:00:00,0.0,1.9,-0.0,244.0
2025-05-27 13:28:16.659,1.7,7.8,0.0,0.3,00:00:00,0.0,1.9,-0.0,244.0
2025-05-27 13:28:17.657,1.7,7.8,0.0,0.3,00:00:00,0.0,1.9,-0.0,244.0
2025-05-27 13:28:18.660,1.7,7.8,0.0,0.3,00:00:00,0.0,1.9,-0.0,244.0
2025-05-27 13:28:19.659,1.7,7.8,0.0,0.3,00:00:00,0.0,1.9,-0.0,244.0
2025-05-27 13:28:20.659,1.7,7.8,0.0,0.3,00:00:00,0.0,1.9,-0.0,244.0
2025-05-27 13:28:21.657,1.7,7.8,0.0,0.3,00:00:00,0.0,1.9,-0.0,244.0
2025-05-27 13:28:22.656,1.7,7.8,0.0,0.3,00:00:00,0.0,1.9,-0.0,244.0
2025-05-27 13:28:23.657,1.7,7.8,0.0,0.3,00:00:00,0.0,1.9,-0.0,244.0
2025-05-27 13:28:24.660,1.7,7.8,0.0,0.3,00:00:00,0.0,1.9,-0.0,244.0
2025-05-27 13:28:25.659,1.7,7.8,0.0,0.3,00:00:00,0.0,1.9,-0.0,244.0
2025-05-27 13:28:26.659,1.7,7.8,0.0,0.3,00:00:00,0.0,1.9,-0.0,244.0
2025-05-27 13:28:27.661,1.7,7.8,0.0,0.3,00:00:00,0.0,1.9,-0.0,244.0
2025-05-27 13:28:28.660,1.7,7.8,0.0,0.3,00:00:00,0.0,1.9,-0.0,244.0
2025-05-27 13:28:29.657,1.7,7.8,0.0,0.3,00:00:00,0.0,1.9,-0.0,244.0
2025-05-27 13:28:30.659,1.7,7.8,0.0,0.3,00:00:00,0.0,1.9,-0.0,244.0
2025-05-27 13:28:31.659,1.7,7.8,0.0,0.3,00:00:00,0.0,1.9,-0.0,244.0
2025-05-27 13:28:32.661,1.7,7.8,0.0,0.3,00:00:00,0.0,1.9,-0.0,244.0
2025-05-27 13:28:33.659,1.7,7.8,0.0,0.3,00:00:00,0.0,1.9,-0.0,244.0
2025-05-27 13:28:34.658,1.7,7.8,0.0,0.3,00:00:00,0.0,1.9,-0.0,244.0
2025-05-27 13:28:35.659,1.7,7.8,0.0,0.3,00:00:00,0.0,1.9,-0.0,244.0
2025-05-27 13:28:36.659,1.7,7.8,0.0,0.3,00:00:00,0.0,1.9,-0.0,244.0
2025-05-27 13:28:37.658,1.7,7.8,0.0,0.3,00:00:00,0.0,1.9,-0.0,244.0
2025-05-27 13:28:38.657,1.7,7.8,0.0,0.3,00:00:00,0.0,1.9,-0.0,244.0
2025-05-27 13:28:39.657,1.7,7.8,0.0,0.3,00:00:00,0.0,1.9,-0.0,244.0
2025-05-27 13:28:40.657,1.7,7.8,0.0,0.3,00:00:00,0.0,1.9,-0.0,244.0
2025-05-27 13:28:41.657,1.7,7.8,0.0,0.3,00:00:00,0.0,1.9,-0.0,244.0
2025-05-27 13:28:42.659,1.7,7.8,0.0,0.3,00:00:00,0.0,1.9,-0.0,244.0
2025-05-27 13:28:43.661,1.7,7.8,0.0,0.3,00:00:00,0.0,1.9,-0.0,244.0
2025-05-27 13:28:44.660,1.7,7.8,0.0,0.3,00:00:00,0.0,1.9,-0.0,244.0
2025-05-27 13:28:45.659,1.7,7.8,0.0,0.3,00:00:00,0.0,1.9,-0.0,244.0
2025-05-27 13:28:46.657,1.7,7.8,0.0,0.3,00:00:00,0.0,1.9,-0.0,244.0
2025-05-27 13:28:47.659,1.7,7.8,0.0,0.3,00:00:00,0.0,1.9,-0.0,244.0
2025-05-27 13:28:48.657,1.7,7.8,0.0,0.3,00:00:00,0.0,1.9,-0.0,244.0
2025-05-27 13:28:49.658,1.7,7.8,0.0,0.3,00:00:00,0.0,1.9,-0.0,244.0
2025-05-27 13:28:50.659,1.7,7.8,0.0,0.3,00:00:00,0.0,1.9,-0.0,244.0
2025-05-27 13:28:51.659,1.7,7.8,0.0,0.3,00:00:00,0.0,1.9,-0.0,244.0
2025-05-27 13:28:52.657,1.7,7.8,0.0,0.3,00:00:00,0.0,1.9,-0.0,244.0
2025-05-27 13:28:53.658,1.7,7.8,0.0,0.3,00:00:00,0.0,1.9,-0.0,244.0
2025-05-27 13:28:54.657,1.7,7.8,0.0,0.3,00:00:00,0.0,1.9,-0.0,244.0
2025-05-27 13:28:55.657,1.7,7.8,0.0,0.3,00:00:00,0.0,1.9,-0.0,244.0
2025-05-27 13:28:56.658,1.7,7.8,0.0,0.3,00:00:00,0.0,1.9,-0.0,244.0
2025-05-27 13:28:57.658,1.7,7.8,0.0,0.3,00:00:00,0.0,1.9,-0.0,244.0
2025-05-27 13:28:58.658,1.7,7.8,0.0,0.3,00:00:00,0.0,1.9,-0.0,244.0
2025-05-27 13:28:59.659,1.7,7.8,0.0,0.3,00:00:00,0.0,1.9,-0.0,244.0
2025-05-27 13:29:00.658,1.7,7.8,0.0,0.3,00:00:00,0.0,1.9,-0.0,244.0
2025-05-27 13:29:01.660,1.7,7.8,0.0,0.3,00:00:00,0.0,1.9,-0.0,244.0
2025-05-27 13:29:02.658,1.7,7.8,0.0,0.3,00:00:00,0.0,1.9,-0.0,244.0
2025-05-27 13:29:03.658,1.7,7.8,0.0,0.3,00:00:00,0.0,1.9,-0.0,244.0
2025-05-27 13:29:04.657,1.7,7.8,0.0,0.3,00:00:00,0.0,1.9,-0.0,244.0
2025-05-27 13:29:05.657,1.7,7.8,0.0,0.3,00:00:00,0.0,1.9,-0.0,244.0
2025-05-27 13:29:06.657,1.7,7.8,0.0,0.3,00:00:00,0.0,1.9,-0.0,244.0
2025-05-27 13:29:07.658,1.7,7.8,0.0,0.3,00:00:00,0.0,1.9,-0.0,244.0
2025-05-27 13:29:08.659,1.7,7.8,0.0,0.3,00:00:00,0.0,1.9,-0.0,244.0
2025-05-27 13:29:09.658,1.7,7.8,0.0,0.3,00:00:00,0.0,1.9,-0.0,244.0
2025-05-27 13:29:10.658,1.7,7.8,0.0,0.3,00:00:00,0.0,1.9,-0.0,244.0
2025-05-27 13:29:11.657,1.7,7.8,0.0,0.3,00:00:00,0.0,1.9,-0.0,244.0
2025-05-27 13:29:12.658,1.7,7.8,0.0,0.3,00:00:00,0.0,1.9,-0.0,244.0
2025-05-27 13:29:13.656,1.7,7.8,0.0,0.3,00:00:00,0.0,1.9,-0.0,244.0
2025-05-27 13:29:14.661,1.7,7.8,0.0,0.3,00:00:00,0.0,1.9,-0.0,244.0
2025-05-27 13:29:15.656,1.7,7.8,0.0,0.3,00:00:00,0.0,1.9,-0.0,244.0
2025-05-27 13:29:16.658,1.7,7.8,0.0,0.3,00:00:00,0.0,1.9,-0.0,244.0
2025-05-27 13:29:17.660,1.7,7.8,0.0,0.3,00:00:00,0.0,1.9,-0.0,244.0
2025-05-27 13:29:18.660,1.7,7.8,0.0,0.3,00:00:00,0.0,1.9,-0.0,244.0
2025-05-27 13:29:19.658,1.7,7.8,0.0,0.3,00:00:00,0.0,1.9,-0.0,244.0
2025-05-27 13:29:20.658,1.7,7.8,0.0,0.3,00:00:00,0.0,1.9,-0.0,244.0
2025-05-27 13:29:21.660,1.7,7.8,0.0,0.3,00:00:00,0.0,1.9,-0.0,244.0
2025-05-27 13:29:22.657,1.7,7.8,0.0,0.3,00:00:00,0.0,1.9,-0.0,244.0
2025-05-27 13:29:23.658,1.7,7.8,0.0,0.3,00:00:00,0.0,1.9,-0.0,244.0
2025-05-27 13:29:24.659,1.7,7.8,0.0,0.3,00:00:00,0.0,1.9,-0.0,244.0
2025-05-27 13:29:25.658,1.7,7.8,0.0,0.3,00:00:00,0.0,1.9,-0.0,244.0
2025-05-27 13:29:26.658,1.7,7.8,0.0,0.3,00:00:00,0.0,1.9,-0.0,244.0
2025-05-27 13:29:27.657,1.7,7.8,0.0,0.3,00:00:00,0.0,1.9,-0.0,244.0
2025-05-27 13:29:28.656,1.7,7.8,0.0,0.3,00:00:00,0.0,1.9,-0.0,244.0
2025-05-27 13:29:29.659,1.7,7.8,0.0,0.3,00:00:00,0.0,1.9,-0.0,244.0
2025-05-27 13:29:30.660,1.7,7.8,0.0,0.3,00:00:00,0.0,1.9,-0.0,244.0
2025-05-27 13:29:31.661,1.7,7.8,0.0,0.3,00:00:00,0.0,1.9,-0.0,244.0
2025-05-27 13:29:32.661,1.7,7.8,0.0,0.3,00:00:00,0.0,1.9,-0.0,244.0
2025-05-27 13:29:33.656,1.7,7.8,0.0,0.3,00:00:00,0.0,1.9,-0.0,244.0
2025-05-27 13:29:34.660,1.7,7.8,0.0,0.3,00:00:00,0.0,1.9,-0.0,244.0
2025-05-27 13:29:35.657,1.7,7.8,0.0,0.3,00:00:00,0.0,1.9,-0.0,244.0
2025-05-27 13:29:36.659,1.7,7.8,0.0,0.3,00:00:00,0.0,1.9,-0.0,244.0
2025-05-27 13:29:37.659,1.7,7.8,0.0,0.3,00:00:00,0.0,1.9,-0.0,244.0
2025-05-27 13:29:38.658,1.7,7.8,0.0,0.3,00:00:00,0.0,1.9,-0.0,244.0
2025-05-27 13:29:39.658,1.7,7.8,0.0,0.3,00:00:00,0.0,1.9,-0.0,244.0
2025-05-27 13:29:40.660,1.7,7.8,0.0,0.3,00:00:00,0.0,1.9,-0.0,244.0
2025-05-27 13:29:41.660,1.7,7.8,0.0,0.3,00:00:00,0.0,1.9,-0.0,244.0
2025-05-27 13:29:42.658,1.7,7.8,0.0,0.3,00:00:00,0.0,1.9,-0.0,244.0
2025-05-27 13:29:43.659,1.7,7.8,0.0,0.3,00:00:00,0.0,1.9,-0.0,244.0
2025-05-27 13:29:44.659,1.7,7.8,0.0,0.3,00:00:00,0.0,1.9,-0.0,244.0
2025-05-27 13:29:45.660,1.7,7.8,0.0,0.3,00:00:00,0.0,1.9,-0.0,244.0
2025-05-27 13:29:46.658,1.7,7.8,0.0,0.3,00:00:00,0.0,1.9,-0.0,244.0
2025-05-27 13:29:47.658,1.7,7.8,0.0,0.3,00:00:00,0.0,1.9,-0.0,244.0
2025-05-27 13:29:48.656,1.7,7.8,0.0,0.3,00:00:00,0.0,1.9,-0.0,244.0
2025-05-27 13:29:49.659,1.7,7.8,0.0,0.3,00:00:00,0.0,1.9,-0.0,244.0
2025-05-27 13:29:50.659,1.7,7.8,0.0,0.3,00:00:00,0.0,1.9,-0.0,244.0
2025-05-27 13:29:51.659,1.7,7.8,0.0,0.3,00:00:00,0.0,1.9,-0.0,244.0
2025-05-27 13:29:52.659,1.7,7.8,0.0,0.3,00:00:00,0.0,1.9,-0.0,244.0
2025-05-27 13:29:53.656,1.7,7.8,0.0,0.3,00:00:00,0.0,1.9,-0.0,244.0
2025-05-27 13:29:54.659,1.7,7.8,0.0,0.3,00:00:00,0.0,1.9,-0.0,244.0
2025-05-27 13:29:55.659,1.7,7.8,0.0,0.3,00:00:00,0.0,1.9,-0.0,244.0
2025-05-27 13:29:56.657,1.7,7.8,0.0,0.3,00:00:00,0.0,1.9,-0.0,244.0
2025-05-27 13:29:57.659,1.7,7.8,0.0,0.3,00:00:00,0.0,1.9,-0.0,244.0
2025-05-27 13:29:58.659,1.7,7.8,0.0,0.3,00:00:00,0.0,1.9,-0.0,244.0
2025-05-27 13:29:59.659,1.7,7.8,0.0,0.3,00:00:00,0.0,1.9,-0.0,244.0
2025-05-27 13:30:00.660,1.7,7.8,0.0,0.3,00:00:00,0.0,1.9,-0.0,244.0
2025-05-27 13:30:01.660,1.7,7.8,0.0,0.3,00:00:00,0.0,1.9,-0.0,244.0
2025-05-27 13:30:02.666,1.7,7.8,0.0,0.3,00:00:00,0.0,1.9,-0.0,244.0
2025-05-27 13:30:03.660,1.7,7.8,0.0,0.3,00:00:00,0.0,1.9,-0.0,244.0
2025-05-27 13:30:04.661,1.7,7.8,0.0,0.3,00:00:00,0.0,1.9,-0.0,244.0
2025-05-27 13:30:05.660,1.7,7.8,0.0,0.3,00:00:00,0.0,1.9,-0.0,244.0
2025-05-27 13:30:06.657,1.7,7.8,0.0,0.3,00:00:00,0.0,1.9,-0.0,244.0
2025-05-27 13:30:07.657,1.7,7.8,0.0,0.3,00:00:00,0.0,1.9,-0.0,244.0
2025-05-27 13:30:08.658,1.7,7.8,0.0,0.3,00:00:00,0.0,1.9,-0.0,244.0
2025-05-27 13:30:09.661,1.7,7.8,0.0,0.3,00:00:00,0.0,1.9,-0.0,244.0
2025-05-27 13:30:10.659,1.7,7.8,0.0,0.3,00:00:00,0.0,1.9,-0.0,244.0
2025-05-27 13:30:11.658,1.7,7.8,0.0,0.3,00:00:00,0.0,1.9,-0.0,244.0
2025-05-27 13:30:12.663,1.7,7.8,0.0,0.3,00:00:00,0.0,1.9,-0.0,244.0
2025-05-27 13:30:13.658,1.7,7.8,0.0,0.3,00:00:00,0.0,1.9,-0.0,244.0
2025-05-27 13:30:14.669,1.7,7.8,0.0,0.3,00:00:00,0.0,1.9,-0.0,244.0
2025-05-27 13:30:15.661,1.7,7.8,0.0,0.3,00:00:00,0.0,1.9,-0.0,244.0
2025-05-27 13:30:16.659,1.7,7.8,0.0,0.3,00:00:00,0.0,1.9,-0.0,244.0
2025-05-27 13:30:17.660,1.7,7.8,0.0,0.3,00:00:00,0.0,1.9,-0.0,244.0
2025-05-27 13:30:18.658,1.7,7.8,0.0,0.3,00:00:00,0.0,1.9,-0.0,244.0
2025-05-27 13:30:19.660,1.7,7.8,0.0,0.3,00:00:00,0.0,1.9,-0.0,244.0
2025-05-27 13:30:20.658,1.7,7.8,0.0,0.3,00:00:00,0.0,1.9,-0.0,244.0
2025-05-27 13:30:21.661,1.7,7.8,0.0,0.3,00:00:00,0.0,1.9,-0.0,244.0
2025-05-27 13:30:22.661,1.7,7.8,0.0,0.3,00:00:00,0.0,1.9,-0.0,244.0
2025-05-27 13:30:23.660,1.7,7.8,0.0,0.3,00:00:00,0.0,1.9,-0.0,244.0
2025-05-27 13:30:24.660,1.7,7.8,0.0,0.3,00:00:00,0.0,1.9,-0.0,244.0
2025-05-27 13:30:25.658,1.7,7.8,0.0,0.3,00:00:00,0.0,1.9,-0.0,244.0
2025-05-27 13:30:26.657,1.7,7.8,0.0,0.3,00:00:00,0.0,1.9,-0.0,244.0
2025-05-27 13:30:27.658,1.7,7.8,0.0,0.3,00:00:00,0.0,1.9,-0.0,244.0
2025-05-27 13:30:28.658,1.7,7.8,0.0,0.3,00:00:00,0.0,1.9,-0.0,244.0
2025-05-27 13:30:29.660,1.7,7.8,0.0,0.3,00:00:00,0.0,1.9,-0.0,244.0
2025-05-27 13:30:30.658,1.7,7.8,0.0,0.3,00:00:00,0.0,1.9,-0.0,244.0
2025-05-27 13:30:31.660,1.7,7.8,0.0,0.3,00:00:00,0.0,1.9,-0.0,244.0
2025-05-27 13:30:32.657,1.7,7.8,0.0,0.3,00:00:00,0.0,1.9,-0.0,244.0
2025-05-27 13:30:33.659,1.7,7.8,0.0,0.3,00:00:00,0.0,1.9,-0.0,244.0
2025-05-27 13:30:34.660,1.7,7.8,0.0,0.3,00:00:00,0.0,1.9,-0.0,244.0
2025-05-27 13:30:35.660,1.7,7.8,0.0,0.3,00:00:00,0.0,1.9,-0.0,244.0
2025-05-27 13:30:36.658,1.7,7.8,0.0,0.3,00:00:00,0.0,1.9,-0.0,244.0
2025-05-27 13:30:37.659,1.7,7.8,0.0,0.3,00:00:00,0.0,1.9,-0.0,244.0
2025-05-27 13:30:38.657,1.7,7.8,0.0,0.3,00:00:00,0.0,1.9,-0.0,244.0
2025-05-27 13:30:39.657,1.7,7.8,0.0,0.3,00:00:00,0.0,1.9,-0.0,244.0
2025-05-27 13:30:40.657,1.7,7.8,0.0,0.3,00:00:00,0.0,1.9,-0.0,244.0
2025-05-27 13:30:41.660,1.7,7.8,0.0,0.3,00:00:00,0.0,1.9,-0.0,244.0
2025-05-27 13:30:42.657,1.7,7.8,0.0,0.3,00:00:00,0.0,1.9,-0.0,244.0
2025-05-27 13:30:43.658,1.7,7.8,0.0,0.3,00:00:00,0.0,1.9,-0.0,244.0
2025-05-27 13:30:44.659,1.7,7.8,0.0,0.3,00:00:00,0.0,1.9,-0.0,244.0
2025-05-27 13:30:45.659,1.7,7.8,0.0,0.3,00:00:00,0.0,1.9,-0.0,244.0
2025-05-27 13:30:46.657,1.7,7.8,0.0,0.3,00:00:00,0.0,1.9,-0.0,244.0
2025-05-27 13:30:47.660,1.7,7.8,0.0,0.3,00:00:00,0.0,1.9,-0.0,244.0
2025-05-27 13:30:48.658,1.7,7.8,0.0,0.3,00:00:00,0.0,1.9,-0.0,244.0
2025-05-27 13:30:49.656,1.7,7.8,0.0,0.3,00:00:00,0.0,1.9,-0.0,244.0
2025-05-27 13:30:50.656,1.7,7.8,0.0,0.3,00:00:00,0.0,1.9,-0.0,244.0
2025-05-27 13:30:51.658,1.7,7.8,0.0,0.3,00:00:00,0.0,1.9,-0.0,244.0
2025-05-27 13:30:52.660,1.7,7.8,0.0,0.3,00:00:00,0.0,1.9,-0.0,244.0
2025-05-27 13:30:53.657,1.7,7.8,0.0,0.3,00:00:00,0.0,1.9,-0.0,244.0
2025-05-27 13:30:54.658,1.7,7.8,0.0,0.3,00:00:00,0.0,1.9,-0.0,244.0
2025-05-27 13:30:55.658,1.7,7.8,0.0,0.3,00:00:00,0.0,1.9,-0.0,244.0
2025-05-27 13:30:56.660,1.7,7.8,0.0,0.3,00:00:00,0.0,1.9,-0.0,244.0
2025-05-27 13:30:57.657,1.7,7.8,0.0,0.3,00:00:00,0.0,1.9,-0.0,244.0
2025-05-27 13:30:58.660,1.7,7.8,0.0,0.3,00:00:00,0.0,1.9,-0.0,244.0
2025-05-27 13:30:59.656,1.7,7.8,0.0,0.3,00:00:00,0.0,1.9,-0.0,244.0
2025-05-27 13:31:00.658,1.7,7.8,0.0,0.3,00:00:00,0.0,1.9,-0.0,244.0
2025-05-27 13:31:01.658,1.7,7.8,0.0,0.3,00:00:00,0.0,1.9,-0.0,244.0
2025-05-27 13:31:02.657,1.7,7.8,0.0,0.3,00:00:00,0.0,1.9,-0.0,244.0
2025-05-27 13:31:03.658,1.7,7.8,0.0,0.3,00:00:00,0.0,1.9,-0.0,244.0
2025-05-27 13:31:04.660,1.7,7.8,0.0,0.3,00:00:00,0.0,1.9,-0.0,244.0
2025-05-27 13:31:05.660,1.7,7.8,0.0,0.3,00:00:00,0.0,1.9,-0.0,244.0
2025-05-27 13:31:06.657,1.7,7.8,0.0,0.3,00:00:00,0.0,1.9,-0.0,244.0
2025-05-27 13:31:07.657,1.7,7.8,0.0,0.3,00:00:00,0.0,1.9,-0.0,244.0
2025-05-27 13:31:08.659,1.7,7.8,0.0,0.3,00:00:00,0.0,1.9,-0.0,244.0
2025-05-27 13:31:09.658,1.7,7.8,0.0,0.3,00:00:00,0.0,1.9,-0.0,244.0
2025-05-27 13:31:10.657,1.7,7.8,0.0,0.3,00:00:00,0.0,1.9,-0.0,244.0
2025-05-27 13:31:11.659,1.7,7.8,0.0,0.3,00:00:00,0.0,1.9,-0.0,244.0
2025-05-27 13:31:12.657,1.7,7.8,0.0,0.3,00:00:00,0.0,1.9,-0.0,244.0
2025-05-27 13:31:13.659,1.7,7.8,0.0,0.3,00:00:00,0.0,1.9,-0.0,244.0
2025-05-27 13:31:14.660,1.7,7.8,0.0,0.3,00:00:00,0.0,1.9,-0.0,244.0
2025-05-27 13:31:15.658,1.7,7.8,0.0,0.3,00:00:00,0.0,1.9,-0.0,244.0
2025-05-27 13:31:16.658,1.7,7.8,0.0,0.3,00:00:00,0.0,1.9,-0.0,244.0
2025-05-27 13:31:17.660,1.7,7.8,0.0,0.3,00:00:00,0.0,1.9,-0.0,244.0
2025-05-27 13:31:18.657,1.7,7.8,0.0,0.3,00:00:00,0.0,1.9,-0.0,244.0
2025-05-27 13:31:19.661,1.7,7.8,0.0,0.3,00:00:00,0.0,1.9,-0.0,244.0
2025-05-27 13:31:20.660,1.7,7.8,0.0,0.3,00:00:00,0.0,1.9,-0.0,244.0
2025-05-27 13:31:21.663,1.7,7.8,0.0,0.3,00:00:00,0.0,1.9,-0.0,244.0
2025-05-27 13:31:22.661,1.7,7.8,0.0,0.3,00:00:00,0.0,1.9,-0.0,244.0
2025-05-27 13:31:23.656,1.7,7.8,0.0,0.3,00:00:00,0.0,1.9,-0.0,244.0
2025-05-27 13:31:24.659,1.7,7.8,0.0,0.3,00:00:00,0.0,1.9,-0.0,244.0
2025-05-27 13:31:25.659,1.7,7.8,0.0,0.3,00:00:00,0.0,1.9,-0.0,244.0
2025-05-27 13:31:26.658,1.7,7.8,0.0,0.3,00:00:00,0.0,1.9,-0.0,244.0
2025-05-27 13:31:27.657,1.7,7.8,0.0,0.3,00:00:00,0.0,1.9,-0.0,244.0
2025-05-27 13:31:28.660,1.7,7.8,0.0,0.3,00:00:00,0.0,1.9,-0.0,244.0
2025-05-27 13:31:29.657,1.7,7.8,0.0,0.3,00:00:00,0.0,1.9,-0.0,244.0
2025-05-27 13:31:30.660,1.7,7.8,0.0,0.3,00:00:00,0.0,1.9,-0.0,244.0
2025-05-27 13:31:31.656,1.7,7.8,0.0,0.3,00:00:00,0.0,1.9,-0.0,244.0
2025-05-27 13:31:32.657,1.7,7.8,0.0,0.3,00:00:00,0.0,1.9,-0.0,244.0
2025-05-27 13:31:33.660,1.7,7.8,0.0,0.3,00:00:00,0.0,1.9,-0.0,244.0
2025-05-27 13:31:34.657,1.7,7.8,0.0,0.3,00:00:00,0.0,1.9,-0.0,244.0
2025-05-27 13:31:35.659,1.7,7.8,0.0,0.3,00:00:00,0.0,1.9,-0.0,244.0
2025-05-27 13:31:36.656,1.7,7.8,0.0,0.3,00:00:00,0.0,1.9,-0.0,244.0
2025-05-27 13:31:37.659,1.7,7.8,0.0,0.3,00:00:00,0.0,1.9,-0.0,244.0
2025-05-27 13:31:38.660,1.7,7.8,0.0,0.3,00:00:00,0.0,1.9,-0.0,244.0
2025-05-27 13:31:39.659,1.7,7.8,0.0,0.3,00:00:00,0.0,1.9,-0.0,244.0
2025-05-27 13:31:40.661,1.7,7.8,0.0,0.3,00:00:00,0.0,1.9,-0.0,244.0
2025-05-27 13:31:41.659,1.7,7.8,0.0,0.3,00:00:00,0.0,1.9,-0.0,244.0
2025-05-27 13:31:42.663,1.7,7.8,0.0,0.3,00:00:00,0.0,1.9,-0.0,244.0
2025-05-27 13:31:43.664,1.7,7.8,0.0,0.3,00:00:00,0.0,1.9,-0.0,244.0
2025-05-27 13:31:44.658,1.7,7.8,0.0,0.3,00:00:00,0.0,1.9,-0.0,244.0
2025-05-27 13:31:45.660,1.7,7.8,0.0,0.3,00:00:00,0.0,1.9,-0.0,244.0
2025-05-27 13:31:46.660,1.7,7.8,0.0,0.3,00:00:00,0.0,1.9,-0.0,244.0
2025-05-27 13:31:47.660,1.7,7.8,0.0,0.3,00:00:00,0.0,1.9,-0.0,244.0
2025-05-27 13:31:48.658,1.7,7.8,0.0,0.3,00:00:00,0.0,1.9,-0.0,244.0
2025-05-27 13:31:49.658,1.7,7.8,0.0,0.3,00:00:00,0.0,1.9,-0.0,244.0
2025-05-27 13:31:50.658,1.7,7.8,0.0,0.3,00:00:00,0.0,1.9,-0.0,244.0
2025-05-27 13:31:51.657,1.7,7.8,0.0,0.3,00:00:00,0.0,1.9,-0.0,244.0
2025-05-27 13:31:52.658,1.7,7.8,0.0,0.3,00:00:00,0.0,1.9,-0.0,244.0
2025-05-27 13:31:53.660,1.7,7.8,0.0,0.3,00:00:00,0.0,1.9,-0.0,244.0
2025-05-27 13:31:54.658,1.7,7.8,0.0,0.3,00:00:00,0.0,1.9,-0.0,244.0
2025-05-27 13:31:55.659,1.7,7.8,0.0,0.3,00:00:00,0.0,1.9,-0.0,244.0
2025-05-27 13:31:56.658,1.7,7.8,0.0,0.3,00:00:00,0.0,1.9,-0.0,244.0
2025-05-27 13:31:57.659,1.7,7.8,0.0,0.3,00:00:00,0.0,1.9,-0.0,244.0
2025-05-27 13:31:58.658,1.7,7.8,0.0,0.3,00:00:00,0.0,1.9,-0.0,244.0
2025-05-27 13:31:59.658,1.7,7.8,0.0,0.3,00:00:00,0.0,1.9,-0.0,244.0
2025-05-27 13:32:00.658,1.7,7.8,0.0,0.3,00:00:00,0.0,1.9,-0.0,244.0
2025-05-27 13:32:01.660,1.7,7.8,0.0,0.3,00:00:00,0.0,1.9,-0.0,244.0
2025-05-27 13:32:02.660,1.7,7.8,0.0,0.3,00:00:00,0.0,1.9,-0.0,244.0
2025-05-27 13:32:03.657,1.7,7.8,0.0,0.3,00:00:00,0.0,1.9,-0.0,244.0
2025-05-27 13:32:04.659,1.7,7.8,0.0,0.3,00:00:00,0.0,1.9,-0.0,244.0
2025-05-27 13:32:05.658,1.7,7.8,0.0,0.3,00:00:00,0.0,1.9,-0.0,244.0
2025-05-27 13:32:06.657,1.7,7.8,0.0,0.3,00:00:00,0.0,1.9,-0.0,244.0
2025-05-27 13:32:07.661,1.7,7.8,0.0,0.3,00:00:00,0.0,1.9,-0.0,244.0
2025-05-27 13:32:08.659,1.7,7.8,0.0,0.3,00:00:00,0.0,1.9,-0.0,244.0
2025-05-27 13:32:09.660,1.7,7.8,0.0,0.3,00:00:00,0.0,1.9,-0.0,244.0
2025-05-27 13:32:10.659,1.7,7.8,0.0,0.3,00:00:00,0.0,1.9,-0.0,244.0
2025-05-27 13:32:11.659,1.7,7.8,0.0,0.3,00:00:00,0.0,1.9,-0.0,244.0
2025-05-27 13:32:12.657,1.7,7.8,0.0,0.3,00:00:00,0.0,1.9,-0.0,244.0
2025-05-27 13:32:13.656,1.7,7.8,0.0,0.3,00:00:00,0.0,1.9,-0.0,244.0
2025-05-27 13:32:14.658,1.7,7.8,0.0,0.3,00:00:00,0.0,1.9,-0.0,244.0
2025-05-27 13:32:15.659,1.7,7.8,0.0,0.3,00:00:00,0.0,1.9,-0.0,244.0
2025-05-27 13:32:16.656,1.7,7.8,0.0,0.3,00:00:00,0.0,1.9,-0.0,244.0
2025-05-27 13:32:17.656,1.7,7.8,0.0,0.3,00:00:00,0.0,1.9,-0.0,244.0
2025-05-27 13:32:18.658,1.7,7.8,0.0,0.3,00:00:00,0.0,1.9,-0.0,244.0
2025-05-27 13:32:19.661,1.7,7.8,0.0,0.3,00:00:00,0.0,1.9,-0.0,244.0
2025-05-27 13:32:20.656,1.7,7.8,0.0,0.3,00:00:00,0.0,1.9,-0.0,244.0
2025-05-27 13:32:21.657,1.7,7.8,0.0,0.3,00:00:00,0.0,1.9,-0.0,244.0
2025-05-27 13:32:22.656,1.7,7.8,0.0,0.3,00:00:00,0.0,1.9,-0.0,244.0
2025-05-27 13:32:23.657,1.7,7.8,0.0,0.3,00:00:00,0.0,1.9,-0.0,244.0
2025-05-27 13:32:24.657,1.7,7.8,0.0,0.3,00:00:00,0.0,1.9,-0.0,244.0
2025-05-27 13:32:25.659,1.7,7.8,0.0,0.3,00:00:00,0.0,1.9,-0.0,244.0
2025-05-27 13:32:26.656,1.7,7.8,0.0,0.3,00:00:00,0.0,1.9,-0.0,244.0
2025-05-27 13:32:27.658,1.7,7.8,0.0,0.3,00:00:00,0.0,1.9,-0.0,244.0
2025-05-27 13:32:28.657,1.7,7.8,0.0,0.3,00:00:00,0.0,1.9,-0.0,244.0
2025-05-27 13:32:29.656,1.7,7.8,0.0,0.3,00:00:00,0.0,1.9,-0.0,244.0
2025-05-27 13:32:30.658,1.7,7.8,0.0,0.3,00:00:00,0.0,1.9,-0.0,244.0
2025-05-27 13:32:31.658,1.7,7.8,0.0,0.3,00:00:00,0.0,1.9,-0.0,244.0
2025-05-27 13:32:32.659,1.7,7.8,0.0,0.3,00:00:00,0.0,1.9,-0.0,244.0
2025-05-27 13:32:33.659,1.7,7.8,0.0,0.3,00:00:00,0.0,1.9,-0.0,244.0
2025-05-27 13:32:34.660,1.7,7.8,0.0,0.3,00:00:00,0.0,1.9,-0.0,244.0
2025-05-27 13:32:35.658,1.7,7.8,0.0,0.3,00:00:00,0.0,1.9,-0.0,244.0
2025-05-27 13:32:36.657,1.7,7.8,0.0,0.3,00:00:00,0.0,1.9,-0.0,244.0
2025-05-27 13:32:37.661,1.7,7.8,0.0,0.3,00:00:00,0.0,1.9,-0.0,244.0
2025-05-27 13:32:38.658,1.7,7.8,0.0,0.3,00:00:00,0.0,1.9,-0.0,244.0
2025-05-27 13:32:39.658,1.7,7.8,0.0,0.3,00:00:00,0.0,1.9,-0.0,244.0
2025-05-27 13:32:40.656,1.7,7.8,0.0,0.3,00:00:00,0.0,1.9,-0.0,244.0
2025-05-27 13:32:41.657,1.7,7.8,0.0,0.3,00:00:00,0.0,1.9,-0.0,244.0
2025-05-27 13:32:42.657,1.7,7.8,0.0,0.3,00:00:00,0.0,1.9,-0.0,244.0
2025-05-27 13:32:43.657,1.7,7.8,0.0,0.3,00:00:00,0.0,1.9,-0.0,244.0
2025-05-27 13:32:44.660,1.7,7.8,0.0,0.3,00:00:00,0.0,1.9,-0.0,244.0
2025-05-27 13:32:45.660,1.7,7.8,0.0,0.3,00:00:00,0.0,1.9,-0.0,244.0
2025-05-27 13:32:46.658,1.7,7.8,0.0,0.3,00:00:00,0.0,1.9,-0.0,244.0
2025-05-27 13:32:47.658,1.7,7.8,0.0,0.3,00:00:00,0.0,1.9,-0.0,244.0
2025-05-27 13:32:48.657,1.7,7.8,0.0,0.3,00:00:00,0.0,1.9,-0.0,244.0
2025-05-27 13:32:49.660,1.7,7.8,0.0,0.3,00:00:00,0.0,1.9,-0.0,244.0
2025-05-27 13:32:50.657,1.7,7.8,0.0,0.3,00:00:00,0.0,1.9,-0.0,244.0
2025-05-27 13:32:51.660,1.7,7.8,0.0,0.3,00:00:00,0.0,1.9,-0.0,244.0
2025-05-27 13:32:52.659,1.7,7.8,0.0,0.3,00:00:00,0.0,1.9,-0.0,244.0
2025-05-27 13:32:53.657,1.7,7.8,0.0,0.3,00:00:00,0.0,1.9,-0.0,244.0
2025-05-27 13:32:54.660,1.7,7.8,0.0,0.3,00:00:00,0.0,1.9,-0.0,244.0
2025-05-27 13:32:55.657,1.7,7.8,0.0,0.3,00:00:00,0.0,1.9,-0.0,244.0
2025-05-27 13:32:56.658,1.7,7.8,0.0,0.3,00:00:00,0.0,1.9,-0.0,244.0
2025-05-27 13:32:57.660,1.7,7.8,0.0,0.3,00:00:00,0.0,1.9,-0.0,244.0
2025-05-27 13:32:58.660,1.7,7.8,0.0,0.3,00:00:00,0.0,1.9,-0.0,244.0
2025-05-27 13:32:59.657,1.7,7.8,0.0,0.3,00:00:00,0.0,1.9,-0.0,244.0
2025-05-27 13:33:00.658,1.7,7.8,0.0,0.3,00:00:00,0.0,1.9,-0.0,244.0
2025-05-27 13:33:01.658,1.7,7.8,0.0,0.3,00:00:00,0.0,1.9,-0.0,244.0
2025-05-27 13:33:02.661,1.7,7.8,0.0,0.3,00:00:00,0.0,1.9,-0.0,244.0
2025-05-27 13:33:03.661,1.7,7.8,0.0,0.3,00:00:00,0.0,1.9,-0.0,244.0
2025-05-27 13:33:04.659,1.7,7.8,0.0,0.3,00:00:00,0.0,1.9,-0.0,244.0
2025-05-27 13:33:05.660,1.7,7.8,0.0,0.3,00:00:00,0.0,1.9,-0.0,244.0
2025-05-27 13:33:06.657,1.7,7.8,0.0,0.3,00:00:00,0.0,1.9,-0.0,244.0
2025-05-27 13:33:07.658,1.7,7.8,0.0,0.3,00:00:00,0.0,1.9,-0.0,244.0
2025-05-27 13:33:08.659,1.7,7.8,0.0,0.3,00:00:00,0.0,1.9,-0.0,244.0
2025-05-27 13:33:09.659,1.7,7.8,0.0,0.3,00:00:00,0.0,1.9,-0.0,244.0
2025-05-27 13:33:10.658,1.7,7.8,0.0,0.3,00:00:00,0.0,1.9,-0.0,244.0
2025-05-27 13:33:11.657,1.7,7.8,0.0,0.3,00:00:00,0.0,1.9,-0.0,244.0
2025-05-27 13:33:12.659,1.7,7.8,0.0,0.3,00:00:00,0.0,1.9,-0.0,244.0
2025-05-27 13:33:13.657,1.7,7.8,0.0,0.3,00:00:00,0.0,1.9,-0.0,244.0
2025-05-27 13:33:14.659,1.7,7.8,0.0,0.3,00:00:00,0.0,1.9,-0.0,244.0
2025-05-27 13:33:15.657,1.7,7.8,0.0,0.3,00:00:00,0.0,1.9,-0.0,244.0
2025-05-27 13:33:16.658,1.7,7.8,0.0,0.3,00:00:00,0.0,1.9,-0.0,244.0
2025-05-27 13:33:17.659,1.7,7.8,0.0,0.3,00:00:00,0.0,1.9,-0.0,244.0
2025-05-27 13:33:18.656,1.7,7.8,0.0,0.3,00:00:00,0.0,1.9,-0.0,244.0
2025-05-27 13:33:19.656,1.7,7.8,0.0,0.3,00:00:00,0.0,1.9,-0.0,244.0
2025-05-27 13:33:20.658,1.7,7.8,0.0,0.3,00:00:00,0.0,1.9,-0.0,244.0
2025-05-27 13:33:21.658,1.7,7.8,0.0,0.3,00:00:00,0.0,1.9,-0.0,244.0
2025-05-27 13:33:22.657,1.7,7.8,0.0,0.3,00:00:00,0.0,1.9,-0.0,244.0
2025-05-27 13:33:23.657,1.7,7.8,0.0,0.3,00:00:00,0.0,1.9,-0.0,244.0
2025-05-27 13:33:24.658,1.7,7.8,0.0,0.3,00:00:00,0.0,1.9,-0.0,244.0
2025-05-27 13:33:25.659,1.7,7.8,0.0,0.3,00:00:00,0.0,1.9,-0.0,244.0
2025-05-27 13:33:26.658,1.7,7.8,0.0,0.3,00:00:00,0.0,1.9,-0.0,244.0
2025-05-27 13:33:27.658,1.7,7.8,0.0,0.3,00:00:00,0.0,1.9,-0.0,244.0
2025-05-27 13:33:28.657,1.7,7.8,0.0,0.3,00:00:00,0.0,1.9,-0.0,244.0
2025-05-27 13:33:29.657,1.7,7.8,0.0,0.3,00:00:00,0.0,1.9,-0.0,244.0
2025-05-27 13:33:30.658,1.7,7.8,0.0,0.3,00:00:00,0.0,1.9,-0.0,244.0
2025-05-27 13:33:31.657,1.7,7.8,0.0,0.3,00:00:00,0.0,1.9,-0.0,244.0
2025-05-27 13:33:32.658,1.7,7.8,0.0,0.3,00:00:00,0.0,1.9,-0.0,244.0
2025-05-27 13:33:33.659,1.7,7.8,0.0,0.3,00:00:00,0.0,1.9,-0.0,244.0
2025-05-27 13:33:34.659,1.7,7.8,0.0,0.3,00:00:00,0.0,1.9,-0.0,244.0
2025-05-27 13:33:35.658,1.7,7.8,0.0,0.3,00:00:00,0.0,1.9,-0.0,244.0
2025-05-27 13:33:36.659,1.7,7.8,0.0,0.3,00:00:00,0.0,1.9,-0.0,244.0
2025-05-27 13:33:37.660,1.7,7.8,0.0,0.3,00:00:00,0.0,1.9,-0.0,244.0
2025-05-27 13:33:38.657,1.7,7.8,0.0,0.3,00:00:00,0.0,1.9,-0.0,244.0
2025-05-27 13:33:39.659,1.7,7.8,0.0,0.3,00:00:00,0.0,1.9,-0.0,244.0
2025-05-27 13:33:40.657,1.7,7.8,0.0,0.3,00:00:00,0.0,1.9,-0.0,244.0
2025-05-27 13:33:41.658,1.7,7.8,0.0,0.3,00:00:00,0.0,1.9,-0.0,244.0
2025-05-27 13:33:42.657,1.7,7.8,0.0,0.3,00:00:00,0.0,1.9,-0.0,244.0
2025-05-27 13:33:43.659,1.7,7.8,0.0,0.3,00:00:00,0.0,1.9,-0.0,244.0
2025-05-27 13:33:44.657,1.7,7.8,0.0,0.3,00:00:00,0.0,1.9,-0.0,244.0
2025-05-27 13:33:45.658,1.7,7.8,0.0,0.3,00:00:00,0.0,1.9,-0.0,244.0
2025-05-27 13:33:46.657,1.7,7.8,0.0,0.3,00:00:00,0.0,1.9,-0.0,244.0
2025-05-27 13:33:47.659,1.7,7.8,0.0,0.3,00:00:00,0.0,1.9,-0.0,244.0
2025-05-27 13:33:48.661,1.7,7.8,0.0,0.3,00:00:00,0.0,1.9,-0.0,244.0
2025-05-27 13:33:49.659,1.7,7.8,0.0,0.3,00:00:00,0.0,1.9,-0.0,244.0
2025-05-27 13:33:50.658,1.7,7.8,0.0,0.3,00:00:00,0.0,1.9,-0.0,244.0
2025-05-27 13:33:51.659,1.7,7.8,0.0,0.3,00:00:00,0.0,1.9,-0.0,244.0
2025-05-27 13:33:52.658,1.7,7.8,0.0,0.3,00:00:00,0.0,1.9,-0.0,244.0
2025-05-27 13:33:53.658,1.7,7.8,0.0,0.3,00:00:00,0.0,1.9,-0.0,244.0
2025-05-27 13:33:54.659,1.7,7.8,0.0,0.3,00:00:00,0.0,1.9,-0.0,244.0
2025-05-27 13:33:55.660,1.7,7.8,0.0,0.3,00:00:00,0.0,1.9,-0.0,244.0
2025-05-27 13:33:56.660,1.7,7.8,0.0,0.3,00:00:00,0.0,1.9,-0.0,244.0
2025-05-27 13:33:57.657,1.7,7.8,0.0,0.3,00:00:00,0.0,1.9,-0.0,244.0
2025-05-27 13:33:58.658,1.7,7.8,0.0,0.3,00:00:00,0.0,1.9,-0.0,244.0
2025-05-27 13:33:59.657,1.7,7.8,0.0,0.3,00:00:00,0.0,1.9,-0.0,244.0
2025-05-27 13:34:00.658,1.7,7.8,0.0,0.3,00:00:00,0.0,1.9,-0.0,244.0
2025-05-27 13:34:01.657,1.7,7.8,0.0,0.3,00:00:00,0.0,1.9,-0.0,244.0
2025-05-27 13:34:02.659,1.7,7.8,0.0,0.3,00:00:00,0.0,1.9,-0.0,244.0
2025-05-27 13:34:03.660,1.7,7.8,0.0,0.3,00:00:00,0.0,1.9,-0.0,244.0
2025-05-27 13:34:04.657,1.7,7.8,0.0,0.3,00:00:00,0.0,1.9,-0.0,244.0
2025-05-27 13:34:05.659,1.7,7.8,0.0,0.3,00:00:00,0.0,1.9,-0.0,244.0
2025-05-27 13:34:06.658,1.7,7.8,0.0,0.3,00:00:00,0.0,1.9,-0.0,244.0
2025-05-27 13:34:07.659,1.7,7.8,0.0,0.3,00:00:00,0.0,1.9,-0.0,244.0
2025-05-27 13:34:08.660,1.7,7.8,0.0,0.3,00:00:00,0.0,1.9,-0.0,244.0
2025-05-27 13:34:09.657,1.7,7.8,0.0,0.3,00:00:00,0.0,1.9,-0.0,244.0
2025-05-27 13:34:10.657,1.7,7.8,0.0,0.3,00:00:00,0.0,1.9,-0.0,244.0
2025-05-27 13:34:11.656,1.7,7.8,0.0,0.3,00:00:00,0.0,1.9,-0.0,244.0
2025-05-27 13:34:12.657,1.7,7.8,0.0,0.3,00:00:00,0.0,1.9,-0.0,244.0
2025-05-27 13:34:13.659,1.7,7.8,0.0,0.3,00:00:00,0.0,1.9,-0.0,244.0
2025-05-27 13:34:14.659,1.7,7.8,0.0,0.3,00:00:00,0.0,1.9,-0.0,244.0
2025-05-27 13:34:15.657,1.7,7.8,0.0,0.3,00:00:00,0.0,1.9,-0.0,244.0
2025-05-27 13:34:16.660,1.7,7.8,0.0,0.3,00:00:00,0.0,1.9,-0.0,244.0
2025-05-27 13:34:17.658,1.7,7.8,0.0,0.3,00:00:00,0.0,1.9,-0.0,244.0
2025-05-27 13:34:18.658,1.7,7.8,0.0,0.3,00:00:00,0.0,1.9,-0.0,244.0
2025-05-27 13:34:19.658,1.7,7.8,0.0,0.3,00:00:00,0.0,1.9,-0.0,244.0
2025-05-27 13:34:20.659,1.7,7.8,0.0,0.3,00:00:00,0.0,1.9,-0.0,244.0
2025-05-27 13:34:21.659,1.7,7.8,0.0,0.3,00:00:00,0.0,1.9,-0.0,244.0
2025-05-27 13:34:22.659,1.7,7.8,0.0,0.3,00:00:00,0.0,1.9,-0.0,244.0
2025-05-27 13:34:23.658,1.7,7.8,0.0,0.3,00:00:00,0.0,1.9,-0.0,244.0
2025-05-27 13:34:24.658,1.7,7.8,0.0,0.3,00:00:00,0.0,1.9,-0.0,244.0
2025-05-27 13:34:25.659,1.7,7.8,0.0,0.3,00:00:00,0.0,1.9,-0.0,244.0
2025-05-27 13:34:26.657,1.7,7.8,0.0,0.3,00:00:00,0.0,1.9,-0.0,244.0
2025-05-27 13:34:27.657,1.7,7.8,0.0,0.3,00:00:00,0.0,1.9,-0.0,244.0
2025-05-27 13:34:28.658,1.7,7.8,0.0,0.3,00:00:00,0.0,1.9,-0.0,244.0
2025-05-27 13:34:29.661,1.7,7.8,0.0,0.3,00:00:00,0.0,1.9,-0.0,244.0
2025-05-27 13:34:30.656,1.7,7.8,0.0,0.3,00:00:00,0.0,1.9,-0.0,244.0
2025-05-27 13:34:31.657,1.7,7.8,0.0,0.3,00:00:00,0.0,1.9,-0.0,244.0
2025-05-27 13:34:32.660,1.7,7.8,0.0,0.3,00:00:00,0.0,1.9,-0.0,244.0
2025-05-27 13:34:33.659,1.7,7.8,0.0,0.3,00:00:00,0.0,1.9,-0.0,244.0
2025-05-27 13:34:34.658,1.7,7.8,0.0,0.3,00:00:00,0.0,1.9,-0.0,244.0
2025-05-27 13:34:35.659,1.7,7.8,0.0,0.3,00:00:00,0.0,1.9,-0.0,244.0
2025-05-27 13:34:36.658,1.7,7.8,0.0,0.3,00:00:00,0.0,1.9,-0.0,244.0
2025-05-27 13:34:37.659,1.7,7.8,0.0,0.3,00:00:00,0.0,1.9,-0.0,244.0
2025-05-27 13:34:38.658,1.7,7.8,0.0,0.3,00:00:00,0.0,1.9,-0.0,244.0
2025-05-27 13:34:39.660,1.7,7.8,0.0,0.3,00:00:00,0.0,1.9,-0.0,244.0
2025-05-27 13:34:40.657,1.7,7.8,0.0,0.3,00:00:00,0.0,1.9,-0.0,244.0
2025-05-27 13:34:41.660,1.7,7.8,0.0,0.3,00:00:00,0.0,1.9,-0.0,244.0
2025-05-27 13:34:42.658,1.7,7.8,0.0,0.3,00:00:00,0.0,1.9,-0.0,244.0
2025-05-27 13:34:43.657,1.7,7.8,0.0,0.3,00:00:00,0.0,1.9,-0.0,244.0
2025-05-27 13:34:44.660,1.7,7.8,0.0,0.3,00:00:00,0.0,1.9,-0.0,244.0
2025-05-27 13:34:45.658,1.7,7.8,0.0,0.3,00:00:00,0.0,1.9,-0.0,244.0
2025-05-27 13:34:46.659,1.7,7.8,0.0,0.3,00:00:00,0.0,1.9,-0.0,244.0
2025-05-27 13:34:47.658,1.7,7.8,0.0,0.3,00:00:00,0.0,1.9,-0.0,244.0
2025-05-27 13:34:48.656,1.7,7.8,0.0,0.3,00:00:00,0.0,1.9,-0.0,244.0
2025-05-27 13:34:49.659,1.7,7.8,0.0,0.3,00:00:00,0.0,1.9,-0.0,244.0
2025-05-27 13:34:50.659,1.7,7.8,0.0,0.3,00:00:00,0.0,1.9,-0.0,244.0
2025-05-27 13:34:51.659,1.7,7.8,0.0,0.3,00:00:00,0.0,1.9,-0.0,244.0
2025-05-27 13:34:52.658,1.7,7.8,0.0,0.3,00:00:00,0.0,1.9,-0.0,244.0
2025-05-27 13:34:53.657,1.7,7.8,0.0,0.3,00:00:00,0.0,1.9,-0.0,244.0
2025-05-27 13:34:54.658,1.7,7.8,0.0,0.3,00:00:00,0.0,1.9,-0.0,244.0
2025-05-27 13:34:55.657,1.7,7.8,0.0,0.3,00:00:00,0.0,1.9,-0.0,244.0
2025-05-27 13:34:56.658,1.7,7.8,0.0,0.3,00:00:00,0.0,1.9,-0.0,244.0
2025-05-27 13:34:57.657,1.7,7.8,0.0,0.3,00:00:00,0.0,1.9,-0.0,244.0
2025-05-27 13:34:58.656,1.7,7.8,0.0,0.3,00:00:00,0.0,1.9,-0.0,244.0
2025-05-27 13:34:59.659,1.7,7.8,0.0,0.3,00:00:00,0.0,1.9,-0.0,244.0
2025-05-27 13:35:00.659,1.7,7.8,0.0,0.3,00:00:00,0.0,1.9,-0.0,244.0
2025-05-27 13:35:01.657,1.7,7.8,0.0,0.3,00:00:00,0.0,1.9,-0.0,244.0
2025-05-27 13:35:02.657,1.7,7.8,0.0,0.3,00:00:00,0.0,1.9,-0.0,244.0
2025-05-27 13:35:03.657,1.7,7.8,0.0,0.3,00:00:00,0.0,1.9,-0.0,244.0
2025-05-27 13:35:04.657,1.7,7.8,0.0,0.3,00:00:00,0.0,1.9,-0.0,244.0
2025-05-27 13:35:05.657,1.7,7.8,0.0,0.3,00:00:00,0.0,1.9,-0.0,244.0
2025-05-27 13:35:06.657,1.7,7.8,0.0,0.3,00:00:00,0.0,1.9,-0.0,244.0
2025-05-27 13:35:07.660,1.7,7.8,0.0,0.3,00:00:00,0.0,1.9,-0.0,244.0
2025-05-27 13:35:08.657,1.7,7.8,0.0,0.3,00:00:00,0.0,1.9,-0.0,244.0
2025-05-27 13:35:09.657,1.7,7.8,0.0,0.3,00:00:00,0.0,1.9,-0.0,244.0
2025-05-27 13:35:10.659,1.7,7.8,0.0,0.3,00:00:00,0.0,1.9,-0.0,244.0
2025-05-27 13:35:11.659,1.7,7.8,0.0,0.3,00:00:00,0.0,1.9,-0.0,244.0
2025-05-27 13:35:12.658,1.7,7.8,0.0,0.3,00:00:00,0.0,1.9,-0.0,244.0
2025-05-27 13:35:13.661,1.7,7.8,0.0,0.3,00:00:00,0.0,1.9,-0.0,244.0
2025-05-27 13:35:14.658,1.7,7.8,0.0,0.3,00:00:00,0.0,1.9,-0.0,244.0
2025-05-27 13:35:15.658,1.7,7.8,0.0,0.3,00:00:00,0.0,1.9,-0.0,244.0
2025-05-27 13:35:16.658,1.7,7.8,0.0,0.3,00:00:00,0.0,1.9,-0.0,244.0
2025-05-27 13:35:17.657,1.7,7.8,0.0,0.3,00:00:00,0.0,1.9,-0.0,244.0
2025-05-27 13:35:18.659,1.7,7.8,0.0,0.3,00:00:00,0.0,1.9,-0.0,244.0
2025-05-27 13:35:19.659,1.7,7.8,0.0,0.3,00:00:00,0.0,1.9,-0.0,244.0
2025-05-27 13:35:20.659,1.7,7.8,0.0,0.3,00:00:00,0.0,1.9,-0.0,244.0
2025-05-27 13:35:21.657,1.7,7.8,0.0,0.3,00:00:00,0.0,1.9,-0.0,244.0
2025-05-27 13:35:22.657,1.7,7.8,0.0,0.3,00:00:00,0.0,1.9,-0.0,244.0
2025-05-27 13:35:23.657,1.7,7.8,0.0,0.3,00:00:00,0.0,1.9,-0.0,244.0
2025-05-27 13:35:24.658,1.7,7.8,0.0,0.3,00:00:00,0.0,1.9,-0.0,244.0
2025-05-27 13:35:25.660,1.7,7.8,0.0,0.3,00:00:00,0.0,1.9,-0.0,244.0
2025-05-27 13:35:26.659,1.7,7.8,0.0,0.3,00:00:00,0.0,1.9,-0.0,244.0
2025-05-27 13:35:27.658,1.7,7.8,0.0,0.3,00:00:00,0.0,1.9,-0.0,244.0
2025-05-27 13:35:28.659,1.7,7.8,0.0,0.3,00:00:00,0.0,1.9,-0.0,244.0
2025-05-27 13:35:29.659,1.7,7.8,0.0,0.3,00:00:00,0.0,1.9,-0.0,244.0
2025-05-27 13:35:30.658,1.7,7.8,0.0,0.3,00:00:00,0.0,1.9,-0.0,244.0
2025-05-27 13:35:31.656,1.7,7.8,0.0,0.3,00:00:00,0.0,1.9,-0.0,244.0
2025-05-27 13:35:32.658,1.7,7.8,0.0,0.3,00:00:00,0.0,1.9,-0.0,244.0
2025-05-27 13:35:33.658,1.7,7.8,0.0,0.3,00:00:00,0.0,1.9,-0.0,244.0
2025-05-27 13:35:34.660,1.7,7.8,0.0,0.3,00:00:00,0.0,1.9,-0.0,244.0
2025-05-27 13:35:35.656,1.7,7.8,0.0,0.3,00:00:00,0.0,1.9,-0.0,244.0
2025-05-27 13:35:36.657,1.7,7.8,0.0,0.3,00:00:00,0.0,1.9,-0.0,244.0
2025-05-27 13:35:37.658,1.7,7.8,0.0,0.3,00:00:00,0.0,1.9,-0.0,244.0
2025-05-27 13:35:38.658,1.7,7.8,0.0,0.3,00:00:00,0.0,1.9,-0.0,244.0
2025-05-27 13:35:39.657,1.7,7.8,0.0,0.3,00:00:00,0.0,1.9,-0.0,244.0
2025-05-27 13:35:40.656,1.7,7.8,0.0,0.3,00:00:00,0.0,1.9,-0.0,244.0
2025-05-27 13:35:41.657,1.7,7.8,0.0,0.3,00:00:00,0.0,1.9,-0.0,244.0
2025-05-27 13:35:42.658,1.7,7.8,0.0,0.3,00:00:00,0.0,1.9,-0.0,244.0
2025-05-27 13:35:43.656,1.7,7.8,0.0,0.3,00:00:00,0.0,1.9,-0.0,244.0
2025-05-27 13:35:44.656,1.7,7.8,0.0,0.3,00:00:00,0.0,1.9,-0.0,244.0
2025-05-27 13:35:45.657,1.7,7.8,0.0,0.3,00:00:00,0.0,1.9,-0.0,244.0
2025-05-27 13:35:46.658,1.7,7.8,0.0,0.3,00:00:00,0.0,1.9,-0.0,244.0
2025-05-27 13:35:47.656,1.7,7.8,0.0,0.3,00:00:00,0.0,1.9,-0.0,244.0
2025-05-27 13:35:48.658,1.7,7.8,0.0,0.3,00:00:00,0.0,1.9,-0.0,244.0
2025-05-27 13:35:49.657,1.7,7.8,0.0,0.3,00:00:00,0.0,1.9,-0.0,244.0
2025-05-27 13:35:50.658,1.7,7.8,0.0,0.3,00:00:00,0.0,1.9,-0.0,244.0
2025-05-27 13:35:51.658,1.7,7.8,0.0,0.3,00:00:00,0.0,1.9,-0.0,244.0
2025-05-27 13:35:52.658,1.7,7.8,0.0,0.3,00:00:00,0.0,1.9,-0.0,244.0
2025-05-27 13:35:53.658,1.7,7.8,0.0,0.3,00:00:00,0.0,1.9,-0.0,244.0
2025-05-27 13:35:54.659,1.7,7.8,0.0,0.3,00:00:00,0.0,1.9,-0.0,244.0
2025-05-27 13:35:55.661,1.7,7.8,0.0,0.3,00:00:00,0.0,1.9,-0.0,244.0
2025-05-27 13:35:56.661,1.7,7.8,0.0,0.3,00:00:00,0.0,1.9,-0.0,244.0
2025-05-27 13:35:57.660,1.7,7.8,0.0,0.3,00:00:00,0.0,1.9,-0.0,244.0
2025-05-27 13:35:58.658,1.7,7.8,0.0,0.3,00:00:00,0.0,1.9,-0.0,244.0
2025-05-27 13:35:59.659,1.7,7.8,0.0,0.3,00:00:00,0.0,1.9,-0.0,244.0
2025-05-27 13:36:00.658,1.7,7.8,0.0,0.3,00:00:00,0.0,1.9,-0.0,244.0
2025-05-27 13:36:01.657,1.7,7.8,0.0,0.3,00:00:00,0.0,1.9,-0.0,244.0
2025-05-27 13:36:02.657,1.7,7.8,0.0,0.3,00:00:00,0.0,1.9,-0.0,244.0
2025-05-27 13:36:03.658,1.7,7.8,0.0,0.3,00:00:00,0.0,1.9,-0.0,244.0
2025-05-27 13:36:04.661,1.7,7.8,0.0,0.3,00:00:00,0.0,1.9,-0.0,244.0
2025-05-27 13:36:05.660,1.7,7.8,0.0,0.3,00:00:00,0.0,1.9,-0.0,244.0
2025-05-27 13:36:06.657,1.7,7.8,0.0,0.3,00:00:00,0.0,1.9,-0.0,244.0
2025-05-27 13:36:07.658,1.7,7.8,0.0,0.3,00:00:00,0.0,1.9,-0.0,244.0
2025-05-27 13:36:08.659,1.7,7.8,0.0,0.3,00:00:00,0.0,1.9,-0.0,244.0
2025-05-27 13:36:09.659,1.7,7.8,0.0,0.3,00:00:00,0.0,1.9,-0.0,244.0
2025-05-27 13:36:10.656,1.7,7.8,0.0,0.3,00:00:00,0.0,1.9,-0.0,244.0
2025-05-27 13:36:11.658,1.7,7.8,0.0,0.3,00:00:00,0.0,1.9,-0.0,244.0
2025-05-27 13:36:12.658,1.7,7.8,0.0,0.3,00:00:00,0.0,1.9,-0.0,244.0
2025-05-27 13:36:13.657,1.7,7.8,0.0,0.3,00:00:00,0.0,1.9,-0.0,244.0
2025-05-27 13:36:14.656,1.7,7.8,0.0,0.3,00:00:00,0.0,1.9,-0.0,244.0
2025-05-27 13:36:15.657,1.7,7.8,0.0,0.3,00:00:00,0.0,1.9,-0.0,244.0
2025-05-27 13:36:16.659,1.7,7.8,0.0,0.3,00:00:00,0.0,1.9,-0.0,244.0
2025-05-27 13:36:17.658,1.7,7.8,0.0,0.3,00:00:00,0.0,1.9,-0.0,244.0
2025-05-27 13:36:18.656,1.7,7.8,0.0,0.3,00:00:00,0.0,1.9,-0.0,244.0
2025-05-27 13:36:19.659,1.7,7.8,0.0,0.3,00:00:00,0.0,1.9,-0.0,244.0
2025-05-27 13:36:20.658,1.7,7.8,0.0,0.3,00:00:00,0.0,1.9,-0.0,244.0
2025-05-27 13:36:21.656,1.7,7.8,0.0,0.3,00:00:00,0.0,1.9,-0.0,244.0
2025-05-27 13:36:22.661,1.7,7.8,0.0,0.3,00:00:00,0.0,1.9,-0.0,244.0
2025-05-27 13:36:23.658,1.7,7.8,0.0,0.3,00:00:00,0.0,1.9,-0.0,244.0
2025-05-27 13:36:24.658,1.7,7.8,0.0,0.3,00:00:00,0.0,1.9,-0.0,244.0
2025-05-27 13:36:25.657,1.7,7.8,0.0,0.3,00:00:00,0.0,1.9,-0.0,244.0
2025-05-27 13:36:26.658,1.7,7.8,0.0,0.3,00:00:00,0.0,1.9,-0.0,244.0
2025-05-27 13:36:27.662,1.7,7.8,0.0,0.3,00:00:00,0.0,1.9,-0.0,244.0
2025-05-27 13:36:28.661,1.7,7.8,0.0,0.3,00:00:00,0.0,1.9,-0.0,244.0
2025-05-27 13:36:29.658,1.7,7.8,0.0,0.3,00:00:00,0.0,1.9,-0.0,244.0
2025-05-27 13:36:30.657,1.7,7.8,0.0,0.3,00:00:00,0.0,1.9,-0.0,244.0
2025-05-27 13:36:31.660,1.7,7.8,0.0,0.3,00:00:00,0.0,1.9,-0.0,244.0
2025-05-27 13:36:32.661,1.7,7.8,0.0,0.3,00:00:00,0.0,1.9,-0.0,244.0
2025-05-27 13:36:33.657,1.7,7.8,0.0,0.3,00:00:00,0.0,1.9,-0.0,244.0
2025-05-27 13:36:34.658,1.7,7.8,0.0,0.3,00:00:00,0.0,1.9,-0.0,244.0
2025-05-27 13:36:35.659,1.7,7.8,0.0,0.3,00:00:00,0.0,1.9,-0.0,244.0
2025-05-27 13:36:36.658,1.7,7.8,0.0,0.3,00:00:00,0.0,1.9,-0.0,244.0
2025-05-27 13:36:37.658,1.7,7.8,0.0,0.3,00:00:00,0.0,1.9,-0.0,244.0
2025-05-27 13:36:38.658,1.7,7.8,0.0,0.3,00:00:00,0.0,1.9,-0.0,244.0
2025-05-27 13:36:39.658,1.7,7.8,0.0,0.3,00:00:00,0.0,1.9,-0.0,244.0
2025-05-27 13:36:40.657,1.7,7.8,0.0,0.3,00:00:00,0.0,1.9,-0.0,244.0
2025-05-27 13:36:41.658,1.7,7.8,0.0,0.3,00:00:00,0.0,1.9,-0.0,244.0
2025-05-27 13:36:42.659,1.7,7.8,0.0,0.3,00:00:00,0.0,1.9,-0.0,244.0
2025-05-27 13:36:43.657,1.7,7.8,0.0,0.3,00:00:00,0.0,1.9,-0.0,244.0
2025-05-27 13:36:44.659,1.7,7.8,0.0,0.3,00:00:00,0.0,1.9,-0.0,244.0
2025-05-27 13:36:45.659,1.7,7.8,0.0,0.3,00:00:00,0.0,1.9,-0.0,244.0
2025-05-27 13:36:46.657,1.7,7.8,0.0,0.3,00:00:00,0.0,1.9,-0.0,244.0
2025-05-27 13:36:47.659,1.7,7.8,0.0,0.3,00:00:00,0.0,1.9,-0.0,244.0
2025-05-27 13:36:48.661,1.7,7.8,0.0,0.3,00:00:00,0.0,1.9,-0.0,244.0
2025-05-27 13:36:49.658,1.7,7.8,0.0,0.3,00:00:00,0.0,1.9,-0.0,244.0
2025-05-27 13:36:50.658,1.7,7.8,0.0,0.3,00:00:00,0.0,1.9,-0.0,244.0
2025-05-27 13:36:51.657,1.7,7.8,0.0,0.3,00:00:00,0.0,1.9,-0.0,244.0
2025-05-27 13:36:52.660,1.7,7.8,0.0,0.3,00:00:00,0.0,1.9,-0.0,244.0
2025-05-27 13:36:53.656,1.7,7.8,0.0,0.3,00:00:00,0.0,1.9,-0.0,244.0
2025-05-27 13:36:54.659,1.7,7.8,0.0,0.3,00:00:00,0.0,1.9,-0.0,244.0
2025-05-27 13:36:55.657,1.7,7.8,0.0,0.3,00:00:00,0.0,1.9,-0.0,244.0
2025-05-27 13:36:56.659,1.7,7.8,0.0,0.3,00:00:00,0.0,1.9,-0.0,244.0
2025-05-27 13:36:57.657,1.7,7.8,0.0,0.3,00:00:00,0.0,1.9,-0.0,244.0
2025-05-27 13:36:58.658,1.7,7.8,0.0,0.3,00:00:00,0.0,1.9,-0.0,244.0
2025-05-27 13:36:59.658,1.7,7.8,0.0,0.3,00:00:00,0.0,1.9,-0.0,244.0
2025-05-27 13:37:00.658,1.7,7.8,0.0,0.3,00:00:00,0.0,1.9,-0.0,244.0
2025-05-27 13:37:01.658,1.7,7.8,0.0,0.3,00:00:00,0.0,1.9,-0.0,244.0
2025-05-27 13:37:02.659,1.7,7.8,0.0,0.3,00:00:00,0.0,1.9,-0.0,244.0
2025-05-27 13:37:03.657,1.7,7.8,0.0,0.3,00:00:00,0.0,1.9,-0.0,244.0
2025-05-27 13:37:04.659,1.7,7.8,0.0,0.3,00:00:00,0.0,1.9,-0.0,244.0
2025-05-27 13:37:05.657,1.7,7.8,0.0,0.3,00:00:00,0.0,1.9,-0.0,244.0
2025-05-27 13:37:06.657,1.7,7.8,0.0,0.3,00:00:00,0.0,1.9,-0.0,244.0
2025-05-27 13:37:07.658,1.7,7.8,0.0,0.3,00:00:00,0.0,1.9,-0.0,244.0
2025-05-27 13:37:08.660,1.7,7.8,0.0,0.3,00:00:00,0.0,1.9,-0.0,244.0
2025-05-27 13:37:09.658,1.7,7.8,0.0,0.3,00:00:00,0.0,1.9,-0.0,244.0
2025-05-27 13:37:10.657,1.7,7.8,0.0,0.3,00:00:00,0.0,1.9,-0.0,244.0
2025-05-27 13:37:11.657,1.7,7.8,0.0,0.3,00:00:00,0.0,1.9,-0.0,244.0
2025-05-27 13:37:12.657,1.7,7.8,0.0,0.3,00:00:00,0.0,1.9,-0.0,244.0
2025-05-27 13:37:13.658,1.7,7.8,0.0,0.3,00:00:00,0.0,1.9,-0.0,244.0
2025-05-27 13:37:14.658,1.7,7.8,0.0,0.3,00:00:00,0.0,1.9,-0.0,244.0
2025-05-27 13:37:15.658,1.7,7.8,0.0,0.3,00:00:00,0.0,1.9,-0.0,244.0
2025-05-27 13:37:16.659,1.7,7.8,0.0,0.3,00:00:00,0.0,1.9,-0.0,244.0
2025-05-27 13:37:17.659,1.7,7.8,0.0,0.3,00:00:00,0.0,1.9,-0.0,244.0
2025-05-27 13:37:18.657,1.7,7.8,0.0,0.3,00:00:00,0.0,1.9,-0.0,244.0
2025-05-27 13:37:19.659,1.7,7.8,0.0,0.3,00:00:00,0.0,1.9,-0.0,244.0
2025-05-27 13:37:20.658,1.7,7.8,0.0,0.3,00:00:00,0.0,1.9,-0.0,244.0
2025-05-27 13:37:21.659,1.7,7.8,0.0,0.3,00:00:00,0.0,1.9,-0.0,244.0
2025-05-27 13:37:22.658,1.7,7.8,0.0,0.3,00:00:00,0.0,1.9,-0.0,244.0
2025-05-27 13:37:23.659,1.7,7.8,0.0,0.3,00:00:00,0.0,1.9,-0.0,244.0
2025-05-27 13:37:24.659,1.7,7.8,0.0,0.3,00:00:00,0.0,1.9,-0.0,244.0
2025-05-27 13:37:25.657,1.7,7.8,0.0,0.3,00:00:00,0.0,1.9,-0.0,244.0
2025-05-27 13:37:26.658,1.7,7.8,0.0,0.3,00:00:00,0.0,1.9,-0.0,244.0
2025-05-27 13:37:27.659,1.7,7.8,0.0,0.3,00:00:00,0.0,1.9,-0.0,244.0
2025-05-27 13:37:28.658,1.7,7.8,0.0,0.3,00:00:00,0.0,1.9,-0.0,244.0
2025-05-27 13:37:29.659,1.7,7.8,0.0,0.3,00:00:00,0.0,1.9,-0.0,244.0
2025-05-27 13:37:30.660,1.7,7.8,0.0,0.3,00:00:00,0.0,1.9,-0.0,244.0
2025-05-27 13:37:31.659,1.7,7.8,0.0,0.3,00:00:00,0.0,1.9,-0.0,244.0
2025-05-27 13:37:32.659,1.7,7.8,0.0,0.3,00:00:00,0.0,1.9,-0.0,244.0
2025-05-27 13:37:33.658,1.7,7.8,0.0,0.3,00:00:00,0.0,1.9,-0.0,244.0
2025-05-27 13:37:34.657,1.7,7.8,0.0,0.3,00:00:00,0.0,1.9,-0.0,244.0
2025-05-27 13:37:35.658,1.7,7.8,0.0,0.3,00:00:00,0.0,1.9,-0.0,244.0
2025-05-27 13:37:36.659,1.7,7.8,0.0,0.3,00:00:00,0.0,1.9,-0.0,244.0
2025-05-27 13:37:37.658,1.7,7.8,0.0,0.3,00:00:00,0.0,1.9,-0.0,244.0
2025-05-27 13:37:38.659,1.7,7.8,0.0,0.3,00:00:00,0.0,1.9,-0.0,244.0
2025-05-27 13:37:39.659,1.7,7.8,0.0,0.3,00:00:00,0.0,1.9,-0.0,244.0
2025-05-27 13:37:40.658,1.7,7.8,0.0,0.3,00:00:00,0.0,1.9,-0.0,244.0
2025-05-27 13:37:41.660,1.7,7.8,0.0,0.3,00:00:00,0.0,1.9,-0.0,244.0
2025-05-27 13:37:42.657,1.7,7.8,0.0,0.3,00:00:00,0.0,1.9,-0.0,244.0
2025-05-27 13:37:43.660,1.7,7.8,0.0,0.3,00:00:00,0.0,1.9,-0.0,244.0
2025-05-27 13:37:44.659,1.7,7.8,0.0,0.3,00:00:00,0.0,1.9,-0.0,244.0
2025-05-27 13:37:45.656,1.7,7.8,0.0,0.3,00:00:00,0.0,1.9,-0.0,244.0
2025-05-27 13:37:46.659,1.7,7.8,0.0,0.3,00:00:00,0.0,1.9,-0.0,244.0
2025-05-27 13:37:47.659,1.7,7.8,0.0,0.3,00:00:00,0.0,1.9,-0.0,244.0
2025-05-27 13:37:48.659,1.7,7.8,0.0,0.3,00:00:00,0.0,1.9,-0.0,244.0
2025-05-27 13:37:49.659,1.7,7.8,0.0,0.3,00:00:00,0.0,1.9,-0.0,244.0
2025-05-27 13:37:50.658,1.7,7.8,0.0,0.3,00:00:00,0.0,1.9,-0.0,244.0
2025-05-27 13:37:51.658,1.7,7.8,0.0,0.3,00:00:00,0.0,1.9,-0.0,244.0
2025-05-27 13:37:52.656,1.7,7.8,0.0,0.3,00:00:00,0.0,1.9,-0.0,244.0
2025-05-27 13:37:53.658,1.7,7.8,0.0,0.3,00:00:00,0.0,1.9,-0.0,244.0
2025-05-27 13:37:54.656,1.7,7.8,0.0,0.3,00:00:00,0.0,1.9,-0.0,244.0
2025-05-27 13:37:55.656,1.7,7.8,0.0,0.3,00:00:00,0.0,1.9,-0.0,244.0
2025-05-27 13:37:56.658,1.7,7.8,0.0,0.3,00:00:00,0.0,1.9,-0.0,244.0
2025-05-27 13:37:57.660,1.7,7.8,0.0,0.3,00:00:00,0.0,1.9,-0.0,244.0
2025-05-27 13:37:58.656,1.7,7.8,0.0,0.3,00:00:00,0.0,1.9,-0.0,244.0
2025-05-27 13:37:59.659,1.7,7.8,0.0,0.3,00:00:00,0.0,1.9,-0.0,244.0
2025-05-27 13:38:00.657,1.7,7.8,0.0,0.3,00:00:00,0.0,1.9,-0.0,244.0
2025-05-27 13:38:01.660,1.7,7.8,0.0,0.3,00:00:00,0.0,1.9,-0.0,244.0
2025-05-27 13:38:02.659,1.7,7.8,0.0,0.3,00:00:00,0.0,1.9,-0.0,244.0
2025-05-27 13:38:03.657,1.7,7.8,0.0,0.3,00:00:00,0.0,1.9,-0.0,244.0
2025-05-27 13:38:04.657,1.7,7.8,0.0,0.3,00:00:00,0.0,1.9,-0.0,244.0
2025-05-27 13:38:05.657,1.7,7.8,0.0,0.3,00:00:00,0.0,1.9,-0.0,244.0
2025-05-27 13:38:06.657,1.7,7.8,0.0,0.3,00:00:00,0.0,1.9,-0.0,244.0
2025-05-27 13:38:07.659,1.7,7.8,0.0,0.3,00:00:00,0.0,1.9,-0.0,244.0
2025-05-27 13:38:08.657,1.7,7.8,0.0,0.3,00:00:00,0.0,1.9,-0.0,244.0
2025-05-27 13:38:09.660,1.7,7.8,0.0,0.3,00:00:00,0.0,1.9,-0.0,244.0
2025-05-27 13:38:10.659,1.7,7.8,0.0,0.3,00:00:00,0.0,1.9,-0.0,244.0
2025-05-27 13:38:11.660,1.7,7.8,0.0,0.3,00:00:00,0.0,1.9,-0.0,244.0
2025-05-27 13:38:12.661,1.7,7.8,0.0,0.3,00:00:00,0.0,1.9,-0.0,244.0
2025-05-27 13:38:13.659,1.7,7.8,0.0,0.3,00:00:00,0.0,1.9,-0.0,244.0
2025-05-27 13:38:14.657,1.7,7.8,0.0,0.3,00:00:00,0.0,1.9,-0.0,244.0
2025-05-27 13:38:15.656,1.7,7.8,0.0,0.3,00:00:00,0.0,1.9,-0.0,244.0
2025-05-27 13:38:16.657,1.7,7.8,0.0,0.3,00:00:00,0.0,1.9,-0.0,244.0
2025-05-27 13:38:17.658,1.7,7.8,0.0,0.3,00:00:00,0.0,1.9,-0.0,244.0
2025-05-27 13:38:18.657,1.7,7.8,0.0,0.3,00:00:00,0.0,1.9,-0.0,244.0
2025-05-27 13:38:19.657,1.7,7.8,0.0,0.3,00:00:00,0.0,1.9,-0.0,244.0
2025-05-27 13:38:20.658,1.7,7.8,0.0,0.3,00:00:00,0.0,1.9,-0.0,244.0
2025-05-27 13:38:21.658,1.7,7.8,0.0,0.3,00:00:00,0.0,1.9,-0.0,244.0
2025-05-27 13:38:22.658,1.7,7.8,0.0,0.3,00:00:00,0.0,1.9,-0.0,244.0
2025-05-27 13:38:23.657,1.7,7.8,0.0,0.3,00:00:00,0.0,1.9,-0.0,244.0
2025-05-27 13:38:24.658,1.7,7.8,0.0,0.3,00:00:00,0.0,1.9,-0.0,244.0
2025-05-27 13:38:25.657,1.7,7.8,0.0,0.3,00:00:00,0.0,1.9,-0.0,244.0
2025-05-27 13:38:26.660,1.7,7.8,0.0,0.3,00:00:00,0.0,1.9,-0.0,244.0
2025-05-27 13:38:27.657,1.7,7.8,0.0,0.3,00:00:00,0.0,1.9,-0.0,244.0
2025-05-27 13:38:28.657,1.7,7.8,0.0,0.3,00:00:00,0.0,1.9,-0.0,244.0
2025-05-27 13:38:29.658,1.7,7.8,0.0,0.3,00:00:00,0.0,1.9,-0.0,244.0
2025-05-27 13:38:30.658,1.7,7.8,0.0,0.3,00:00:00,0.0,1.9,-0.0,244.0
2025-05-27 13:38:31.658,1.7,7.8,0.0,0.3,00:00:00,0.0,1.9,-0.0,244.0
2025-05-27 13:38:32.658,1.7,7.8,0.0,0.3,00:00:00,0.0,1.9,-0.0,244.0
2025-05-27 13:38:33.659,1.7,7.8,0.0,0.3,00:00:00,0.0,1.9,-0.0,244.0
2025-05-27 13:38:34.658,1.7,7.8,0.0,0.3,00:00:00,0.0,1.9,-0.0,244.0
2025-05-27 13:38:35.658,1.7,7.8,0.0,0.3,00:00:00,0.0,1.9,-0.0,244.0
2025-05-27 13:38:36.657,1.7,7.8,0.0,0.3,00:00:00,0.0,1.9,-0.0,244.0
